nama_berkas,split,kelompok_sumber,dasar_klasifikasi,ekstensi
-3163ca687f_jpg.rf.ccjchxzodm0rACM8v8Mw.jpg,train,web_katalog,tidak cocok pola CCTV mana pun (citra web/katalog),.jpg
-_200626220003-827-1_jpg.rf.NBiOJ28pPTBTP8b7SUUw.jpg,train,web_katalog,tidak cocok pola CCTV mana pun (citra web/katalog),.jpg
-_57_jpg.rf.Rl9E7Xo7wPDCwMA6Kmyw.jpg,train,web_katalog,tidak cocok pola CCTV mana pun (citra web/katalog),.jpg
-c7cae33d7d_jpg.rf.KMuFwRLy2IX8rntALXw4.jpg,train,web_katalog,tidak cocok pola CCTV mana pun (citra web/katalog),.jpg
-e38a6febcc_jpg.rf.2skMY6FWTJYInGTKmxps.jpg,train,web_katalog,tidak cocok pola CCTV mana pun (citra web/katalog),.jpg
-f6070acc85_jpg.rf.UQYD5ome92lnEchrMnnq.jpg,train,web_katalog,tidak cocok pola CCTV mana pun (citra web/katalog),.jpg
0000147617-e4eb190337827f8bbbcc9317d_jpg.rf.s0aluoQHE3XMNRThAgYp.jpg,train,web_katalog,tidak cocok pola CCTV mana pun (citra web/katalog),.jpg
0000161190-eff4a7d6440628a6ed58e9d9a_jpg.rf.K9KZavCD3OWsUKFlMavf.jpg,train,web_katalog,tidak cocok pola CCTV mana pun (citra web/katalog),.jpg
0046490bus1780x390_jpg.rf.4X2sb1dVqwi3z3js8BTJ.jpg,train,web_katalog,tidak cocok pola CCTV mana pun (citra web/katalog),.jpg
010_LS25_jpg.rf.kbnxvBAmVuTJ5fwJ54Up.jpg,train,web_katalog,tidak cocok pola CCTV mana pun (citra web/katalog),.jpg
013877-1-lg_jpg.rf.hQfy6f5auJqRzGwNcnZ9.jpg,train,web_katalog,tidak cocok pola CCTV mana pun (citra web/katalog),.jpg
018_jpg.rf.0XFeoyZQ48aVSPqgpeqq.jpg,train,web_katalog,tidak cocok pola CCTV mana pun (citra web/katalog),.jpg
031213065446_jpg.rf.KoL0iGXEo17dLpmiBktF.jpg,train,web_katalog,tidak cocok pola CCTV mana pun (citra web/katalog),.jpg
031213082113_jpg.rf.GPbsRn023cYNGve7V7a5.jpg,train,web_katalog,tidak cocok pola CCTV mana pun (citra web/katalog),.jpg
077006000_1466184933-kepala_kuning_jpg.rf.ut2EPnAV6KYmeFdZgdYH.jpg,train,web_katalog,tidak cocok pola CCTV mana pun (citra web/katalog),.jpg
07bus-service2_jpg.rf.iviHNzCUeFZDj7zifxPe.jpg,train,web_katalog,tidak cocok pola CCTV mana pun (citra web/katalog),.jpg
0ed5b30d578ecfa7a65f-1296x954_jpg.rf.eZa3yZ0Bpot5RwD3Z5o9.jpg,train,web_katalog,tidak cocok pola CCTV mana pun (citra web/katalog),.jpg
1048309-1000xauto-bus-klub-indonesia_jpg.rf.rTX8N391lugPT5hgHUrX.jpg,train,web_katalog,tidak cocok pola CCTV mana pun (citra web/katalog),.jpg
10486057103_d8a7fd109b_b_jpg.rf.oLCjUNV5aNU5SZgcO7yH.jpg,train,web_katalog,tidak cocok pola CCTV mana pun (citra web/katalog),.jpg
10_JPG_jpg.rf.ZQUYB4hIvBygOTZCgAXS.jpg,train,web_katalog,tidak cocok pola CCTV mana pun (citra web/katalog),.jpg
1131506fuso1780x390_jpg.rf.N898UbrjOPzEn56mq7w0.jpg,train,web_katalog,tidak cocok pola CCTV mana pun (citra web/katalog),.jpg
11546_Sb4733_14_jpg.rf.hT06HP2mHYo32oRe51R8.jpg,train,web_katalog,tidak cocok pola CCTV mana pun (citra web/katalog),.jpg
12745909_911990905563681_71866727339_jpg.rf.Z5KEZ6gFdgw25kuyrtuW.jpg,train,web_katalog,tidak cocok pola CCTV mana pun (citra web/katalog),.jpg
12988780_MTAwMC03OTUtYTcxNGRiOGUwZQ_jpg.rf.8lz0Os79I8z4nGjMI4kv.jpg,train,web_katalog,tidak cocok pola CCTV mana pun (citra web/katalog),.jpg
1365-_jpg.rf.51misGtBLzUj4L1RdowA.jpg,train,web_katalog,tidak cocok pola CCTV mana pun (citra web/katalog),.jpg
13661875-825756007524474-53594221530_jpg.rf.YICOgtrQYHvuMjUm5UEj.jpg,train,web_katalog,tidak cocok pola CCTV mana pun (citra web/katalog),.jpg
1500x500_jpg.rf.0r00Az34JeLKH3C2vzoP.jpg,train,web_katalog,tidak cocok pola CCTV mana pun (citra web/katalog),.jpg
1553233damri780x390_jpg.rf.rLLAB7tMKodSAmDpCIkY.jpg,train,web_katalog,tidak cocok pola CCTV mana pun (citra web/katalog),.jpg
1559104773084_png_jpg.rf.aFpcCAI8oS558FuPu3MJ.jpg,train,web_katalog,tidak cocok pola CCTV mana pun (citra web/katalog),.jpg
15690333345d858c76c4523_1--2-_jpeg_jpg.rf.l2tvZ6trUIEKQUklvGSb.jpg,train,web_katalog,tidak cocok pola CCTV mana pun (citra web/katalog),.jpg
15832118185e5de52ab6203_1_jpeg_jpg.rf.T0A6AkfOITDe1L8Wn5BZ.jpg,train,web_katalog,tidak cocok pola CCTV mana pun (citra web/katalog),.jpg
15838034105e66ec12e5fcb_1_jpeg_jpg.rf.BSlt567alkRUPxeQZojk.jpg,train,web_katalog,tidak cocok pola CCTV mana pun (citra web/katalog),.jpg
1585052231_bigbus1-jpg_jpg.rf.pMFic0kBiXvPwpAByovH.jpg,train,web_katalog,tidak cocok pola CCTV mana pun (citra web/katalog),.jpg
15865708705e912676c62ec_1_jpeg_jpg.rf.xvV6ax3p5qn5dT0PYG5R.jpg,train,web_katalog,tidak cocok pola CCTV mana pun (citra web/katalog),.jpg
1598286031-20130714_082914-1024x768_jpg.rf.HpX39XFfCmkCvPKAOrJL.jpg,train,web_katalog,tidak cocok pola CCTV mana pun (citra web/katalog),.jpg
1606141526137-damri_jpg.rf.gpCa5CIbpzogYW15YADm.jpg,train,web_katalog,tidak cocok pola CCTV mana pun (citra web/katalog),.jpg
16095712995ff01be38f194_1_jpeg_jpg.rf.3y2DpzHoVO0YY96FdUc2.jpg,train,web_katalog,tidak cocok pola CCTV mana pun (citra web/katalog),.jpg
16100655265ff7a67692bbe_1_jpeg_jpg.rf.jbuCbA2ONRnP3Pj4v7Xp.jpg,train,web_katalog,tidak cocok pola CCTV mana pun (citra web/katalog),.jpg
16106091855ffff2217285d_1--2-_jpeg_jpg.rf.fYYIeGDzvgk414Ivx1tc.jpg,train,web_katalog,tidak cocok pola CCTV mana pun (citra web/katalog),.jpg
16127363856_2a23581a99_b-0_jpg.rf.CXmq6xRFH6rgqnoiTcm7.jpg,train,web_katalog,tidak cocok pola CCTV mana pun (citra web/katalog),.jpg
1613083111_jpg.rf.FYc1RBOB2E6jykBDZkzg.jpg,train,web_katalog,tidak cocok pola CCTV mana pun (citra web/katalog),.jpg
161483562560406fa90b7d6_1_jpeg_jpg.rf.aAtkmmDLtKcoH0V5zq8T.jpg,train,web_katalog,tidak cocok pola CCTV mana pun (citra web/katalog),.jpg
1616649101605c1b8d5bded_1_jpeg_jpg.rf.SKW4WB0ZJZOWxCiY35Pk.jpg,train,web_katalog,tidak cocok pola CCTV mana pun (citra web/katalog),.jpg
168583-12979673_jpg.rf.AUK65Gk1hbsne8rm41nj.jpg,train,web_katalog,tidak cocok pola CCTV mana pun (citra web/katalog),.jpg
171_jpg.rf.R0bhkNqFON0xLBaOIePV.jpg,train,web_katalog,tidak cocok pola CCTV mana pun (citra web/katalog),.jpg
17828_5789ACS01_2_jpg.rf.hIyHP5yUmWhxWu180ccK.jpg,train,web_katalog,tidak cocok pola CCTV mana pun (citra web/katalog),.jpg
17828_5789AHS01_17-1_jpg.rf.2kkA48uFTbarb4DwAy0D.jpg,train,web_katalog,tidak cocok pola CCTV mana pun (citra web/katalog),.jpg
17828_6080AFS01_7-1_jpg.rf.K1xPhAVcmkfLVs9J9HE5.jpg,train,web_katalog,tidak cocok pola CCTV mana pun (citra web/katalog),.jpg
1839353249_jpg.rf.J9KnzlTZ9MoKsyskIzC1.jpg,train,web_katalog,tidak cocok pola CCTV mana pun (citra web/katalog),.jpg
184-07_jpg.rf.htxoGssoBtMcM3xkTmik.jpg,train,web_katalog,tidak cocok pola CCTV mana pun (citra web/katalog),.jpg
19575a5n4f_jpg.rf.8v4JuMitQiOzLrKFntd1.jpg,train,web_katalog,tidak cocok pola CCTV mana pun (citra web/katalog),.jpg
1986-Mitsubishi-FM_34050076-l_jpg.rf.O0dYSjOSS6g1kkgrZqx1.jpg,train,web_katalog,tidak cocok pola CCTV mana pun (citra web/katalog),.jpg
1990-mitsubishi-fuso-fk-flatbed-dump_jpg.rf.KKYYPXfvPjYSuUmCe39E.jpg,train,web_katalog,tidak cocok pola CCTV mana pun (citra web/katalog),.jpg
1992-Mitsubishi-FUSO-Fighter-private_jpg.rf.9bXq0p3ezO2s4JjNoQYO.jpg,train,web_katalog,tidak cocok pola CCTV mana pun (citra web/katalog),.jpg
1992-Mitsubishi-Great-10-Wheeler-Dum_jpg.rf.WdxcVhGKNz3KaecVpFMo.jpg,train,web_katalog,tidak cocok pola CCTV mana pun (citra web/katalog),.jpg
1997-mitsubishi-fuso-fh211-20-ft-box_jpg.rf.Wm81SW7P5tHqXwYm0hDq.jpg,train,web_katalog,tidak cocok pola CCTV mana pun (citra web/katalog),.jpg
1997_mitsubishi_fuso_cab_over_box_tr-1_jpg.rf.vqv9kOhwQp6YIe7km51K.jpg,train,web_katalog,tidak cocok pola CCTV mana pun (citra web/katalog),.jpg
1BCE466D-FE13-4738-8CE1-752980A1622F_jpg.rf.gn4m5u6D7ZFwvuMYDnp7.jpg,train,web_katalog,tidak cocok pola CCTV mana pun (citra web/katalog),.jpg
2000-Mitsubishi-Fuso-68-3886156_1_jpg.rf.4FzKh1VxVEP0LPmX49KU.jpg,train,web_katalog,tidak cocok pola CCTV mana pun (citra web/katalog),.jpg
2000-mitsubishi-fuso-fe639-diesel-bo_jpg.rf.TZR3LLyLsLACQFJyb0yA.jpg,train,web_katalog,tidak cocok pola CCTV mana pun (citra web/katalog),.jpg
2000-mitsubishi-fuso-fm617-box-truck_jpg.rf.3OTDeaA86X2KCXOTT0P6.jpg,train,web_katalog,tidak cocok pola CCTV mana pun (citra web/katalog),.jpg
2001-mitsubishi-fuso-fe649-diesel-11_jpg.rf.srgUPJXpGFv5FEFnEIoY.jpg,train,web_katalog,tidak cocok pola CCTV mana pun (citra web/katalog),.jpg
2003-mitsubishi-fuso-box-truck-26253_jpg.rf.l1ogXMrGVTRvrrx78MjH.jpg,train,web_katalog,tidak cocok pola CCTV mana pun (citra web/katalog),.jpg
2004-mitsubishi-fh-fuso-cab-and-chas_jpg.rf.83vgQYzkhXqeLr1xM6ZW.jpg,train,web_katalog,tidak cocok pola CCTV mana pun (citra web/katalog),.jpg
2004-mitsubishi-fuso-box-van-body-tr_jpg.rf.0v9mW8Me26uMdTbWqh2P.jpg,train,web_katalog,tidak cocok pola CCTV mana pun (citra web/katalog),.jpg
2005-mitsubishi-fuso-fm260-24ft-box-_jpg.rf.eLhWYXBLiNHq4I2Ol53t.jpg,train,web_katalog,tidak cocok pola CCTV mana pun (citra web/katalog),.jpg
2006-mitsubishi-fuso-fe140-16-box-tr_jpg.rf.1cDjGxItqxSHjNc4Uz0x.jpg,train,web_katalog,tidak cocok pola CCTV mana pun (citra web/katalog),.jpg
2006-mitsubishi-fuso-fm260-cars-in-r_jpg.rf.3atklsmzhmxLL5N5NR4G.jpg,train,web_katalog,tidak cocok pola CCTV mana pun (citra web/katalog),.jpg
2007-Mitsubishi-Fuso-Fighter-FK600_5_jpg.rf.l0JgCJbrJnD1bvfff3lI.jpg,train,web_katalog,tidak cocok pola CCTV mana pun (citra web/katalog),.jpg
2007-mitsubishi-fuso-fe-140-landscap-1_jpg.rf.2H3LFOLObnUYwhCOjvmZ.jpg,train,web_katalog,tidak cocok pola CCTV mana pun (citra web/katalog),.jpg
2007-mitsubishi-fuso-fk200-24ft-box-1_jpg.rf.GMxQ4Fv1KTOJ4etH2Uv9.jpg,train,web_katalog,tidak cocok pola CCTV mana pun (citra web/katalog),.jpg
2008-mitsubishi-fuso-wrecker-tow-tru-1_jpg.rf.I1CDQwYMLSGDAbJZXOoC.jpg,train,web_katalog,tidak cocok pola CCTV mana pun (citra web/katalog),.jpg
2010-mitsubishi-fuso-26-ft-box-truck_jpg.rf.gLkMggl9JGv8uMVLSbxR.jpg,train,web_katalog,tidak cocok pola CCTV mana pun (citra web/katalog),.jpg
2010-mitsubishi-fuso-fe145-12ft-box-1_jpg.rf.GwEj4du5UasAfa42SrnG.jpg,train,web_katalog,tidak cocok pola CCTV mana pun (citra web/katalog),.jpg
2010-mitsubishi-fuso-fe145-12ft-box-_jpg.rf.6Dbn8wUOhxgWWYT395GE.jpg,train,web_katalog,tidak cocok pola CCTV mana pun (citra web/katalog),.jpg
2011-03-03-037_jpg.rf.ev6xb8Np8ZR6WtnVoTke.jpg,train,web_katalog,tidak cocok pola CCTV mana pun (citra web/katalog),.jpg
2012-04-08-16-00-45-Copy_jpg.rf.02b6N8bLxDTpJCEozUAg.jpg,train,web_katalog,tidak cocok pola CCTV mana pun (citra web/katalog),.jpg
2012-05-19-14-47-41_jpg.rf.vjpiYoSsxruWcoMaD6Hp.jpg,train,web_katalog,tidak cocok pola CCTV mana pun (citra web/katalog),.jpg
2012-06-04-13-47-36_jpg.rf.aMrMcIDXuHNzsLnjcYZE.jpg,train,web_katalog,tidak cocok pola CCTV mana pun (citra web/katalog),.jpg
2012-11-26-09-11-19-2_jpg.rf.drvtCAjDDjNn4hZpqv9u.jpg,train,web_katalog,tidak cocok pola CCTV mana pun (citra web/katalog),.jpg
2012-mitsubishi-fuso-canter-fe160-du_jpg.rf.KN2GdacMBih2T69Z5JQB.jpg,train,web_katalog,tidak cocok pola CCTV mana pun (citra web/katalog),.jpg
20121009_123807_jpg.rf.udycMpIEfYtaNUUr9UNJ.jpg,train,web_katalog,tidak cocok pola CCTV mana pun (citra web/katalog),.jpg
2013-05-28-07-36-09_jpg.rf.dAbM8ikGnbXcIWulDqGY.jpg,train,web_katalog,tidak cocok pola CCTV mana pun (citra web/katalog),.jpg
2013-Fuso-Canter-4x4-1-1_jpg.rf.GqQlrZvdIs9ZcpbMc52Y.jpg,train,web_katalog,tidak cocok pola CCTV mana pun (citra web/katalog),.jpg
2013-Mitsubishi-18ft-Refrigerated-Va_jpg.rf.t4FWBweHRDzyUVyuPQin.jpg,train,web_katalog,tidak cocok pola CCTV mana pun (citra web/katalog),.jpg
2013-Mitsubishi-Fuso-Canter-7C15-PBU_jpg.rf.SUCGbB0dy3QxoHzttisQ.jpg,train,web_katalog,tidak cocok pola CCTV mana pun (citra web/katalog),.jpg
20130601_104548_jpg.rf.JLdU4c6rrlp5m7MObF1y.jpg,train,web_katalog,tidak cocok pola CCTV mana pun (citra web/katalog),.jpg
20130712092311711_jpg.rf.ZtJTDFnzeDgNvHGno8Uq.jpg,train,web_katalog,tidak cocok pola CCTV mana pun (citra web/katalog),.jpg
2014-mitsubishi-canter-truck-7mnuxba_jpg.rf.rmsF2OfXjAGBFe53a2pL.jpg,train,web_katalog,tidak cocok pola CCTV mana pun (citra web/katalog),.jpg
2014-mitsubishi-fuso-fe160-14-feet-b_jpg.rf.KAOwU6jvjKscwC0DxTVq.jpg,train,web_katalog,tidak cocok pola CCTV mana pun (citra web/katalog),.jpg
2015-Mitsubishi-Fuso-Canter-7C15-4x2-1_jpg.rf.aLDkqGlvJyz4HE9K8Pf5.jpg,train,web_katalog,tidak cocok pola CCTV mana pun (citra web/katalog),.jpg
2015-mitsubishi-fuso-fe180-dual-tech_jpg.rf.cSEYZkb6aM7ryCigTIRa.jpg,train,web_katalog,tidak cocok pola CCTV mana pun (citra web/katalog),.jpg
20161205bandara-soetta-tingkatkan-pe_jpg.rf.gANyiJJuC7ogfmJ808iG.jpg,train,web_katalog,tidak cocok pola CCTV mana pun (citra web/katalog),.jpg
2016_Pink_Bus_Side_2-5694faf30153d_jpg.rf.kQ8BeC9Kzuhj3DV2Qav4.jpg,train,web_katalog,tidak cocok pola CCTV mana pun (citra web/katalog),.jpg
201707170712_fuso-1024x512_jpg.rf.fNXAmII2Z4oWzIEdt7ya.jpg,train,web_katalog,tidak cocok pola CCTV mana pun (citra web/katalog),.jpg
20170820170814udtrucks-2-1024x542_jpg.rf.1Qwsuhe5wfd9Bs1jjdQW.jpg,train,web_katalog,tidak cocok pola CCTV mana pun (citra web/katalog),.jpg
20170820170831fuso-1-1024x674_jpg.rf.eGhYZlpjprueen9n47v9.jpg,train,web_katalog,tidak cocok pola CCTV mana pun (citra web/katalog),.jpg
20171120171117volvo-2_jpg.rf.TegkjqZ9J0MGuHkIijO5.jpg,train,web_katalog,tidak cocok pola CCTV mana pun (citra web/katalog),.jpg
201802153766039_jpg.rf.I7QSd1kiuyHuwBgfDzjj.jpg,train,web_katalog,tidak cocok pola CCTV mana pun (citra web/katalog),.jpg
201811092280624_jpg.rf.hvrvaoliop76n9KZFQdA.jpg,train,web_katalog,tidak cocok pola CCTV mana pun (citra web/katalog),.jpg
201811212628734_jpg.rf.pVlyuVr8vSlEmgKTW7SY.jpg,train,web_katalog,tidak cocok pola CCTV mana pun (citra web/katalog),.jpg
201902195101581_jpg.rf.pd9nrbjC9WqdeYtpYTdU.jpg,train,web_katalog,tidak cocok pola CCTV mana pun (citra web/katalog),.jpg
201907180193097_jpg.rf.XVuO6qh8y0UtINaidkGH.jpg,train,web_katalog,tidak cocok pola CCTV mana pun (citra web/katalog),.jpg
201908291631929_jpg.rf.1mBuvFFkxuAHzO72SVDj.jpg,train,web_katalog,tidak cocok pola CCTV mana pun (citra web/katalog),.jpg
201910022856907_jpg.rf.Tve5URmM5odQL6PgJPLw.jpg,train,web_katalog,tidak cocok pola CCTV mana pun (citra web/katalog),.jpg
201911134318402_jpg.rf.rnY5YufBAcfdsshXa44k.jpg,train,web_katalog,tidak cocok pola CCTV mana pun (citra web/katalog),.jpg
201911274791996_jpg.rf.xb7UlcMQjh9IJ41WhunS.jpg,train,web_katalog,tidak cocok pola CCTV mana pun (citra web/katalog),.jpg
201912065091481_jpg.rf.uUpsPyVAQvoQF10uFgYV.jpg,train,web_katalog,tidak cocok pola CCTV mana pun (citra web/katalog),.jpg
202001065830933_jpg.rf.68mCIVULSN8X3R2EiFio.jpg,train,web_katalog,tidak cocok pola CCTV mana pun (citra web/katalog),.jpg
202001316814739_jpg.rf.DhSFdt3FOw2Ld4pSWGkB.jpg,train,web_katalog,tidak cocok pola CCTV mana pun (citra web/katalog),.jpg
202002056988643_jpg.rf.NWiBf39bKhyJAVQh7G2G.jpg,train,web_katalog,tidak cocok pola CCTV mana pun (citra web/katalog),.jpg
202002077047573_jpg.rf.9Awq6QvJRGvCrz6zQ0hA.jpg,train,web_katalog,tidak cocok pola CCTV mana pun (citra web/katalog),.jpg
202002197506403_jpg.rf.XiFDHKjZYbjbbzyiXbv3.jpg,train,web_katalog,tidak cocok pola CCTV mana pun (citra web/katalog),.jpg
202003098200296_jpg.rf.e7JhGGxmLsSx6oyDQp6c.jpg,train,web_katalog,tidak cocok pola CCTV mana pun (citra web/katalog),.jpg
202003118281574_jpg.rf.Y5Qvvou92czKqscnE24P.jpg,train,web_katalog,tidak cocok pola CCTV mana pun (citra web/katalog),.jpg
202003278769684_jpg.rf.e7C6opzCc5c4pIWBceJI.jpg,train,web_katalog,tidak cocok pola CCTV mana pun (citra web/katalog),.jpg
202004098907520_jpg.rf.zBDTjgtYwSh9faxxqosa.jpg,train,web_katalog,tidak cocok pola CCTV mana pun (citra web/katalog),.jpg
202005159339270_jpg.rf.rxaCWjlWyMJs5WNJG02d.jpg,train,web_katalog,tidak cocok pola CCTV mana pun (citra web/katalog),.jpg
202005179380063_jpg.rf.qQKig5CDzcFrthahQSw0.jpg,train,web_katalog,tidak cocok pola CCTV mana pun (citra web/katalog),.jpg
202005209438910_jpg.rf.PsvdSfiIDtOiDlC4Cx5E.jpg,train,web_katalog,tidak cocok pola CCTV mana pun (citra web/katalog),.jpg
202006029718364_jpg.rf.MgVQIxQ7lnNjHpY0PgPy.jpg,train,web_katalog,tidak cocok pola CCTV mana pun (citra web/katalog),.jpg
202006230427756_jpg.rf.HWAdkNuafgLLvUBxG7NO.jpg,train,web_katalog,tidak cocok pola CCTV mana pun (citra web/katalog),.jpg
20200917144648814126_jpg.rf.wOAZzsCHkchESqf1OfHB.jpg,train,web_katalog,tidak cocok pola CCTV mana pun (citra web/katalog),.jpg
202009224056905_jpg.rf.NrV1u0Lc4GNUgTyVY9wk.jpg,train,web_katalog,tidak cocok pola CCTV mana pun (citra web/katalog),.jpg
202009284297022_jpg.rf.Pzai3ihVeO9T8zx8aV5a.jpg,train,web_katalog,tidak cocok pola CCTV mana pun (citra web/katalog),.jpg
202009294341174_jpg.rf.PnzivErZgHnZ0YkS0QjR.jpg,train,web_katalog,tidak cocok pola CCTV mana pun (citra web/katalog),.jpg
202010034560843_jpg.rf.2vDmzfZx6LOEfleCF3j3.jpg,train,web_katalog,tidak cocok pola CCTV mana pun (citra web/katalog),.jpg
202010054625092_jpg.rf.NKYG9N7HXWTVMLidXI7e.jpg,train,web_katalog,tidak cocok pola CCTV mana pun (citra web/katalog),.jpg
202010124912669_jpg.rf.RPjHymC5lZwDGZ1GOVMU.jpg,train,web_katalog,tidak cocok pola CCTV mana pun (citra web/katalog),.jpg
202010155026858_jpg.rf.B76EsiScoD9sQEoMPX27.jpg,train,web_katalog,tidak cocok pola CCTV mana pun (citra web/katalog),.jpg
202010225303345_jpg.rf.wsJ9GTjQhsT7lM2iZY1F.jpg,train,web_katalog,tidak cocok pola CCTV mana pun (citra web/katalog),.jpg
202010275477424_jpg.rf.2k4RPHRxCAHkWJeg7VbI.jpg,train,web_katalog,tidak cocok pola CCTV mana pun (citra web/katalog),.jpg
202010285539616_jpg.rf.jem2zOnjqQxzSUgXRTMW.jpg,train,web_katalog,tidak cocok pola CCTV mana pun (citra web/katalog),.jpg
202010315642930_jpg.rf.yprPbS4NbVPQC66MthmV.jpg,train,web_katalog,tidak cocok pola CCTV mana pun (citra web/katalog),.jpg
202011035740338_jpg.rf.yAKp3QowOY4m4iVoh4OK.jpg,train,web_katalog,tidak cocok pola CCTV mana pun (citra web/katalog),.jpg
202011105965869_jpg.rf.gpnrb3yJAVAy5bs3KHx9.jpg,train,web_katalog,tidak cocok pola CCTV mana pun (citra web/katalog),.jpg
202011146111399_jpg.rf.9dllAWO2bi5IMzauH9UE.jpg,train,web_katalog,tidak cocok pola CCTV mana pun (citra web/katalog),.jpg
202011156136945_jpg.rf.8X1C1ObdqhGl33qS3kDc.jpg,train,web_katalog,tidak cocok pola CCTV mana pun (citra web/katalog),.jpg
202011166161501_jpg.rf.tNGutm3PeRxJDtIwvd6g.jpg,train,web_katalog,tidak cocok pola CCTV mana pun (citra web/katalog),.jpg
20201120_115536_jpg.rf.8PHFxxbOhqogCpITaSDv.jpg,train,web_katalog,tidak cocok pola CCTV mana pun (citra web/katalog),.jpg
202011246441650_jpg.rf.8v7G4jzFEBa6GmhRyIHD.jpg,train,web_katalog,tidak cocok pola CCTV mana pun (citra web/katalog),.jpg
202011266499977_jpg.rf.s8xzsyY14ewVNUh6XIZc.jpg,train,web_katalog,tidak cocok pola CCTV mana pun (citra web/katalog),.jpg
202011276557437_jpg.rf.PZHNH1oriyJNWl8lxnNY.jpg,train,web_katalog,tidak cocok pola CCTV mana pun (citra web/katalog),.jpg
202011286568521_jpg.rf.RDFsyrrVAyejKAKy7gYm.jpg,train,web_katalog,tidak cocok pola CCTV mana pun (citra web/katalog),.jpg
202012076844565_jpg.rf.nLTybmbWofMCNjvCN8ia.jpg,train,web_katalog,tidak cocok pola CCTV mana pun (citra web/katalog),.jpg
202012086910997_jpg.rf.DeSRza5VF13oiQBVuFpc.jpg,train,web_katalog,tidak cocok pola CCTV mana pun (citra web/katalog),.jpg
202012106961192_jpg.rf.wtxnnyj8dVutZWfbrgct.jpg,train,web_katalog,tidak cocok pola CCTV mana pun (citra web/katalog),.jpg
20201222_173741_jpg.rf.ilyqK7SoAZCUJP9DJiD4.jpg,train,web_katalog,tidak cocok pola CCTV mana pun (citra web/katalog),.jpg
202012237363017_jpg.rf.UbG3DZGQiSqvn3bhl9FB.jpg,train,web_katalog,tidak cocok pola CCTV mana pun (citra web/katalog),.jpg
202012317526123_jpg.rf.NW5amcgWnKjizeGEGSiS.jpg,train,web_katalog,tidak cocok pola CCTV mana pun (citra web/katalog),.jpg
202101057649698_jpg.rf.9wx3fLm5oWy7jbbLZVq4.jpg,train,web_katalog,tidak cocok pola CCTV mana pun (citra web/katalog),.jpg
202101117854072_jpg.rf.5YBRHFvL8GnABZK1OeBb.jpg,train,web_katalog,tidak cocok pola CCTV mana pun (citra web/katalog),.jpg
202101157995164_jpg.rf.u9kH3mYrIAdg77ouj6MQ.jpg,train,web_katalog,tidak cocok pola CCTV mana pun (citra web/katalog),.jpg
202101178052430_jpg.rf.WfQFYpPyNqjvYhSNLYvb.jpg,train,web_katalog,tidak cocok pola CCTV mana pun (citra web/katalog),.jpg
202101188092986_jpg.rf.EzxY0lxa26n9lAJ3PFmg.jpg,train,web_katalog,tidak cocok pola CCTV mana pun (citra web/katalog),.jpg
202101198128317_jpg.rf.mrJwsoG5tl0BKaOjje7u.jpg,train,web_katalog,tidak cocok pola CCTV mana pun (citra web/katalog),.jpg
202101218224836_jpg.rf.wLvRqhVfPmvPqHwu3BnX.jpg,train,web_katalog,tidak cocok pola CCTV mana pun (citra web/katalog),.jpg
202101258335334_jpg.rf.yTzIbfiXQ57DD5uEoktG.jpg,train,web_katalog,tidak cocok pola CCTV mana pun (citra web/katalog),.jpg
202101288451078_jpg.rf.Z1RAqZdiXgAFZmoa7IDi.jpg,train,web_katalog,tidak cocok pola CCTV mana pun (citra web/katalog),.jpg
202101298479349_jpg.rf.lt9TgSW5bNPzHGLZI9qE.jpg,train,web_katalog,tidak cocok pola CCTV mana pun (citra web/katalog),.jpg
202102018569862_jpg.rf.QhgRqx55LOQkfhVF1vxu.jpg,train,web_katalog,tidak cocok pola CCTV mana pun (citra web/katalog),.jpg
202102028602051_jpg.rf.XYImRDuyfkYDHXtKS3gu.jpg,train,web_katalog,tidak cocok pola CCTV mana pun (citra web/katalog),.jpg
202102068761775_jpg.rf.hofemcCL4TPp6eCQemt5.jpg,train,web_katalog,tidak cocok pola CCTV mana pun (citra web/katalog),.jpg
202102098864097_jpg.rf.rSw1DULvS6DaCLKcvKS5.jpg,train,web_katalog,tidak cocok pola CCTV mana pun (citra web/katalog),.jpg
202102169117160_jpg.rf.0xdIXdTL90kpj4Mild8L.jpg,train,web_katalog,tidak cocok pola CCTV mana pun (citra web/katalog),.jpg
202102189193726_jpg.rf.bYW47UVpukba0ivpLWt8.jpg,train,web_katalog,tidak cocok pola CCTV mana pun (citra web/katalog),.jpg
202102199229786_jpg.rf.z5IjRhpauOJadDPVyHQi.jpg,train,web_katalog,tidak cocok pola CCTV mana pun (citra web/katalog),.jpg
202102209293325_jpg.rf.wKXHbrkmApBq55kgyJIs.jpg,train,web_katalog,tidak cocok pola CCTV mana pun (citra web/katalog),.jpg
202102269503105_jpg.rf.8xZcWCP9fY3F8XOrPQKO.jpg,train,web_katalog,tidak cocok pola CCTV mana pun (citra web/katalog),.jpg
202103039712776_jpg.rf.tVNsXd1l6GH6PZ3R63It.jpg,train,web_katalog,tidak cocok pola CCTV mana pun (citra web/katalog),.jpg
202103049744596_jpg.rf.DgIwTH4kN9J5evuiEMYh.jpg,train,web_katalog,tidak cocok pola CCTV mana pun (citra web/katalog),.jpg
202103059768642_jpg.rf.FdJPUQLNbfKl0TWbURtN.jpg,train,web_katalog,tidak cocok pola CCTV mana pun (citra web/katalog),.jpg
202103109969901_jpg.rf.TSpgplsoLRLzI9nruAgg.jpg,train,web_katalog,tidak cocok pola CCTV mana pun (citra web/katalog),.jpg
202103180278566_jpg.rf.ssjsjgKc89JtyDD1za8Z.jpg,train,web_katalog,tidak cocok pola CCTV mana pun (citra web/katalog),.jpg
202103250579964_jpg.rf.kK0Er53fqhsjgdyX66Mk.jpg,train,web_katalog,tidak cocok pola CCTV mana pun (citra web/katalog),.jpg
202103300774562_jpg.rf.MyJ1EOQeSLLzxyh8aRib.jpg,train,web_katalog,tidak cocok pola CCTV mana pun (citra web/katalog),.jpg
202104010878926_jpg.rf.90GoJn7mOPJ2IqgTzYwj.jpg,train,web_katalog,tidak cocok pola CCTV mana pun (citra web/katalog),.jpg
202104020885875_jpg.rf.MkIkdUIBPzivmgDjDWBM.jpg,train,web_katalog,tidak cocok pola CCTV mana pun (citra web/katalog),.jpg
202104061036947_jpg.rf.fz5UhK1NehCHtGVKCGhc.jpg,train,web_katalog,tidak cocok pola CCTV mana pun (citra web/katalog),.jpg
202104101196294_jpg.rf.25Jb6rdqRLX3c172afyI.jpg,train,web_katalog,tidak cocok pola CCTV mana pun (citra web/katalog),.jpg
202104131320662_jpg.rf.vEaxWou2XC9BoIQyxgyJ.jpg,train,web_katalog,tidak cocok pola CCTV mana pun (citra web/katalog),.jpg
202104181520360_jpg.rf.HltilB8VSRNOBVGJ3MNx.jpg,train,web_katalog,tidak cocok pola CCTV mana pun (citra web/katalog),.jpg
20210423_181435-min_jpg.rf.e67o58i886ocMdUqO2n0.jpg,train,web_katalog,tidak cocok pola CCTV mana pun (citra web/katalog),.jpg
20210501_130056-min_jpg.rf.AGUorTVKOJZtWtwUWEVt.jpg,train,web_katalog,tidak cocok pola CCTV mana pun (citra web/katalog),.jpg
20220912_15_1159286_L_jpg.rf.yWh0ibCIMdaXEr36SNm7.jpg,train,web_katalog,tidak cocok pola CCTV mana pun (citra web/katalog),.jpg
2075377982_jpg.rf.ZcAfzhzdZgH3yRpSW6zP.jpg,train,web_katalog,tidak cocok pola CCTV mana pun (citra web/katalog),.jpg
21452_NT130964_2-1_jpg.rf.iIGjAn3vgcdGez7rJHZw.jpg,train,web_katalog,tidak cocok pola CCTV mana pun (citra web/katalog),.jpg
21452_NT789-1_19-1_jpg.rf.POsF3bgeBeWwnQMQ98Mf.jpg,train,web_katalog,tidak cocok pola CCTV mana pun (citra web/katalog),.jpg
2234_jpg.rf.181cK2cY2Ghd8OppMGW5.jpg,train,web_katalog,tidak cocok pola CCTV mana pun (citra web/katalog),.jpg
23-DAMRI_jpg.rf.Zy0R0EFsldVfuBaOMmAI.jpg,train,web_katalog,tidak cocok pola CCTV mana pun (citra web/katalog),.jpg
23-seat-Tata-LP-713-Bus-at-the-2014-1_jpg.rf.Yi1hhVSCDfQZd3LJFoo6.jpg,train,web_katalog,tidak cocok pola CCTV mana pun (citra web/katalog),.jpg
23-seat-Tata-LP-713-Bus-at-the-2014-_jpg.rf.uXzd1Jv6NU7o6emAvuYU.jpg,train,web_katalog,tidak cocok pola CCTV mana pun (citra web/katalog),.jpg
2351_jpg.rf.Y4xzO5ENXSfyaXe6jmga.jpg,train,web_katalog,tidak cocok pola CCTV mana pun (citra web/katalog),.jpg
2465_da8fe53a59ef60c6eb3ea78b89ee30c_jpg.rf.pkN3s0Cuhnfbmn6T5d1O.jpg,train,web_katalog,tidak cocok pola CCTV mana pun (citra web/katalog),.jpg
251182_1540554861-image-1400x_-_jpg.rf.lyvsOUKIot1cY8c6aHrR.jpg,train,web_katalog,tidak cocok pola CCTV mana pun (citra web/katalog),.jpg
251303023_jpg.rf.fdR7UwgplsC2ixpauapC.jpg,train,web_katalog,tidak cocok pola CCTV mana pun (citra web/katalog),.jpg
25397-colt-fe-truk-mitsubishi-colt-d_jpg.rf.bo0KlNGH8Qbvmjtmilot.jpg,train,web_katalog,tidak cocok pola CCTV mana pun (citra web/katalog),.jpg
25500645403_140c32cac6_b_jpg.rf.Uj8H6BIQAK9uuLWDG3I9.jpg,train,web_katalog,tidak cocok pola CCTV mana pun (citra web/katalog),.jpg
25581093607_1fd0c115c1_b_jpg.rf.IxLQgxTCKX7RR7fpwzta.jpg,train,web_katalog,tidak cocok pola CCTV mana pun (citra web/katalog),.jpg
272_jpg.rf.AA6tjXuNKPjfxkpzUq1b.jpg,train,web_katalog,tidak cocok pola CCTV mana pun (citra web/katalog),.jpg
27579953304_0c4b3aef04_b_jpg.rf.P60M4K53R4j1ZHvkowz7.jpg,train,web_katalog,tidak cocok pola CCTV mana pun (citra web/katalog),.jpg
2788_1807600_1_jpg.rf.af1tFrXQJSNxba4DpMJ7.jpg,train,web_katalog,tidak cocok pola CCTV mana pun (citra web/katalog),.jpg
28195696955_7921782be8_b_jpg.rf.XbQLL7xJxDaYKAUgMzLM.jpg,train,web_katalog,tidak cocok pola CCTV mana pun (citra web/katalog),.jpg
2_1000_jpg.rf.o0qn6HBa5ilymFS9IJyR.jpg,train,web_katalog,tidak cocok pola CCTV mana pun (citra web/katalog),.jpg
2_100_jpg.rf.ngm2JkR7qlPYt5IJdhL7.jpg,train,web_katalog,tidak cocok pola CCTV mana pun (citra web/katalog),.jpg
2_102_jpg.rf.sltke6JF6W7xeFogTIqj.jpg,train,web_katalog,tidak cocok pola CCTV mana pun (citra web/katalog),.jpg
2_103_jpg.rf.9z1byMBoE49M0UYEd1sp.jpg,train,web_katalog,tidak cocok pola CCTV mana pun (citra web/katalog),.jpg
2_104_jpg.rf.7cVO8rbo9goDGyOUxzJZ.jpg,train,web_katalog,tidak cocok pola CCTV mana pun (citra web/katalog),.jpg
2_105_jpg.rf.Advpu4A2SRTzPOcCmkDT.jpg,train,web_katalog,tidak cocok pola CCTV mana pun (citra web/katalog),.jpg
2_106_jpg.rf.LkrmFj6Juh7FLTIEwxO6.jpg,train,web_katalog,tidak cocok pola CCTV mana pun (citra web/katalog),.jpg
2_108_jpg.rf.kKHDuY3yAB0mXS17eP2C.jpg,train,web_katalog,tidak cocok pola CCTV mana pun (citra web/katalog),.jpg
2_109_jpg.rf.GjBm9Lj9fPLCGLLh8dZm.jpg,train,web_katalog,tidak cocok pola CCTV mana pun (citra web/katalog),.jpg
2_111_jpg.rf.dAPv4REkXQzzNnHjXYdR.jpg,train,web_katalog,tidak cocok pola CCTV mana pun (citra web/katalog),.jpg
2_114_jpg.rf.5Kp4pFrqT3P6cKCdtKmu.jpg,train,web_katalog,tidak cocok pola CCTV mana pun (citra web/katalog),.jpg
2_116_jpg.rf.Q9CR99KEoWe97SNvGZxR.jpg,train,web_katalog,tidak cocok pola CCTV mana pun (citra web/katalog),.jpg
2_117_jpg.rf.uj3NAcb8lTzicVoMiyUF.jpg,train,web_katalog,tidak cocok pola CCTV mana pun (citra web/katalog),.jpg
2_11_jpg.rf.rBw2YKLREI39uzjrNCLs.jpg,train,web_katalog,tidak cocok pola CCTV mana pun (citra web/katalog),.jpg
2_122_jpg.rf.XYOkCvcNUFNRaz7MfCOj.jpg,train,web_katalog,tidak cocok pola CCTV mana pun (citra web/katalog),.jpg
2_128_jpg.rf.XTDifW1Yu6Y5JSkUEO0U.jpg,train,web_katalog,tidak cocok pola CCTV mana pun (citra web/katalog),.jpg
2_12_jpg.rf.eoWGPwBLb9gSN4A8j6ni.jpg,train,web_katalog,tidak cocok pola CCTV mana pun (citra web/katalog),.jpg
2_130_jpg.rf.t0LDDQuSFF68DUV3kgL6.jpg,train,web_katalog,tidak cocok pola CCTV mana pun (citra web/katalog),.jpg
2_131_jpg.rf.R2uYQDEup0tTiSVrGozj.jpg,train,web_katalog,tidak cocok pola CCTV mana pun (citra web/katalog),.jpg
2_135_jpg.rf.1IV036L9nRSrhPRaJr8W.jpg,train,web_katalog,tidak cocok pola CCTV mana pun (citra web/katalog),.jpg
2_138_jpg.rf.btiHt06ILIcF9wBUYKcJ.jpg,train,web_katalog,tidak cocok pola CCTV mana pun (citra web/katalog),.jpg
2_140_jpg.rf.rMNTWTulBOrZjQ7GgvzZ.jpg,train,web_katalog,tidak cocok pola CCTV mana pun (citra web/katalog),.jpg
2_142_jpg.rf.OmBX0FwxExIYruJZtXZg.jpg,train,web_katalog,tidak cocok pola CCTV mana pun (citra web/katalog),.jpg
2_145_jpg.rf.yetioMU3jLjDctIYOqAI.jpg,train,web_katalog,tidak cocok pola CCTV mana pun (citra web/katalog),.jpg
2_146_jpg.rf.qvIKuI1XjzGKvQaT7N6B.jpg,train,web_katalog,tidak cocok pola CCTV mana pun (citra web/katalog),.jpg
2_149_jpg.rf.WbpKsT9uOPkk75CcpNa8.jpg,train,web_katalog,tidak cocok pola CCTV mana pun (citra web/katalog),.jpg
2_14_jpg.rf.f7ivOv4kUYKrL9yhPguA.jpg,train,web_katalog,tidak cocok pola CCTV mana pun (citra web/katalog),.jpg
2_151_jpg.rf.Hw6PbJpF0Cn2jhKXSi8O.jpg,train,web_katalog,tidak cocok pola CCTV mana pun (citra web/katalog),.jpg
2_152_jpg.rf.QpKwvs8unpn6ibywOEPn.jpg,train,web_katalog,tidak cocok pola CCTV mana pun (citra web/katalog),.jpg
2_153_jpg.rf.UgZdAvjo1mKO9MjKp07P.jpg,train,web_katalog,tidak cocok pola CCTV mana pun (citra web/katalog),.jpg
2_154_jpg.rf.bdK0OYhjS966OA8SRn2m.jpg,train,web_katalog,tidak cocok pola CCTV mana pun (citra web/katalog),.jpg
2_155_jpg.rf.CwlN6w9n6u3G4GjpWFl8.jpg,train,web_katalog,tidak cocok pola CCTV mana pun (citra web/katalog),.jpg
2_157_jpg.rf.sDh0xN1BL1CL6v16x34e.jpg,train,web_katalog,tidak cocok pola CCTV mana pun (citra web/katalog),.jpg
2_158_jpg.rf.XylKohgbPc1fJGSTTSAc.jpg,train,web_katalog,tidak cocok pola CCTV mana pun (citra web/katalog),.jpg
2_159_jpg.rf.jIX365I6P4K7CBoSW2Mg.jpg,train,web_katalog,tidak cocok pola CCTV mana pun (citra web/katalog),.jpg
2_15_jpg.rf.UIFnMmEkRoJnLPJIPVni.jpg,train,web_katalog,tidak cocok pola CCTV mana pun (citra web/katalog),.jpg
2_163_jpg.rf.UtVUVLLuAcXodYN8w9Fu.jpg,train,web_katalog,tidak cocok pola CCTV mana pun (citra web/katalog),.jpg
2_165_jpg.rf.FvnFUAks3M3602LimPVL.jpg,train,web_katalog,tidak cocok pola CCTV mana pun (citra web/katalog),.jpg
2_167_jpg.rf.ZPAHk1AxI1oNNBWz8oSO.jpg,train,web_katalog,tidak cocok pola CCTV mana pun (citra web/katalog),.jpg
2_16_jpg.rf.L1plBbfrwWP4qRaKc9e4.jpg,train,web_katalog,tidak cocok pola CCTV mana pun (citra web/katalog),.jpg
2_172_jpg.rf.jWQtRt9ZsbvgANqtkQbZ.jpg,train,web_katalog,tidak cocok pola CCTV mana pun (citra web/katalog),.jpg
2_173_jpg.rf.TdVyRt0PncBY8i8ed4jO.jpg,train,web_katalog,tidak cocok pola CCTV mana pun (citra web/katalog),.jpg
2_176_jpg.rf.goow0G8iQauTyKkgCNtZ.jpg,train,web_katalog,tidak cocok pola CCTV mana pun (citra web/katalog),.jpg
2_177_jpg.rf.7hOY519HUzQBYU5kY2g8.jpg,train,web_katalog,tidak cocok pola CCTV mana pun (citra web/katalog),.jpg
2_179_jpg.rf.biqwiycQ0sUkdWNPObh9.jpg,train,web_katalog,tidak cocok pola CCTV mana pun (citra web/katalog),.jpg
2_17_jpg.rf.kCVodA1viYWZ9zhCLwr2.jpg,train,web_katalog,tidak cocok pola CCTV mana pun (citra web/katalog),.jpg
2_182_jpg.rf.jMIF3IabzF5eM5JP5RSu.jpg,train,web_katalog,tidak cocok pola CCTV mana pun (citra web/katalog),.jpg
2_183_jpg.rf.JMb0SoyNmQm1tpWMbDIr.jpg,train,web_katalog,tidak cocok pola CCTV mana pun (citra web/katalog),.jpg
2_184_jpg.rf.21hX8CPXX42FcOhobrFC.jpg,train,web_katalog,tidak cocok pola CCTV mana pun (citra web/katalog),.jpg
2_186_jpg.rf.wnJGfGeZVfy4jWfEUsk4.jpg,train,web_katalog,tidak cocok pola CCTV mana pun (citra web/katalog),.jpg
2_187_jpg.rf.s9l6kcH15NqLgSW8qh4q.jpg,train,web_katalog,tidak cocok pola CCTV mana pun (citra web/katalog),.jpg
2_189_jpg.rf.E73Zh6fqHH4doL2Vn2YW.jpg,train,web_katalog,tidak cocok pola CCTV mana pun (citra web/katalog),.jpg
2_18_jpg.rf.6vtexJ1rxxWrLf3cU9Zk.jpg,train,web_katalog,tidak cocok pola CCTV mana pun (citra web/katalog),.jpg
2_190_jpg.rf.3ZN3zhvyhos98LIkxvMX.jpg,train,web_katalog,tidak cocok pola CCTV mana pun (citra web/katalog),.jpg
2_191_jpg.rf.gCG1AdVJyYSN8idx3N7p.jpg,train,web_katalog,tidak cocok pola CCTV mana pun (citra web/katalog),.jpg
2_192_jpg.rf.oKVP3xJ63Kh0Hnzu6Rty.jpg,train,web_katalog,tidak cocok pola CCTV mana pun (citra web/katalog),.jpg
2_193_jpg.rf.s4CTTAFJ22u9Wtsoqn4v.jpg,train,web_katalog,tidak cocok pola CCTV mana pun (citra web/katalog),.jpg
2_194_jpg.rf.4LbRtBnOOTliBFSggavk.jpg,train,web_katalog,tidak cocok pola CCTV mana pun (citra web/katalog),.jpg
2_195_jpg.rf.esr3bjD1qQS6m3amzd6U.jpg,train,web_katalog,tidak cocok pola CCTV mana pun (citra web/katalog),.jpg
2_196_jpg.rf.xI7lvaUWUWOPCteDmRUu.jpg,train,web_katalog,tidak cocok pola CCTV mana pun (citra web/katalog),.jpg
2_197_jpg.rf.mU796q3brtSelHWtKj5F.jpg,train,web_katalog,tidak cocok pola CCTV mana pun (citra web/katalog),.jpg
2_198_jpg.rf.sfS4pNjE4FCKvSp3YnQu.jpg,train,web_katalog,tidak cocok pola CCTV mana pun (citra web/katalog),.jpg
2_199_jpg.rf.V32ZJOkxV3ca5kDnWk42.jpg,train,web_katalog,tidak cocok pola CCTV mana pun (citra web/katalog),.jpg
2_1_jpg.rf.4lZp2j0JDg8cMfh8WLeN.jpg,train,web_katalog,tidak cocok pola CCTV mana pun (citra web/katalog),.jpg
2_201_jpg.rf.243M17znJTnz0DdlbhmR.jpg,train,web_katalog,tidak cocok pola CCTV mana pun (citra web/katalog),.jpg
2_204_jpg.rf.aXnwuart3u5jMlAaLOIZ.jpg,train,web_katalog,tidak cocok pola CCTV mana pun (citra web/katalog),.jpg
2_206_jpg.rf.b7TLoF7dedkksivuL9iZ.jpg,train,web_katalog,tidak cocok pola CCTV mana pun (citra web/katalog),.jpg
2_208_jpg.rf.ke2iHElXjiEar4wSMaI7.jpg,train,web_katalog,tidak cocok pola CCTV mana pun (citra web/katalog),.jpg
2_209_jpg.rf.l2sNAS39JCLhLHNaEmop.jpg,train,web_katalog,tidak cocok pola CCTV mana pun (citra web/katalog),.jpg
2_211_jpg.rf.fHR36M0aOQ54lXBdDglZ.jpg,train,web_katalog,tidak cocok pola CCTV mana pun (citra web/katalog),.jpg
2_214_jpg.rf.hsNTlksMHWzcboa74Ksn.jpg,train,web_katalog,tidak cocok pola CCTV mana pun (citra web/katalog),.jpg
2_215_jpg.rf.YOU92rdIyVb7ShQIRSPB.jpg,train,web_katalog,tidak cocok pola CCTV mana pun (citra web/katalog),.jpg
2_216_jpg.rf.JW9mRBYNG9xheYjslIzS.jpg,train,web_katalog,tidak cocok pola CCTV mana pun (citra web/katalog),.jpg
2_218_jpg.rf.uTLJyTEzdsZPsgQ8T2XA.jpg,train,web_katalog,tidak cocok pola CCTV mana pun (citra web/katalog),.jpg
2_224_jpg.rf.RBcn4CaDtjqSRD9AKNSr.jpg,train,web_katalog,tidak cocok pola CCTV mana pun (citra web/katalog),.jpg
2_225_jpg.rf.c3upQgQHC5TxMyNHINxZ.jpg,train,web_katalog,tidak cocok pola CCTV mana pun (citra web/katalog),.jpg
2_226_jpg.rf.GggCw7Cy7YcwSTfKwoQ9.jpg,train,web_katalog,tidak cocok pola CCTV mana pun (citra web/katalog),.jpg
2_227_jpg.rf.TOkGFPSnEjZCerIjZADM.jpg,train,web_katalog,tidak cocok pola CCTV mana pun (citra web/katalog),.jpg
2_22_jpg.rf.L5TQcI7ICgR1bSy1oeFF.jpg,train,web_katalog,tidak cocok pola CCTV mana pun (citra web/katalog),.jpg
2_230_jpg.rf.VVr7RD4o91Z4AwrOVESY.jpg,train,web_katalog,tidak cocok pola CCTV mana pun (citra web/katalog),.jpg
2_232_jpg.rf.j6FcDiiXN0EKNr0TpiWz.jpg,train,web_katalog,tidak cocok pola CCTV mana pun (citra web/katalog),.jpg
2_233_jpg.rf.tqxvDhA1HvE1hH6oD4nD.jpg,train,web_katalog,tidak cocok pola CCTV mana pun (citra web/katalog),.jpg
2_234_jpg.rf.q8zub41OkKheps1XyOR4.jpg,train,web_katalog,tidak cocok pola CCTV mana pun (citra web/katalog),.jpg
2_237_jpg.rf.dIf2L73SDNFis04B6ZsI.jpg,train,web_katalog,tidak cocok pola CCTV mana pun (citra web/katalog),.jpg
2_240_jpg.rf.Ud1wFQMva3cBK7cnPLk2.jpg,train,web_katalog,tidak cocok pola CCTV mana pun (citra web/katalog),.jpg
2_245_jpg.rf.qFnHHOJak1Yh8yj6LiAJ.jpg,train,web_katalog,tidak cocok pola CCTV mana pun (citra web/katalog),.jpg
2_246_jpg.rf.Luey60YUf9FWR8NK4E7U.jpg,train,web_katalog,tidak cocok pola CCTV mana pun (citra web/katalog),.jpg
2_247_jpg.rf.kSKDBpF6mUpjFnej6xxt.jpg,train,web_katalog,tidak cocok pola CCTV mana pun (citra web/katalog),.jpg
2_248_jpg.rf.LF7WpZ7pCW6BrBGnldg4.jpg,train,web_katalog,tidak cocok pola CCTV mana pun (citra web/katalog),.jpg
2_24_jpg.rf.2BxORmktCj3QLRkjHshj.jpg,train,web_katalog,tidak cocok pola CCTV mana pun (citra web/katalog),.jpg
2_251_jpg.rf.Yg9uaIGzYuhgJA0vLv1O.jpg,train,web_katalog,tidak cocok pola CCTV mana pun (citra web/katalog),.jpg
2_252_jpg.rf.deitOMvOptwr96KkvXJF.jpg,train,web_katalog,tidak cocok pola CCTV mana pun (citra web/katalog),.jpg
2_255_jpg.rf.ZX48IQ6ZrturFVozrbgE.jpg,train,web_katalog,tidak cocok pola CCTV mana pun (citra web/katalog),.jpg
2_256_jpg.rf.JCbVFDUe4FEJPpaGUHhH.jpg,train,web_katalog,tidak cocok pola CCTV mana pun (citra web/katalog),.jpg
2_258_jpg.rf.Ahqe8QAyjD6RtugBW64o.jpg,train,web_katalog,tidak cocok pola CCTV mana pun (citra web/katalog),.jpg
2_259_jpg.rf.Rbip20Qy94ekgwGUn12i.jpg,train,web_katalog,tidak cocok pola CCTV mana pun (citra web/katalog),.jpg
2_25_jpg.rf.Z7eq0KRq7ajYpIs2GMpw.jpg,train,web_katalog,tidak cocok pola CCTV mana pun (citra web/katalog),.jpg
2_262_jpg.rf.ZmytITsocUaJKgYRWlKu.jpg,train,web_katalog,tidak cocok pola CCTV mana pun (citra web/katalog),.jpg
2_265_jpg.rf.7wn80iMjtz6IwDsLDowo.jpg,train,web_katalog,tidak cocok pola CCTV mana pun (citra web/katalog),.jpg
2_267_jpg.rf.79dR2xVZuJIX2DjC8IFQ.jpg,train,web_katalog,tidak cocok pola CCTV mana pun (citra web/katalog),.jpg
2_268_jpg.rf.XeJYMtdxUzYipxrLnkkB.jpg,train,web_katalog,tidak cocok pola CCTV mana pun (citra web/katalog),.jpg
2_269_jpg.rf.QvhhQHI65G2kATGNr4Gq.jpg,train,web_katalog,tidak cocok pola CCTV mana pun (citra web/katalog),.jpg
2_26_jpg.rf.mJBgcysoCT0CWCJFq0tU.jpg,train,web_katalog,tidak cocok pola CCTV mana pun (citra web/katalog),.jpg
2_272_jpg.rf.gZTlU4DL2XefsRqFVkkw.jpg,train,web_katalog,tidak cocok pola CCTV mana pun (citra web/katalog),.jpg
2_274_jpg.rf.ZpgNNSMP2c7YV3MTTxFC.jpg,train,web_katalog,tidak cocok pola CCTV mana pun (citra web/katalog),.jpg
2_275_jpg.rf.lwgU7l3UQ213lYbSHqyd.jpg,train,web_katalog,tidak cocok pola CCTV mana pun (citra web/katalog),.jpg
2_278_jpg.rf.ETaQA9IWajx3oi3bGc4i.jpg,train,web_katalog,tidak cocok pola CCTV mana pun (citra web/katalog),.jpg
2_279_jpg.rf.gixzQLbhx4WtSVLgQDnX.jpg,train,web_katalog,tidak cocok pola CCTV mana pun (citra web/katalog),.jpg
2_27_jpg.rf.9fEnEUZIZAWrvDwwjdhI.jpg,train,web_katalog,tidak cocok pola CCTV mana pun (citra web/katalog),.jpg
2_280_jpg.rf.jxu8SQO0w6nv0J8RhN59.jpg,train,web_katalog,tidak cocok pola CCTV mana pun (citra web/katalog),.jpg
2_281_jpg.rf.WiTpaseduUkvPT8MhBq9.jpg,train,web_katalog,tidak cocok pola CCTV mana pun (citra web/katalog),.jpg
2_282_jpg.rf.fYT8zfeeQXndFS1n4njP.jpg,train,web_katalog,tidak cocok pola CCTV mana pun (citra web/katalog),.jpg
2_284_jpg.rf.WKYAwTlt2UKi8bw4kSds.jpg,train,web_katalog,tidak cocok pola CCTV mana pun (citra web/katalog),.jpg
2_28_jpg.rf.UInjZXZRCyCRyCRW3lIW.jpg,train,web_katalog,tidak cocok pola CCTV mana pun (citra web/katalog),.jpg
2_293_jpg.rf.ECLIAZRDWDowpKXN1C7S.jpg,train,web_katalog,tidak cocok pola CCTV mana pun (citra web/katalog),.jpg
2_296_jpg.rf.MhjDtg6eGaX1B8NMuszm.jpg,train,web_katalog,tidak cocok pola CCTV mana pun (citra web/katalog),.jpg
2_297_jpg.rf.ddTOOdhrwd3Xrxd8JeRN.jpg,train,web_katalog,tidak cocok pola CCTV mana pun (citra web/katalog),.jpg
2_299_jpg.rf.7KlZRAA1gfGcFXBCd9Q2.jpg,train,web_katalog,tidak cocok pola CCTV mana pun (citra web/katalog),.jpg
2_29_jpg.rf.lHsW66QhGvB7hBD9Uw4g.jpg,train,web_katalog,tidak cocok pola CCTV mana pun (citra web/katalog),.jpg
2_300_jpg.rf.Tjzb34jKteE0eFKgTMGN.jpg,train,web_katalog,tidak cocok pola CCTV mana pun (citra web/katalog),.jpg
2_302_jpg.rf.Vuww9kbgBXEhDyL6WKyY.jpg,train,web_katalog,tidak cocok pola CCTV mana pun (citra web/katalog),.jpg
2_303_jpg.rf.v99oCSNK7NYjJBgY9riT.jpg,train,web_katalog,tidak cocok pola CCTV mana pun (citra web/katalog),.jpg
2_304_jpg.rf.1G2R3DvX191XM9CutvNF.jpg,train,web_katalog,tidak cocok pola CCTV mana pun (citra web/katalog),.jpg
2_306_jpg.rf.9BFfI7umRKOBKpUOFKXE.jpg,train,web_katalog,tidak cocok pola CCTV mana pun (citra web/katalog),.jpg
2_308_jpg.rf.yYfoRoQeo3j6JLrkv1qt.jpg,train,web_katalog,tidak cocok pola CCTV mana pun (citra web/katalog),.jpg
2_30_jpg.rf.eYyz7sNIcUllsOeOXJxx.jpg,train,web_katalog,tidak cocok pola CCTV mana pun (citra web/katalog),.jpg
2_318_jpg.rf.ZETOfgE2WLdA9oRLFN2e.jpg,train,web_katalog,tidak cocok pola CCTV mana pun (citra web/katalog),.jpg
2_31_jpg.rf.h6rVlJso4nIxJpK0FWm3.jpg,train,web_katalog,tidak cocok pola CCTV mana pun (citra web/katalog),.jpg
2_322_jpg.rf.dDUCT7PnSZZfdMMRyoK3.jpg,train,web_katalog,tidak cocok pola CCTV mana pun (citra web/katalog),.jpg
2_323_jpg.rf.BpmQqO6I6jDSCIU6rw8J.jpg,train,web_katalog,tidak cocok pola CCTV mana pun (citra web/katalog),.jpg
2_324_jpg.rf.LCZRhXCsHzdP2Ow75huB.jpg,train,web_katalog,tidak cocok pola CCTV mana pun (citra web/katalog),.jpg
2_325_jpg.rf.d2Bw1WjRP3XXDJnDljle.jpg,train,web_katalog,tidak cocok pola CCTV mana pun (citra web/katalog),.jpg
2_326_jpg.rf.dNmKWfqpEkDjv0JEDdIj.jpg,train,web_katalog,tidak cocok pola CCTV mana pun (citra web/katalog),.jpg
2_328_jpg.rf.SwDePlNpCOWdaNHU3Q4T.jpg,train,web_katalog,tidak cocok pola CCTV mana pun (citra web/katalog),.jpg
2_32_jpg.rf.SeIFtLzBDrRGsrllb9mG.jpg,train,web_katalog,tidak cocok pola CCTV mana pun (citra web/katalog),.jpg
2_330_jpg.rf.v94eRAvYD28ypn2afHrk.jpg,train,web_katalog,tidak cocok pola CCTV mana pun (citra web/katalog),.jpg
2_332_jpg.rf.G2De5K1P8PimNfpmSBKO.jpg,train,web_katalog,tidak cocok pola CCTV mana pun (citra web/katalog),.jpg
2_333_jpg.rf.dI9EKq1JQQsKeS6ko4bR.jpg,train,web_katalog,tidak cocok pola CCTV mana pun (citra web/katalog),.jpg
2_334_jpg.rf.6z7g6eBLRv9VH16eEJKU.jpg,train,web_katalog,tidak cocok pola CCTV mana pun (citra web/katalog),.jpg
2_335_jpg.rf.iNeCRPMdCTTDQLwJFbyQ.jpg,train,web_katalog,tidak cocok pola CCTV mana pun (citra web/katalog),.jpg
2_336_jpg.rf.f82LCuzdsLqk0NEOU3tF.jpg,train,web_katalog,tidak cocok pola CCTV mana pun (citra web/katalog),.jpg
2_337_jpg.rf.oVv6l39oukdX6kXMq03C.jpg,train,web_katalog,tidak cocok pola CCTV mana pun (citra web/katalog),.jpg
2_338_jpg.rf.97j94MZuEtCKbw298YyD.jpg,train,web_katalog,tidak cocok pola CCTV mana pun (citra web/katalog),.jpg
2_33_jpg.rf.39cG4bAcILIskTZE8odG.jpg,train,web_katalog,tidak cocok pola CCTV mana pun (citra web/katalog),.jpg
2_341_jpg.rf.YDrzKOV7JBbUr8AKM88n.jpg,train,web_katalog,tidak cocok pola CCTV mana pun (citra web/katalog),.jpg
2_344_jpg.rf.Qk6taZanXN2p8Rn79Keb.jpg,train,web_katalog,tidak cocok pola CCTV mana pun (citra web/katalog),.jpg
2_345_jpg.rf.9Y3W103uF53QobNzrm5L.jpg,train,web_katalog,tidak cocok pola CCTV mana pun (citra web/katalog),.jpg
2_347_jpg.rf.KoUh3u6Xl6Z0bYV9OzH1.jpg,train,web_katalog,tidak cocok pola CCTV mana pun (citra web/katalog),.jpg
2_348_jpg.rf.RUNYcNY4bwHSzu8IuMGN.jpg,train,web_katalog,tidak cocok pola CCTV mana pun (citra web/katalog),.jpg
2_34_jpg.rf.LeVsZrRok7ewaI7EJWlR.jpg,train,web_katalog,tidak cocok pola CCTV mana pun (citra web/katalog),.jpg
2_351_jpg.rf.S2XY2lcoSxNbexVyRj5c.jpg,train,web_katalog,tidak cocok pola CCTV mana pun (citra web/katalog),.jpg
2_352_jpg.rf.SJAQQNQlShwtoTuDHtlk.jpg,train,web_katalog,tidak cocok pola CCTV mana pun (citra web/katalog),.jpg
2_356_jpg.rf.r11eKao13FdCAs5dMvPJ.jpg,train,web_katalog,tidak cocok pola CCTV mana pun (citra web/katalog),.jpg
2_357_jpg.rf.ZmQQ7e7Zs658lpZ4YS7g.jpg,train,web_katalog,tidak cocok pola CCTV mana pun (citra web/katalog),.jpg
2_358_jpg.rf.lIHjKNrIUX0ZOP0cn0Gi.jpg,train,web_katalog,tidak cocok pola CCTV mana pun (citra web/katalog),.jpg
2_360_jpg.rf.bD4S49SJRBgZM4uMeCFF.jpg,train,web_katalog,tidak cocok pola CCTV mana pun (citra web/katalog),.jpg
2_361_jpg.rf.yrbp6z1VUwzLy2hPqalP.jpg,train,web_katalog,tidak cocok pola CCTV mana pun (citra web/katalog),.jpg
2_362_jpg.rf.G0INv2bKpcZmNtkBUOEb.jpg,train,web_katalog,tidak cocok pola CCTV mana pun (citra web/katalog),.jpg
2_363_jpg.rf.T6J4FkKG5v5YSUhK2iGJ.jpg,train,web_katalog,tidak cocok pola CCTV mana pun (citra web/katalog),.jpg
2_364_jpg.rf.YL1PBzK1bhPryfMAeKmc.jpg,train,web_katalog,tidak cocok pola CCTV mana pun (citra web/katalog),.jpg
2_368_jpg.rf.Vy6bMHKgMWHlthGvY0m4.jpg,train,web_katalog,tidak cocok pola CCTV mana pun (citra web/katalog),.jpg
2_369_jpg.rf.JjPTfcct0EjTrg168IAw.jpg,train,web_katalog,tidak cocok pola CCTV mana pun (citra web/katalog),.jpg
2_36_jpg.rf.xjvmfbU07JkarTpBOpjE.jpg,train,web_katalog,tidak cocok pola CCTV mana pun (citra web/katalog),.jpg
2_372_jpg.rf.eebHz1mHezI2WVNcsiYm.jpg,train,web_katalog,tidak cocok pola CCTV mana pun (citra web/katalog),.jpg
2_373_jpg.rf.aOyEmficHmz74ChwdcIX.jpg,train,web_katalog,tidak cocok pola CCTV mana pun (citra web/katalog),.jpg
2_374_jpg.rf.8Akz395UZX1MQVfSnGcu.jpg,train,web_katalog,tidak cocok pola CCTV mana pun (citra web/katalog),.jpg
2_378_jpg.rf.eG5u0p8q6tiIdihHdvX3.jpg,train,web_katalog,tidak cocok pola CCTV mana pun (citra web/katalog),.jpg
2_379_jpg.rf.cWunhFe6Aea8LsRLefho.jpg,train,web_katalog,tidak cocok pola CCTV mana pun (citra web/katalog),.jpg
2_380_jpg.rf.CoDu54nUxLUsMj9wTx3E.jpg,train,web_katalog,tidak cocok pola CCTV mana pun (citra web/katalog),.jpg
2_381_jpg.rf.ViwaSVP5yjQVOiaMPrNa.jpg,train,web_katalog,tidak cocok pola CCTV mana pun (citra web/katalog),.jpg
2_383_jpg.rf.hgV8bnneUBGw1DWSyYCc.jpg,train,web_katalog,tidak cocok pola CCTV mana pun (citra web/katalog),.jpg
2_386_jpg.rf.elBJA3FdPNU7PovKujhB.jpg,train,web_katalog,tidak cocok pola CCTV mana pun (citra web/katalog),.jpg
2_387_jpg.rf.vXf3IdY4v3azZfAgJAC0.jpg,train,web_katalog,tidak cocok pola CCTV mana pun (citra web/katalog),.jpg
2_388_jpg.rf.EQxnuCUO0olerNkaqTGo.jpg,train,web_katalog,tidak cocok pola CCTV mana pun (citra web/katalog),.jpg
2_389_jpg.rf.IJGHH07iXVFnCR3Ik6qY.jpg,train,web_katalog,tidak cocok pola CCTV mana pun (citra web/katalog),.jpg
2_390_jpg.rf.OZbfCwTt35tfPGAbfBSd.jpg,train,web_katalog,tidak cocok pola CCTV mana pun (citra web/katalog),.jpg
2_391_jpg.rf.bEA5I2ZLzKSf7ZD2EU3j.jpg,train,web_katalog,tidak cocok pola CCTV mana pun (citra web/katalog),.jpg
2_395_jpg.rf.aIjFrjCuZQaYURETjzLV.jpg,train,web_katalog,tidak cocok pola CCTV mana pun (citra web/katalog),.jpg
2_396_jpg.rf.pzupQNnaxbHKeoCGs14A.jpg,train,web_katalog,tidak cocok pola CCTV mana pun (citra web/katalog),.jpg
2_397_jpg.rf.TtzdYDbhfjeV0zL3U2B3.jpg,train,web_katalog,tidak cocok pola CCTV mana pun (citra web/katalog),.jpg
2_398_jpg.rf.hK4pJOcS0jvv2mZNMrcB.jpg,train,web_katalog,tidak cocok pola CCTV mana pun (citra web/katalog),.jpg
2_39_jpg.rf.Cwubr8tCOZxQxWrVNzij.jpg,train,web_katalog,tidak cocok pola CCTV mana pun (citra web/katalog),.jpg
2_400_jpg.rf.k9XJB2JV5x5isTI2EpBP.jpg,train,web_katalog,tidak cocok pola CCTV mana pun (citra web/katalog),.jpg
2_403_jpg.rf.AvkehIFSYAOQK2HL5ykC.jpg,train,web_katalog,tidak cocok pola CCTV mana pun (citra web/katalog),.jpg
2_404_jpg.rf.gaMkgAYZlVozcS5xbqAv.jpg,train,web_katalog,tidak cocok pola CCTV mana pun (citra web/katalog),.jpg
2_405_jpg.rf.7BYhOv1Zi1oMb40aBYUV.jpg,train,web_katalog,tidak cocok pola CCTV mana pun (citra web/katalog),.jpg
2_408_jpg.rf.tO9LQKzYUqOML2AWuw0x.jpg,train,web_katalog,tidak cocok pola CCTV mana pun (citra web/katalog),.jpg
2_409_jpg.rf.zFpsoXzOjZIutReVxElS.jpg,train,web_katalog,tidak cocok pola CCTV mana pun (citra web/katalog),.jpg
2_40_jpg.rf.5Gtt1KORVIFqWsaO9bOX.jpg,train,web_katalog,tidak cocok pola CCTV mana pun (citra web/katalog),.jpg
2_410_jpg.rf.z0j9fp2ruWtxRpoWxQEG.jpg,train,web_katalog,tidak cocok pola CCTV mana pun (citra web/katalog),.jpg
2_411_jpg.rf.n2t0SYHHHhYhjXerYbLx.jpg,train,web_katalog,tidak cocok pola CCTV mana pun (citra web/katalog),.jpg
2_412_jpg.rf.iNsO1VChXh4qzFX4KWMA.jpg,train,web_katalog,tidak cocok pola CCTV mana pun (citra web/katalog),.jpg
2_414_jpg.rf.NYDeTZWjNz9V6x4UKLa8.jpg,train,web_katalog,tidak cocok pola CCTV mana pun (citra web/katalog),.jpg
2_416_jpg.rf.n28XrU6wH0viQ8XdviGU.jpg,train,web_katalog,tidak cocok pola CCTV mana pun (citra web/katalog),.jpg
2_418_jpg.rf.8TjhgAK1eLMSpibXjYgq.jpg,train,web_katalog,tidak cocok pola CCTV mana pun (citra web/katalog),.jpg
2_421_jpg.rf.Ag498Ab2BLN7q5yfhQYz.jpg,train,web_katalog,tidak cocok pola CCTV mana pun (citra web/katalog),.jpg
2_422_jpg.rf.Fs2QPMmiFWr7l9FcshKl.jpg,train,web_katalog,tidak cocok pola CCTV mana pun (citra web/katalog),.jpg
2_423_jpg.rf.36VuXqm9wmCSMOWYV0BS.jpg,train,web_katalog,tidak cocok pola CCTV mana pun (citra web/katalog),.jpg
2_425_jpg.rf.YSVuDPe4w9WSpYTp8T8j.jpg,train,web_katalog,tidak cocok pola CCTV mana pun (citra web/katalog),.jpg
2_427_jpg.rf.3OZEQI9NNeQANC891CGD.jpg,train,web_katalog,tidak cocok pola CCTV mana pun (citra web/katalog),.jpg
2_431_jpg.rf.F4YPRmEDcyk4WuxrkGyQ.jpg,train,web_katalog,tidak cocok pola CCTV mana pun (citra web/katalog),.jpg
2_432_jpg.rf.68fAKjaUEphCwi1umVfc.jpg,train,web_katalog,tidak cocok pola CCTV mana pun (citra web/katalog),.jpg
2_433_jpg.rf.5z6dSQcjkPDpsN7j2S2S.jpg,train,web_katalog,tidak cocok pola CCTV mana pun (citra web/katalog),.jpg
2_434_jpg.rf.DyMHOoVVWuIbpSeptXJY.jpg,train,web_katalog,tidak cocok pola CCTV mana pun (citra web/katalog),.jpg
2_440_jpg.rf.xyHkRbvv9FLC0s5XI6qH.jpg,train,web_katalog,tidak cocok pola CCTV mana pun (citra web/katalog),.jpg
2_441_jpg.rf.9K5HqJHFeCARrPAFnZPk.jpg,train,web_katalog,tidak cocok pola CCTV mana pun (citra web/katalog),.jpg
2_442_jpg.rf.OJb26OOVvPcoqYjfd448.jpg,train,web_katalog,tidak cocok pola CCTV mana pun (citra web/katalog),.jpg
2_445_jpg.rf.DTW0dRIBkGYSCwn2Ys5B.jpg,train,web_katalog,tidak cocok pola CCTV mana pun (citra web/katalog),.jpg
2_450_jpg.rf.NA9FDR0ds38gnk29YEi5.jpg,train,web_katalog,tidak cocok pola CCTV mana pun (citra web/katalog),.jpg
2_454_jpg.rf.So9XxSvowH04tBRvhB6i.jpg,train,web_katalog,tidak cocok pola CCTV mana pun (citra web/katalog),.jpg
2_457_jpg.rf.h5xsrUwVwaqGaxJs4xLk.jpg,train,web_katalog,tidak cocok pola CCTV mana pun (citra web/katalog),.jpg
2_459_jpg.rf.KLOBz9bdvLUNt2vOsTId.jpg,train,web_katalog,tidak cocok pola CCTV mana pun (citra web/katalog),.jpg
2_45_jpg.rf.0MbVgA3cgOXGGEFv5HBx.jpg,train,web_katalog,tidak cocok pola CCTV mana pun (citra web/katalog),.jpg
2_468_jpg.rf.0u6TMqJ3SODwxH8A1Cmm.jpg,train,web_katalog,tidak cocok pola CCTV mana pun (citra web/katalog),.jpg
2_469_jpg.rf.2cSjT9Cn6h0SWf1RYpnL.jpg,train,web_katalog,tidak cocok pola CCTV mana pun (citra web/katalog),.jpg
2_46_jpg.rf.FeCc21MukmYlFHjWpb3O.jpg,train,web_katalog,tidak cocok pola CCTV mana pun (citra web/katalog),.jpg
2_470_jpg.rf.R0ff9qYyjX7QjFAGhgGy.jpg,train,web_katalog,tidak cocok pola CCTV mana pun (citra web/katalog),.jpg
2_471_jpg.rf.2YGUWTmjotiGPE6QhxOO.jpg,train,web_katalog,tidak cocok pola CCTV mana pun (citra web/katalog),.jpg
2_474_jpg.rf.fAj9fcMtGumbj6WZrZx8.jpg,train,web_katalog,tidak cocok pola CCTV mana pun (citra web/katalog),.jpg
2_475_jpg.rf.SJ2tKgZWqcOsJss3qGkZ.jpg,train,web_katalog,tidak cocok pola CCTV mana pun (citra web/katalog),.jpg
2_476_jpg.rf.dHP9KCeUCHwCp6yt0bVS.jpg,train,web_katalog,tidak cocok pola CCTV mana pun (citra web/katalog),.jpg
2_479_jpg.rf.wyDQBdbyUlJELb2TlVzS.jpg,train,web_katalog,tidak cocok pola CCTV mana pun (citra web/katalog),.jpg
2_47_jpg.rf.88x1ZECZ17KS99vivMnN.jpg,train,web_katalog,tidak cocok pola CCTV mana pun (citra web/katalog),.jpg
2_482_jpg.rf.rIrWdMWZstVqsLQ2XZhd.jpg,train,web_katalog,tidak cocok pola CCTV mana pun (citra web/katalog),.jpg
2_485_jpg.rf.eNgMLAfjjVhWz9Viiiui.jpg,train,web_katalog,tidak cocok pola CCTV mana pun (citra web/katalog),.jpg
2_487_jpg.rf.QTmzXPiYKNuQgPqqOLEx.jpg,train,web_katalog,tidak cocok pola CCTV mana pun (citra web/katalog),.jpg
2_490_jpg.rf.LlNjLkp3DxjeYeD0Eh3J.jpg,train,web_katalog,tidak cocok pola CCTV mana pun (citra web/katalog),.jpg
2_491_jpg.rf.miEvKJaPtq3aCiY3G7bJ.jpg,train,web_katalog,tidak cocok pola CCTV mana pun (citra web/katalog),.jpg
2_493_jpg.rf.WaaIuqAqhkUHrYRjip69.jpg,train,web_katalog,tidak cocok pola CCTV mana pun (citra web/katalog),.jpg
2_496_jpg.rf.Wg67kIuWYwIoOkV5kwf5.jpg,train,web_katalog,tidak cocok pola CCTV mana pun (citra web/katalog),.jpg
2_498_jpg.rf.sRfVu9zhxwcMPkqPD4hL.jpg,train,web_katalog,tidak cocok pola CCTV mana pun (citra web/katalog),.jpg
2_499_jpg.rf.coF8LMdnQYZ1mRVlNFtL.jpg,train,web_katalog,tidak cocok pola CCTV mana pun (citra web/katalog),.jpg
2_501_jpg.rf.Z9e2TbjBt5rpcc661lDH.jpg,train,web_katalog,tidak cocok pola CCTV mana pun (citra web/katalog),.jpg
2_504_jpg.rf.dPrqzc3ygR9OpMuzQzkQ.jpg,train,web_katalog,tidak cocok pola CCTV mana pun (citra web/katalog),.jpg
2_505_jpg.rf.JjPtvJwMCEv4Hb4C7BB3.jpg,train,web_katalog,tidak cocok pola CCTV mana pun (citra web/katalog),.jpg
2_509_jpg.rf.XbmLuiSCjULqaBEvbbih.jpg,train,web_katalog,tidak cocok pola CCTV mana pun (citra web/katalog),.jpg
2_511_jpg.rf.N8KaH7UyPnhdDeO7wbNc.jpg,train,web_katalog,tidak cocok pola CCTV mana pun (citra web/katalog),.jpg
2_514_jpg.rf.qXBycdbC6S3qY09tyV7W.jpg,train,web_katalog,tidak cocok pola CCTV mana pun (citra web/katalog),.jpg
2_518_jpg.rf.2BIqi7gyvTsXQXtIilLy.jpg,train,web_katalog,tidak cocok pola CCTV mana pun (citra web/katalog),.jpg
2_519_jpg.rf.bqy17MxWARXQWxnlyheW.jpg,train,web_katalog,tidak cocok pola CCTV mana pun (citra web/katalog),.jpg
2_51_jpg.rf.lzMobBsWPTeFLcmCWmIw.jpg,train,web_katalog,tidak cocok pola CCTV mana pun (citra web/katalog),.jpg
2_523_jpg.rf.EWyQGQXMJzS9dn4AYOh7.jpg,train,web_katalog,tidak cocok pola CCTV mana pun (citra web/katalog),.jpg
2_52_jpg.rf.Y36WESpRBSLNpvpkShjT.jpg,train,web_katalog,tidak cocok pola CCTV mana pun (citra web/katalog),.jpg
2_538_jpg.rf.s5mntitoPR8LmHUmcoje.jpg,train,web_katalog,tidak cocok pola CCTV mana pun (citra web/katalog),.jpg
2_53_jpg.rf.vBL0Flfn3DtTzyaSDUot.jpg,train,web_katalog,tidak cocok pola CCTV mana pun (citra web/katalog),.jpg
2_540_jpg.rf.BjzspBn8YzxTgTDdPPer.jpg,train,web_katalog,tidak cocok pola CCTV mana pun (citra web/katalog),.jpg
2_542_jpg.rf.sUjXCrIh1ZY416mxvI50.jpg,train,web_katalog,tidak cocok pola CCTV mana pun (citra web/katalog),.jpg
2_543_jpg.rf.pJeodJnuBTXziZCCysEn.jpg,train,web_katalog,tidak cocok pola CCTV mana pun (citra web/katalog),.jpg
2_544_jpg.rf.zs1CfTAQoHRKydJByDuh.jpg,train,web_katalog,tidak cocok pola CCTV mana pun (citra web/katalog),.jpg
2_545_jpg.rf.HSXBW1RlaYr7Jg2NL3EW.jpg,train,web_katalog,tidak cocok pola CCTV mana pun (citra web/katalog),.jpg
2_546_jpg.rf.ZIsuPQdPQF2ccTAMKWWT.jpg,train,web_katalog,tidak cocok pola CCTV mana pun (citra web/katalog),.jpg
2_549_jpg.rf.t8gntJYaRkYzThHg2y1i.jpg,train,web_katalog,tidak cocok pola CCTV mana pun (citra web/katalog),.jpg
2_551_jpg.rf.kTTa6SOg3hCuAoELoFvW.jpg,train,web_katalog,tidak cocok pola CCTV mana pun (citra web/katalog),.jpg
2_552_jpg.rf.kzBwxybUNV4GS1QtDk1x.jpg,train,web_katalog,tidak cocok pola CCTV mana pun (citra web/katalog),.jpg
2_553_jpg.rf.8PuyjduewDC3PXcpaSR5.jpg,train,web_katalog,tidak cocok pola CCTV mana pun (citra web/katalog),.jpg
2_558_jpg.rf.wlumFZA7GEb8wrKj564X.jpg,train,web_katalog,tidak cocok pola CCTV mana pun (citra web/katalog),.jpg
2_559_jpg.rf.nZLnseNYfczgAkoCIkAC.jpg,train,web_katalog,tidak cocok pola CCTV mana pun (citra web/katalog),.jpg
2_560_jpg.rf.A8XuUFiQTnHDQrBM06uD.jpg,train,web_katalog,tidak cocok pola CCTV mana pun (citra web/katalog),.jpg
2_564_jpg.rf.IldhNWt4SPCDEHu9yvmX.jpg,train,web_katalog,tidak cocok pola CCTV mana pun (citra web/katalog),.jpg
2_574_jpg.rf.57xmpFg4xtILlDNShbzp.jpg,train,web_katalog,tidak cocok pola CCTV mana pun (citra web/katalog),.jpg
2_577_jpg.rf.ZytJtSfku82DPSuZyePS.jpg,train,web_katalog,tidak cocok pola CCTV mana pun (citra web/katalog),.jpg
2_578_jpg.rf.jjK7C0hr4vBMYjKFQ0se.jpg,train,web_katalog,tidak cocok pola CCTV mana pun (citra web/katalog),.jpg
2_57_jpg.rf.47UVZFlwrYEmpPjZ6SJ7.jpg,train,web_katalog,tidak cocok pola CCTV mana pun (citra web/katalog),.jpg
2_57_jpg.rf.8hxLZ7KEaOt7vBpbADgA.jpg,train,web_katalog,tidak cocok pola CCTV mana pun (citra web/katalog),.jpg
2_585_jpg.rf.spJGzEoXJGNrKekpr6G6.jpg,train,web_katalog,tidak cocok pola CCTV mana pun (citra web/katalog),.jpg
2_589_jpg.rf.JwvefmT6QnuUYSWGAiJe.jpg,train,web_katalog,tidak cocok pola CCTV mana pun (citra web/katalog),.jpg
2_593_jpg.rf.KeXUnpNXmoqQXFHJHBR3.jpg,train,web_katalog,tidak cocok pola CCTV mana pun (citra web/katalog),.jpg
2_597_jpg.rf.5Fb4ijvNgtsWzP4wshu1.jpg,train,web_katalog,tidak cocok pola CCTV mana pun (citra web/katalog),.jpg
2_598_jpg.rf.f4X6PrLKNFqQJBGtO22W.jpg,train,web_katalog,tidak cocok pola CCTV mana pun (citra web/katalog),.jpg
2_600_jpg.rf.dBrGrw9S9eSZxrYmvZcD.jpg,train,web_katalog,tidak cocok pola CCTV mana pun (citra web/katalog),.jpg
2_601_jpg.rf.1TlXOwclD8BvM1hvXBta.jpg,train,web_katalog,tidak cocok pola CCTV mana pun (citra web/katalog),.jpg
2_602_jpg.rf.vgddqseuC3WCIpyNL4Ub.jpg,train,web_katalog,tidak cocok pola CCTV mana pun (citra web/katalog),.jpg
2_607_jpg.rf.7eBklw2gTd2kO7wPNjdS.jpg,train,web_katalog,tidak cocok pola CCTV mana pun (citra web/katalog),.jpg
2_60_jpg.rf.d1e2P3PCWyQkWB1zSBKh.jpg,train,web_katalog,tidak cocok pola CCTV mana pun (citra web/katalog),.jpg
2_610_jpg.rf.i08RQX8pF5I4bZ5XTIM6.jpg,train,web_katalog,tidak cocok pola CCTV mana pun (citra web/katalog),.jpg
2_616_jpg.rf.TdSYEXuocO8gAZcCfkq1.jpg,train,web_katalog,tidak cocok pola CCTV mana pun (citra web/katalog),.jpg
2_617_jpg.rf.L90b8s5lj8H4JOZdHqsL.jpg,train,web_katalog,tidak cocok pola CCTV mana pun (citra web/katalog),.jpg
2_624_jpg.rf.5iDskVCWqjuixnNqaEHI.jpg,train,web_katalog,tidak cocok pola CCTV mana pun (citra web/katalog),.jpg
2_627_jpg.rf.7Vcmhx1kmZF3PKamNSTW.jpg,train,web_katalog,tidak cocok pola CCTV mana pun (citra web/katalog),.jpg
2_631_jpg.rf.ynvggIcXoSD4KB9Sp2Gq.jpg,train,web_katalog,tidak cocok pola CCTV mana pun (citra web/katalog),.jpg
2_633_jpg.rf.wOynuZi4cdCmQm31zR2B.jpg,train,web_katalog,tidak cocok pola CCTV mana pun (citra web/katalog),.jpg
2_634_jpg.rf.SnX3Iqk1thYpgyR4sSCj.jpg,train,web_katalog,tidak cocok pola CCTV mana pun (citra web/katalog),.jpg
2_636_jpg.rf.hR2RCHKAoLEHYCT3UBOV.jpg,train,web_katalog,tidak cocok pola CCTV mana pun (citra web/katalog),.jpg
2_637_jpg.rf.PnP53Zw3dYAsHsPVEVth.jpg,train,web_katalog,tidak cocok pola CCTV mana pun (citra web/katalog),.jpg
2_638_jpg.rf.toTjf4hA1G37xeBLxA6J.jpg,train,web_katalog,tidak cocok pola CCTV mana pun (citra web/katalog),.jpg
2_640_jpg.rf.l9Uq5CCjizLvP5Wyu7dO.jpg,train,web_katalog,tidak cocok pola CCTV mana pun (citra web/katalog),.jpg
2_641_jpg.rf.OSN2AF6T2MkjfwzlCENz.jpg,train,web_katalog,tidak cocok pola CCTV mana pun (citra web/katalog),.jpg
2_642_jpg.rf.150fiewoZeQXn7Suc1lC.jpg,train,web_katalog,tidak cocok pola CCTV mana pun (citra web/katalog),.jpg
2_645_jpg.rf.J8qXn9sZ4zpA456PLgFL.jpg,train,web_katalog,tidak cocok pola CCTV mana pun (citra web/katalog),.jpg
2_648_jpg.rf.QBOIXDfRWSv8es6q6S0w.jpg,train,web_katalog,tidak cocok pola CCTV mana pun (citra web/katalog),.jpg
2_649_jpg.rf.LHh0DRNkEb45s1sBxRCO.jpg,train,web_katalog,tidak cocok pola CCTV mana pun (citra web/katalog),.jpg
2_64_jpg.rf.2mWatyF9H9GTcTHca3JA.jpg,train,web_katalog,tidak cocok pola CCTV mana pun (citra web/katalog),.jpg
2_650_jpg.rf.2UUNxtAqOm6K8K026AB3.jpg,train,web_katalog,tidak cocok pola CCTV mana pun (citra web/katalog),.jpg
2_651_jpg.rf.a5zwH5DGmQ5puaQNUAMH.jpg,train,web_katalog,tidak cocok pola CCTV mana pun (citra web/katalog),.jpg
2_653_jpg.rf.vIDkzERr24MMOHFir1HI.jpg,train,web_katalog,tidak cocok pola CCTV mana pun (citra web/katalog),.jpg
2_658_jpg.rf.iAIBVBvltR8mfI8G9SyE.jpg,train,web_katalog,tidak cocok pola CCTV mana pun (citra web/katalog),.jpg
2_65_jpg.rf.HhQf7dvPIjY2hrDYNzQW.jpg,train,web_katalog,tidak cocok pola CCTV mana pun (citra web/katalog),.jpg
2_660_jpg.rf.db7IJ1wbxagAyIe8yD0R.jpg,train,web_katalog,tidak cocok pola CCTV mana pun (citra web/katalog),.jpg
2_662_jpg.rf.jhrOKk7tBOneSM2x4adN.jpg,train,web_katalog,tidak cocok pola CCTV mana pun (citra web/katalog),.jpg
2_664_jpg.rf.AvtVv7MI5zYMzuGbs422.jpg,train,web_katalog,tidak cocok pola CCTV mana pun (citra web/katalog),.jpg
2_665_jpg.rf.mwiWTAnTMpSnCQoE0lOC.jpg,train,web_katalog,tidak cocok pola CCTV mana pun (citra web/katalog),.jpg
2_668_jpg.rf.nKdeRkGS27SdDK10X9WM.jpg,train,web_katalog,tidak cocok pola CCTV mana pun (citra web/katalog),.jpg
2_669_jpg.rf.6cJS0XBCetFqSGHybyPP.jpg,train,web_katalog,tidak cocok pola CCTV mana pun (citra web/katalog),.jpg
2_670_jpg.rf.mv6zIy7bRJOCk4Gn4qSt.jpg,train,web_katalog,tidak cocok pola CCTV mana pun (citra web/katalog),.jpg
2_671_jpg.rf.BvSjw2xyZThAJ1aqiEl4.jpg,train,web_katalog,tidak cocok pola CCTV mana pun (citra web/katalog),.jpg
2_672_jpg.rf.vra6UbX4Uwpx6pZKExOB.jpg,train,web_katalog,tidak cocok pola CCTV mana pun (citra web/katalog),.jpg
2_680_jpg.rf.nVK9qsgrCzrvV3PtcVrj.jpg,train,web_katalog,tidak cocok pola CCTV mana pun (citra web/katalog),.jpg
2_681_jpg.rf.hgmyoOic9ZKWbXIPp8Ff.jpg,train,web_katalog,tidak cocok pola CCTV mana pun (citra web/katalog),.jpg
2_682_jpg.rf.cIoF11P0rE64iNPQquaC.jpg,train,web_katalog,tidak cocok pola CCTV mana pun (citra web/katalog),.jpg
2_685_jpg.rf.lFoHDDY88lgD7fBfqYFl.jpg,train,web_katalog,tidak cocok pola CCTV mana pun (citra web/katalog),.jpg
2_688_jpg.rf.BwSOiCxIA2LW6t46hyMq.jpg,train,web_katalog,tidak cocok pola CCTV mana pun (citra web/katalog),.jpg
2_690_jpg.rf.dfF6A25ttdWz0CorTKz3.jpg,train,web_katalog,tidak cocok pola CCTV mana pun (citra web/katalog),.jpg
2_695_jpg.rf.PhGPSgbgthSfkq2l7Ito.jpg,train,web_katalog,tidak cocok pola CCTV mana pun (citra web/katalog),.jpg
2_698_jpg.rf.1N9jKoazv0PeiHRMQhlW.jpg,train,web_katalog,tidak cocok pola CCTV mana pun (citra web/katalog),.jpg
2_703_jpg.rf.vElHv5RRvzrDSUhrbFAO.jpg,train,web_katalog,tidak cocok pola CCTV mana pun (citra web/katalog),.jpg
2_707_jpg.rf.W4poKzJWdZ6t2GaqtF4H.jpg,train,web_katalog,tidak cocok pola CCTV mana pun (citra web/katalog),.jpg
2_712_jpg.rf.HWgez1Xpy559cYp7JNbx.jpg,train,web_katalog,tidak cocok pola CCTV mana pun (citra web/katalog),.jpg
2_714_jpg.rf.Hr64gvBVujwwGjFmO8pd.jpg,train,web_katalog,tidak cocok pola CCTV mana pun (citra web/katalog),.jpg
2_715_jpg.rf.GQ6nfzofKJeeTqBNgWJJ.jpg,train,web_katalog,tidak cocok pola CCTV mana pun (citra web/katalog),.jpg
2_716_jpg.rf.vzVG3FBrO9fKmrlo9oUp.jpg,train,web_katalog,tidak cocok pola CCTV mana pun (citra web/katalog),.jpg
2_71_jpg.rf.8hqMpzDQvduujF65SRqi.jpg,train,web_katalog,tidak cocok pola CCTV mana pun (citra web/katalog),.jpg
2_724_jpg.rf.T1o4PwzFV1LUNIkTADZE.jpg,train,web_katalog,tidak cocok pola CCTV mana pun (citra web/katalog),.jpg
2_727_jpg.rf.yqL505ZjOEvMaiDYbQLw.jpg,train,web_katalog,tidak cocok pola CCTV mana pun (citra web/katalog),.jpg
2_728_jpg.rf.coWIw6qsaJtfp786rwHM.jpg,train,web_katalog,tidak cocok pola CCTV mana pun (citra web/katalog),.jpg
2_730_jpg.rf.oWfxKLyqytUVrpsqIn2p.jpg,train,web_katalog,tidak cocok pola CCTV mana pun (citra web/katalog),.jpg
2_732_jpg.rf.eLdLp8hlPVpfZsRQQFBB.jpg,train,web_katalog,tidak cocok pola CCTV mana pun (citra web/katalog),.jpg
2_734_jpg.rf.yd3HkZSYRfzW3QJr456l.jpg,train,web_katalog,tidak cocok pola CCTV mana pun (citra web/katalog),.jpg
2_738_jpg.rf.sh2BgxYsOiULjOtNFa0x.jpg,train,web_katalog,tidak cocok pola CCTV mana pun (citra web/katalog),.jpg
2_741_jpg.rf.ZRwJmDug7TKaVgwebdfT.jpg,train,web_katalog,tidak cocok pola CCTV mana pun (citra web/katalog),.jpg
2_742_jpg.rf.GMzezRafUKyJC3ld7FVG.jpg,train,web_katalog,tidak cocok pola CCTV mana pun (citra web/katalog),.jpg
2_745_jpg.rf.2QV3w7UX0IR931JF8riS.jpg,train,web_katalog,tidak cocok pola CCTV mana pun (citra web/katalog),.jpg
2_746_jpg.rf.eXEuNzr2SpnQsACwfBSi.jpg,train,web_katalog,tidak cocok pola CCTV mana pun (citra web/katalog),.jpg
2_748_jpg.rf.W2JAKnRKL7z5ejLPbMyD.jpg,train,web_katalog,tidak cocok pola CCTV mana pun (citra web/katalog),.jpg
2_751_jpg.rf.QDSHRQo3A1rThtwj7UQw.jpg,train,web_katalog,tidak cocok pola CCTV mana pun (citra web/katalog),.jpg
2_752_jpg.rf.RbJmZl0nBojGqgeaOSQR.jpg,train,web_katalog,tidak cocok pola CCTV mana pun (citra web/katalog),.jpg
2_755_jpg.rf.CVMGh5VpxmxMxvAHS39B.jpg,train,web_katalog,tidak cocok pola CCTV mana pun (citra web/katalog),.jpg
2_756_jpg.rf.wx2SDAShBF6CMpOmooOy.jpg,train,web_katalog,tidak cocok pola CCTV mana pun (citra web/katalog),.jpg
2_758_jpg.rf.vp8Ug8rf8oQoUtBC9ax9.jpg,train,web_katalog,tidak cocok pola CCTV mana pun (citra web/katalog),.jpg
2_759_jpg.rf.Jw9fbsARD8pSXGryYrMI.jpg,train,web_katalog,tidak cocok pola CCTV mana pun (citra web/katalog),.jpg
2_761_jpg.rf.LlSWelMaF4oNunNptLQX.jpg,train,web_katalog,tidak cocok pola CCTV mana pun (citra web/katalog),.jpg
2_762_jpg.rf.FE0WIecEtS3BmXkbPs79.jpg,train,web_katalog,tidak cocok pola CCTV mana pun (citra web/katalog),.jpg
2_763_jpg.rf.4X5PFfF9Vm51lK5oIaX8.jpg,train,web_katalog,tidak cocok pola CCTV mana pun (citra web/katalog),.jpg
2_775_jpg.rf.Qh2lAiPMnMzkwCtbNlmJ.jpg,train,web_katalog,tidak cocok pola CCTV mana pun (citra web/katalog),.jpg
2_779_jpg.rf.XOtUALVj4UY10EHyPHYu.jpg,train,web_katalog,tidak cocok pola CCTV mana pun (citra web/katalog),.jpg
2_77_jpg.rf.uQW4X1xX6bQRVrzAfX1J.jpg,train,web_katalog,tidak cocok pola CCTV mana pun (citra web/katalog),.jpg
2_789_jpg.rf.yelzqs6tMtjeFy8zVoJW.jpg,train,web_katalog,tidak cocok pola CCTV mana pun (citra web/katalog),.jpg
2_794_jpg.rf.t3OFuRK3ssVChfBDN18B.jpg,train,web_katalog,tidak cocok pola CCTV mana pun (citra web/katalog),.jpg
2_796_jpg.rf.dPtF3cGc63d7oVjf2fTB.jpg,train,web_katalog,tidak cocok pola CCTV mana pun (citra web/katalog),.jpg
2_797_jpg.rf.eikbbuRzfmU53YSvBcDe.jpg,train,web_katalog,tidak cocok pola CCTV mana pun (citra web/katalog),.jpg
2_801_jpg.rf.fxyBDLZZ9gVNX5bIEE0H.jpg,train,web_katalog,tidak cocok pola CCTV mana pun (citra web/katalog),.jpg
2_813_jpg.rf.7zVgkFGNHob9DOW9GScX.jpg,train,web_katalog,tidak cocok pola CCTV mana pun (citra web/katalog),.jpg
2_822_jpg.rf.229IDxQYIgNJZAkhLiGw.jpg,train,web_katalog,tidak cocok pola CCTV mana pun (citra web/katalog),.jpg
2_827_jpg.rf.hNNfgcOC9e8fmQKX2IOP.jpg,train,web_katalog,tidak cocok pola CCTV mana pun (citra web/katalog),.jpg
2_828_jpg.rf.my8rXkoheyIlTGnpPww0.jpg,train,web_katalog,tidak cocok pola CCTV mana pun (citra web/katalog),.jpg
2_829_jpg.rf.exCRl4izfIlv7CUIkUSk.jpg,train,web_katalog,tidak cocok pola CCTV mana pun (citra web/katalog),.jpg
2_831_jpg.rf.GF7yv7VLAx1viJK6doYx.jpg,train,web_katalog,tidak cocok pola CCTV mana pun (citra web/katalog),.jpg
2_832_jpg.rf.jNWAijWOq4rlYTbZOprx.jpg,train,web_katalog,tidak cocok pola CCTV mana pun (citra web/katalog),.jpg
2_833_jpg.rf.uvT2ZOCZTh5hEIUvWlVW.jpg,train,web_katalog,tidak cocok pola CCTV mana pun (citra web/katalog),.jpg
2_834_jpg.rf.y2tsVv5k9Duq4NsWcjzD.jpg,train,web_katalog,tidak cocok pola CCTV mana pun (citra web/katalog),.jpg
2_83_jpg.rf.jAEayBr7FxdjPjRarYMo.jpg,train,web_katalog,tidak cocok pola CCTV mana pun (citra web/katalog),.jpg
2_841_jpg.rf.vfWFX3RFggrC5yEikqKM.jpg,train,web_katalog,tidak cocok pola CCTV mana pun (citra web/katalog),.jpg
2_850_jpg.rf.JQiOwDoGesQqa3kK3h6S.jpg,train,web_katalog,tidak cocok pola CCTV mana pun (citra web/katalog),.jpg
2_851_jpg.rf.xWN58DcQE917bEB72W95.jpg,train,web_katalog,tidak cocok pola CCTV mana pun (citra web/katalog),.jpg
2_857_jpg.rf.3mjICygrkUj3aAg0HmSE.jpg,train,web_katalog,tidak cocok pola CCTV mana pun (citra web/katalog),.jpg
2_862_jpg.rf.oMSyyMPUe2wiOZVBQnGS.jpg,train,web_katalog,tidak cocok pola CCTV mana pun (citra web/katalog),.jpg
2_865_jpg.rf.zSORo0A9djWgcWh6upUT.jpg,train,web_katalog,tidak cocok pola CCTV mana pun (citra web/katalog),.jpg
2_866_jpg.rf.uenXiGvEqeDBDwJ5wO8r.jpg,train,web_katalog,tidak cocok pola CCTV mana pun (citra web/katalog),.jpg
2_868_jpg.rf.LTCpuydNyDTxiPx85SIS.jpg,train,web_katalog,tidak cocok pola CCTV mana pun (citra web/katalog),.jpg
2_869_jpg.rf.HkhsWHtBpXoQbNGktuI2.jpg,train,web_katalog,tidak cocok pola CCTV mana pun (citra web/katalog),.jpg
2_86_jpg.rf.jGup16DrP8dWh5UMFRpB.jpg,train,web_katalog,tidak cocok pola CCTV mana pun (citra web/katalog),.jpg
2_870_jpg.rf.dGmrjvc3puPhjROHq6rc.jpg,train,web_katalog,tidak cocok pola CCTV mana pun (citra web/katalog),.jpg
2_873_jpg.rf.PzZ4uYj4MqpUvFxrkNps.jpg,train,web_katalog,tidak cocok pola CCTV mana pun (citra web/katalog),.jpg
2_875_jpg.rf.GFMmO8LFxYkiyvt6qlEF.jpg,train,web_katalog,tidak cocok pola CCTV mana pun (citra web/katalog),.jpg
2_879_jpg.rf.LXwxf67lNuszaDhQeTsq.jpg,train,web_katalog,tidak cocok pola CCTV mana pun (citra web/katalog),.jpg
2_887_jpg.rf.9Q6MZZG5Z0z9tWN8c5sS.jpg,train,web_katalog,tidak cocok pola CCTV mana pun (citra web/katalog),.jpg
2_889_jpg.rf.P9WlvUFzsNAB2d3M5Amt.jpg,train,web_katalog,tidak cocok pola CCTV mana pun (citra web/katalog),.jpg
2_893_jpg.rf.Tfl7isBbq9myvj5t2Jbq.jpg,train,web_katalog,tidak cocok pola CCTV mana pun (citra web/katalog),.jpg
2_895_jpg.rf.XIfJsJR1niH8jjkzVWHN.jpg,train,web_katalog,tidak cocok pola CCTV mana pun (citra web/katalog),.jpg
2_902_jpg.rf.Cv99a3P0nkQQwGCrvJGU.jpg,train,web_katalog,tidak cocok pola CCTV mana pun (citra web/katalog),.jpg
2_904_jpg.rf.nshGlsFoxpiYUsiC69EK.jpg,train,web_katalog,tidak cocok pola CCTV mana pun (citra web/katalog),.jpg
2_906_jpg.rf.i9WDO4PTClLyG86XxNR1.jpg,train,web_katalog,tidak cocok pola CCTV mana pun (citra web/katalog),.jpg
2_908_jpg.rf.aaRyVc7CcWeSlUeh17Jm.jpg,train,web_katalog,tidak cocok pola CCTV mana pun (citra web/katalog),.jpg
2_915_jpg.rf.RvqTZGHN7PJghaPhUhaQ.jpg,train,web_katalog,tidak cocok pola CCTV mana pun (citra web/katalog),.jpg
2_91_jpg.rf.jHieWsqGvWHM7wTfUN3p.jpg,train,web_katalog,tidak cocok pola CCTV mana pun (citra web/katalog),.jpg
2_922_jpg.rf.EjoEZJDl2UJ1cPUhfWXP.jpg,train,web_katalog,tidak cocok pola CCTV mana pun (citra web/katalog),.jpg
2_923_jpg.rf.t0OUgZ4La9nn2GU3Lgm6.jpg,train,web_katalog,tidak cocok pola CCTV mana pun (citra web/katalog),.jpg
2_927_jpg.rf.yQblScRfVZKY0ofIVF8M.jpg,train,web_katalog,tidak cocok pola CCTV mana pun (citra web/katalog),.jpg
2_929_jpg.rf.MauQFKm9mdUsUEht1oro.jpg,train,web_katalog,tidak cocok pola CCTV mana pun (citra web/katalog),.jpg
2_92_jpg.rf.PtxdDoXO7VFIW1vR6quR.jpg,train,web_katalog,tidak cocok pola CCTV mana pun (citra web/katalog),.jpg
2_931_jpg.rf.dQD7VVlsBOUqTbwgdwWm.jpg,train,web_katalog,tidak cocok pola CCTV mana pun (citra web/katalog),.jpg
2_938_jpg.rf.qi5kGJiyBQxcZzT8X1z0.jpg,train,web_katalog,tidak cocok pola CCTV mana pun (citra web/katalog),.jpg
2_941_jpg.rf.g9AoGb49dEwTtYqmRhsX.jpg,train,web_katalog,tidak cocok pola CCTV mana pun (citra web/katalog),.jpg
2_945_jpg.rf.TG1DzaakafsvZnjTVili.jpg,train,web_katalog,tidak cocok pola CCTV mana pun (citra web/katalog),.jpg
2_946_jpg.rf.3ilVg60iXdNgPmCCGXwe.jpg,train,web_katalog,tidak cocok pola CCTV mana pun (citra web/katalog),.jpg
2_954_jpg.rf.w6VkkLbLurnu5hpWIxia.jpg,train,web_katalog,tidak cocok pola CCTV mana pun (citra web/katalog),.jpg
2_956_jpg.rf.GrdIe10MhgTWbT7CO9Sg.jpg,train,web_katalog,tidak cocok pola CCTV mana pun (citra web/katalog),.jpg
2_959_jpg.rf.D11Q7FjokcDHgr6XBGU6.jpg,train,web_katalog,tidak cocok pola CCTV mana pun (citra web/katalog),.jpg
2_962_jpg.rf.e5EVMZjU35dYZRvtLqQs.jpg,train,web_katalog,tidak cocok pola CCTV mana pun (citra web/katalog),.jpg
2_964_jpg.rf.DtWjHV9z8SVq9f9mfoON.jpg,train,web_katalog,tidak cocok pola CCTV mana pun (citra web/katalog),.jpg
2_965_jpg.rf.DMy5mwhtxzXlElQlEnMd.jpg,train,web_katalog,tidak cocok pola CCTV mana pun (citra web/katalog),.jpg
2_966_jpg.rf.HITWLV8Ewk7Z6CKtN9S2.jpg,train,web_katalog,tidak cocok pola CCTV mana pun (citra web/katalog),.jpg
2_967_jpg.rf.PxUf0zQvWIxUF3Ork1LT.jpg,train,web_katalog,tidak cocok pola CCTV mana pun (citra web/katalog),.jpg
2_96_jpg.rf.FpZXDMPO2zg9i2ROPQZe.jpg,train,web_katalog,tidak cocok pola CCTV mana pun (citra web/katalog),.jpg
2_970_jpg.rf.8V5azG7E1jDGqXkNYFCC.jpg,train,web_katalog,tidak cocok pola CCTV mana pun (citra web/katalog),.jpg
2_971_jpg.rf.RwLc3kdzOXfFQUp7TlCQ.jpg,train,web_katalog,tidak cocok pola CCTV mana pun (citra web/katalog),.jpg
2_972_jpg.rf.z2CisZI0FRcgE4cL8CWl.jpg,train,web_katalog,tidak cocok pola CCTV mana pun (citra web/katalog),.jpg
2_975_jpg.rf.magvqyGB6t2f4j8xAYM2.jpg,train,web_katalog,tidak cocok pola CCTV mana pun (citra web/katalog),.jpg
2_976_jpg.rf.ZL6hJDASfc7fiQHSZEo5.jpg,train,web_katalog,tidak cocok pola CCTV mana pun (citra web/katalog),.jpg
2_977_jpg.rf.WPVMXn3alCIPYwDMe0Y2.jpg,train,web_katalog,tidak cocok pola CCTV mana pun (citra web/katalog),.jpg
2_978_jpg.rf.0Ew5EGGliJMYOLZjIoo3.jpg,train,web_katalog,tidak cocok pola CCTV mana pun (citra web/katalog),.jpg
2_983_jpg.rf.O53hb0c6bZHLr6znZSak.jpg,train,web_katalog,tidak cocok pola CCTV mana pun (citra web/katalog),.jpg
2_985_jpg.rf.wbSJeLAZHf0A2uFiGtbo.jpg,train,web_katalog,tidak cocok pola CCTV mana pun (citra web/katalog),.jpg
2_988_jpg.rf.NpB0Corg0zfNPqpGIlFF.jpg,train,web_katalog,tidak cocok pola CCTV mana pun (citra web/katalog),.jpg
2_995_jpg.rf.NhxlTL2WfgPg1iNidjli.jpg,train,web_katalog,tidak cocok pola CCTV mana pun (citra web/katalog),.jpg
30087455_211830202737680_98609079714_jpg.rf.qQd4m3jLgo3PvEGlYhmX.jpg,train,web_katalog,tidak cocok pola CCTV mana pun (citra web/katalog),.jpg
30364-1_jpg.rf.bVfedxyZvXRGIZ2ITUGs.jpg,train,web_katalog,tidak cocok pola CCTV mana pun (citra web/katalog),.jpg
3040974006_jpg.rf.EFJJnATVx2CYYDg8loR6.jpg,train,web_katalog,tidak cocok pola CCTV mana pun (citra web/katalog),.jpg
3059_en_43493_17596_fuso_canter_fg4x_jpg.rf.fCs5JQa7OuOZhAfQLcma.jpg,train,web_katalog,tidak cocok pola CCTV mana pun (citra web/katalog),.jpg
3090-76_jpg.rf.Gqpy00xcrAiKler1iF6R.jpg,train,web_katalog,tidak cocok pola CCTV mana pun (citra web/katalog),.jpg
3096_jpg.rf.yatbw34i0VhoBDRDSzGY.jpg,train,web_katalog,tidak cocok pola CCTV mana pun (citra web/katalog),.jpg
313510045_orig_png.rf.6roCzBbJwBfhaYmogyAg.jpg,train,web_katalog,tidak cocok pola CCTV mana pun (citra web/katalog),.jpg
3173ec56-a792-47ff-9b18-79fc37729b95_jpg.rf.9m7cS0UpNH4ZsldCE322.jpg,train,web_katalog,tidak cocok pola CCTV mana pun (citra web/katalog),.jpg
339061953_orig_jpg.rf.7cEuklJzg7UxnamVnCZ4.jpg,train,web_katalog,tidak cocok pola CCTV mana pun (citra web/katalog),.jpg
33921_medium_buskota_jpg.rf.qHHzvKAvUTFgrwepvnCj.jpg,train,web_katalog,tidak cocok pola CCTV mana pun (citra web/katalog),.jpg
345_2532_jpg.rf.V42Hh7d6ZozuObwvBBRF.jpg,train,web_katalog,tidak cocok pola CCTV mana pun (citra web/katalog),.jpg
3496818818_jpg.rf.xlqIMJ4CdouxrCTYEf1K.jpg,train,web_katalog,tidak cocok pola CCTV mana pun (citra web/katalog),.jpg
3534274-foto-camion_jpg.rf.WYB8J9ktzrPnhVc3RSA7.jpg,train,web_katalog,tidak cocok pola CCTV mana pun (citra web/katalog),.jpg
3576683_20150827120529_jpg.rf.ztURmVsIDzKmGutr7WKn.jpg,train,web_katalog,tidak cocok pola CCTV mana pun (citra web/katalog),.jpg
36037303454_61d2a1e258_b_jpg.rf.pM525XmAEVv8oCoxgPC3.jpg,train,web_katalog,tidak cocok pola CCTV mana pun (citra web/katalog),.jpg
36484_48363_248254_jpg.rf.2OeA6UvktwtnqrctsRaQ.jpg,train,web_katalog,tidak cocok pola CCTV mana pun (citra web/katalog),.jpg
380a09c86db812fb0fdb6cff86c477a6_jpg.rf.h3jaPmgj3rrD9KDDpAmL.jpg,train,web_katalog,tidak cocok pola CCTV mana pun (citra web/katalog),.jpg
381000_2406796385471_544157989_n_jpg.rf.NDazsR8PyRZYw0uCIyDg.jpg,train,web_katalog,tidak cocok pola CCTV mana pun (citra web/katalog),.jpg
394_jpg.rf.ZGs0Y3mtkhPBTjqh1uKb.jpg,train,web_katalog,tidak cocok pola CCTV mana pun (citra web/katalog),.jpg
3_58_jpg.rf.GHhKpQmUTi4UBXCZNHLs.jpg,train,web_katalog,tidak cocok pola CCTV mana pun (citra web/katalog),.jpg
41728_53604_276708_jpg.rf.GIQRxPqjd1Mj2kz6gqhR.jpg,train,web_katalog,tidak cocok pola CCTV mana pun (citra web/katalog),.jpg
4209015271_jpg.rf.SbP1Gsg1Zf69QldRK2oI.jpg,train,web_katalog,tidak cocok pola CCTV mana pun (citra web/katalog),.jpg
4261621862_jpg.rf.MBJ7uKc7so71vAmcAy3A.jpg,train,web_katalog,tidak cocok pola CCTV mana pun (citra web/katalog),.jpg
46966483_10217460955892048_106050568_jpg.rf.qSva0gNf3eFWelNaDHXi.jpg,train,web_katalog,tidak cocok pola CCTV mana pun (citra web/katalog),.jpg
494_jpg.rf.A3FK3mfYOjppCx8Us9XJ.jpg,train,web_katalog,tidak cocok pola CCTV mana pun (citra web/katalog),.jpg
5-Fighter_jpg.rf.j00GZMK3ew905NPldn9O.jpg,train,web_katalog,tidak cocok pola CCTV mana pun (citra web/katalog),.jpg
51786026_303_jpg.rf.OdbBeSHfxm8mgbpHQldI.jpg,train,web_katalog,tidak cocok pola CCTV mana pun (citra web/katalog),.jpg
52ae17e56be11283d297b124bdf4c65c-1_jpg.rf.ekKpU0LD5cUFzOqjDuPT.jpg,train,web_katalog,tidak cocok pola CCTV mana pun (citra web/katalog),.jpg
57877d_jpg.rf.BvUIXAejH25r9tMdLSap.jpg,train,web_katalog,tidak cocok pola CCTV mana pun (citra web/katalog),.jpg
59ae4f1e1759ef51024bbe3162d3eac0_jpg.rf.XnnWE3AJr2J09p0v9GBm.jpg,train,web_katalog,tidak cocok pola CCTV mana pun (citra web/katalog),.jpg
5a1e37db78f66_jpg.rf.YjNfkWocvTyGq1YnphnA.jpg,train,web_katalog,tidak cocok pola CCTV mana pun (citra web/katalog),.jpg
5bebae449da3571a3c784f34_jpg.rf.t9zy5r0ho8CPpUVQcRQ1.jpg,train,web_katalog,tidak cocok pola CCTV mana pun (citra web/katalog),.jpg
5e70c09022be7_jpg.rf.0u8akFegb9aL0dLCF9Xg.jpg,train,web_katalog,tidak cocok pola CCTV mana pun (citra web/katalog),.jpg
5ede2220cb901_jpg.rf.9xOuYqLi3ABYF2FgHkqI.jpg,train,web_katalog,tidak cocok pola CCTV mana pun (citra web/katalog),.jpg
5f2bcc12568b2_jpg.rf.A3BIMxFZpYtBLW7wRt3G.jpg,train,web_katalog,tidak cocok pola CCTV mana pun (citra web/katalog),.jpg
5f33b93e9cb5c_jpg.rf.8csLEbZpyiQ143ZDCXQm.jpg,train,web_katalog,tidak cocok pola CCTV mana pun (citra web/katalog),.jpg
5f630068e794c-jpg_jpg.rf.A7qVc6TDRWEn8TJ0v45n.jpg,train,web_katalog,tidak cocok pola CCTV mana pun (citra web/katalog),.jpg
5fba3f3edd01a7189143f89d80efb5a8_jpg.rf.vB6WEEeJBifNsZIAr8id.jpg,train,web_katalog,tidak cocok pola CCTV mana pun (citra web/katalog),.jpg
5fc5f27b748a8_jpg.rf.BjvbGsMzp6zDoePyK4JP.jpg,train,web_katalog,tidak cocok pola CCTV mana pun (citra web/katalog),.jpg
6007950747_jpg.rf.6uoeDx0lGAFEzVkucwP4.jpg,train,web_katalog,tidak cocok pola CCTV mana pun (citra web/katalog),.jpg
60a56bfcc7a8f59d9b5985b53a1ecc9a_jpg.rf.pdowd5l7NN6LTQiMQ0yj.jpg,train,web_katalog,tidak cocok pola CCTV mana pun (citra web/katalog),.jpg
616269383_jpg.rf.auGAnZIY4knj6D1TBpOE.jpg,train,web_katalog,tidak cocok pola CCTV mana pun (citra web/katalog),.jpg
6320646c88aca-generasi-terbaru-dari-_jpg.rf.DVnovOLNwjLIgpfVfHm0.jpg,train,web_katalog,tidak cocok pola CCTV mana pun (citra web/katalog),.jpg
636832352732222710-1405_jpg.rf.P2bQxzc7DxHxhGDGHUZE.jpg,train,web_katalog,tidak cocok pola CCTV mana pun (citra web/katalog),.jpg
636c52a2-2185-61da-7f4f69e6100998dd_jpg.rf.14btAiTkBOEgFZ8qWcdR.jpg,train,web_katalog,tidak cocok pola CCTV mana pun (citra web/katalog),.jpg
65827a_jpg.rf.a1wt85ZsMGasM4RnmfwX.jpg,train,web_katalog,tidak cocok pola CCTV mana pun (citra web/katalog),.jpg
66036_10151300360847220_625112810_n_jpg.rf.zyKaOQEL6Yrxsem00vgR.jpg,train,web_katalog,tidak cocok pola CCTV mana pun (citra web/katalog),.jpg
662019142246_jpg.rf.C2FFMOjYw5JqOkug0qh0.jpg,train,web_katalog,tidak cocok pola CCTV mana pun (citra web/katalog),.jpg
6684191573_bee7dbfb3b_b_jpg.rf.LK9okCyfBub0Rmjy2wAf.jpg,train,web_katalog,tidak cocok pola CCTV mana pun (citra web/katalog),.jpg
6ed4bc32-ec4f-475a-996d-64ad159da3ea_jpg.rf.rckq6yQlNzXVapaLgNH3.jpg,train,web_katalog,tidak cocok pola CCTV mana pun (citra web/katalog),.jpg
6f97809c162a11a11a2d97b41fa0ac93_jpg.rf.38QJtvDzb91M0W1MdyGz.jpg,train,web_katalog,tidak cocok pola CCTV mana pun (citra web/katalog),.jpg
70007041023020121601000_jpg.rf.d2WP09HfBxOivY2exGDw.jpg,train,web_katalog,tidak cocok pola CCTV mana pun (citra web/katalog),.jpg
70009039763021090500100_jpg.rf.4vJdFEJIqjrYZnvrYxfF.jpg,train,web_katalog,tidak cocok pola CCTV mana pun (citra web/katalog),.jpg
7003032861_jpg.rf.5iwjUp0raKo2V8WDUSCa.jpg,train,web_katalog,tidak cocok pola CCTV mana pun (citra web/katalog),.jpg
7730989228_e36788142f_k_jpg.rf.E8CigzNaBQ3NejM6gzhu.jpg,train,web_katalog,tidak cocok pola CCTV mana pun (citra web/katalog),.jpg
78cbb800f39547482264de1748600fc3-1_jpg.rf.nDNqcc6MtuUH5FI8Df6B.jpg,train,web_katalog,tidak cocok pola CCTV mana pun (citra web/katalog),.jpg
800px-000672_-_Autob-C3-BAs_jpg.rf.WWWQGr2ebvFPKaQ4LD46.jpg,train,web_katalog,tidak cocok pola CCTV mana pun (citra web/katalog),.jpg
800px-FusoFighter2nd_jpg.rf.y32jrT4HIZqrjWK3ZZa9.jpg,train,web_katalog,tidak cocok pola CCTV mana pun (citra web/katalog),.jpg
830005_2_original_jpg.rf.kF0FHjrFd0TmRMfixqTo.jpg,train,web_katalog,tidak cocok pola CCTV mana pun (citra web/katalog),.jpg
847666-2012-mitsubishi-fuso-super-gr_jpg.rf.xMCqkHhUqffPghAIT8ge.jpg,train,web_katalog,tidak cocok pola CCTV mana pun (citra web/katalog),.jpg
849x493q70greg-busStrike_jpg.rf.WUh7ylyXOyPnLckckxS3.jpg,train,web_katalog,tidak cocok pola CCTV mana pun (citra web/katalog),.jpg
8817_jpg.rf.WGmuIVlyXTst1uAOxGjC.jpg,train,web_katalog,tidak cocok pola CCTV mana pun (citra web/katalog),.jpg
891470400771_jpg.rf.XrBwWpeZB6m4k4Z1zHSW.jpg,train,web_katalog,tidak cocok pola CCTV mana pun (citra web/katalog),.jpg
8e122b9b28dc5f426486-1296x954_jpg.rf.Z2CJlFqB1x337hJPxyat.jpg,train,web_katalog,tidak cocok pola CCTV mana pun (citra web/katalog),.jpg
9041_1413578135698_jpg.rf.OUXmgIGCupxpgxlLqMvl.jpg,train,web_katalog,tidak cocok pola CCTV mana pun (citra web/katalog),.jpg
91247a_jpg.rf.cWaRyWbgK7161WfkxrGW.jpg,train,web_katalog,tidak cocok pola CCTV mana pun (citra web/katalog),.jpg
93a6b99f1e1303ca8e497fc8f2d88957_jpg.rf.mzVTWj0ABk5XqTC5d2QJ.jpg,train,web_katalog,tidak cocok pola CCTV mana pun (citra web/katalog),.jpg
999589157_7_jpg.rf.ndqSuWk6C1xSKbP7PnKW.jpg,train,web_katalog,tidak cocok pola CCTV mana pun (citra web/katalog),.jpg
AEN20190704001900320_01_i_P4_jpg.rf.pE1ADRWCBP4gyOq7txfK.jpg,train,web_katalog,tidak cocok pola CCTV mana pun (citra web/katalog),.jpg
AIJ9PX6BsuqqhEPqhpS9jvYhel0GgB0rqD-S_jpg.rf.4lqhU9v48Ab4JjDCvoHy.jpg,train,web_katalog,tidak cocok pola CCTV mana pun (citra web/katalog),.jpg
Al-Ghubaiba-Bus-Stations_jpg.rf.5vBBWajbNd8esuCXrn1B.jpg,train,web_katalog,tidak cocok pola CCTV mana pun (citra web/katalog),.jpg
Armada-Bus-Sehat-DAMRI-2-780x470_jpg.rf.mXzm34ztHDBaLoOwPux1.jpg,train,web_katalog,tidak cocok pola CCTV mana pun (citra web/katalog),.jpg
B-Britpave23223Index4_jpg.rf.jM670n8U0ZcnkpMOTRmD.jpg,train,web_katalog,tidak cocok pola CCTV mana pun (citra web/katalog),.jpg
BIS_jpg.rf.z4tVMjGmqyAqijMBGNIJ.jpg,train,web_katalog,tidak cocok pola CCTV mana pun (citra web/katalog),.jpg
BUS-2BDAMRI-2BKEMAYORAN_png.rf.SOCo39zGQfhRbIeDc1O2.jpg,train,web_katalog,tidak cocok pola CCTV mana pun (citra web/katalog),.jpg
BUS-INDONESIA-1-26-X-ETS2-768x431_jpg.rf.NFPG6BE4DvUfHhutJ5X9.jpg,train,web_katalog,tidak cocok pola CCTV mana pun (citra web/katalog),.jpg
BUS-PATAS-INDONESIA_jpg.rf.E5LGkdvraux7zWRSI6bm.jpg,train,web_katalog,tidak cocok pola CCTV mana pun (citra web/katalog),.jpg
B_lions_city_02_jpg.rf.JBn0DYFKK6g8EZnhsLM7.jpg,train,web_katalog,tidak cocok pola CCTV mana pun (citra web/katalog),.jpg
B_lions_city_cng_jpg.rf.VE9b03G1CBCT0LDFbBtQ.jpg,train,web_katalog,tidak cocok pola CCTV mana pun (citra web/katalog),.jpg
Baru-Kepala-Emas1_jpg.rf.yQS5cBMhGaLhYPmFfdqm.jpg,train,web_katalog,tidak cocok pola CCTV mana pun (citra web/katalog),.jpg
Beverage-Trucks-Mitsubishi-Fuso-FG-1_jpg.rf.lVycV74SlxjK7sxyi4fr.jpg,train,web_katalog,tidak cocok pola CCTV mana pun (citra web/katalog),.jpg
Bus-2BDamri-1_jpg.rf.ltmvXioCVJ5MqLog5eAG.jpg,train,web_katalog,tidak cocok pola CCTV mana pun (citra web/katalog),.jpg
Bus-2BDamri-2BBandara_png.rf.x04X700q9ug9wKCTymrs.jpg,train,web_katalog,tidak cocok pola CCTV mana pun (citra web/katalog),.jpg
Bus-2BDamri-2BJakarta-2B2_jpg.rf.8ChDNDjWGtAWh9qRGUFx.jpg,train,web_katalog,tidak cocok pola CCTV mana pun (citra web/katalog),.jpg
Bus-DAMRI-Samarinda_jpg.rf.Tpo3YmhkVCN4fSVP99Xb.jpg,train,web_katalog,tidak cocok pola CCTV mana pun (citra web/katalog),.jpg
Bus-DAMRI-istimewa5e06e8ff7aea3430_jpg.rf.JieJK7DJsvs16GZeNnJW.jpg,train,web_katalog,tidak cocok pola CCTV mana pun (citra web/katalog),.jpg
Bus-Damri-1-768x480_jpg.rf.bMhflYIgqS5IDfb7RIw1.jpg,train,web_katalog,tidak cocok pola CCTV mana pun (citra web/katalog),.jpg
Bus-Damri-Bandara-Juanda-696x383_png.rf.HIDzyPK9rZbRUowg72mE.jpg,train,web_katalog,tidak cocok pola CCTV mana pun (citra web/katalog),.jpg
Bus-Damri-Bandara-Kulon-Progo-YIA-10_jpg.rf.ekbQsNfg8YnyQDuZHfLd.jpg,train,web_katalog,tidak cocok pola CCTV mana pun (citra web/katalog),.jpg
Bus-Damri-Palembang-1024x679_jpg.rf.HzJdIorP9QY0AiZsXgWH.jpg,train,web_katalog,tidak cocok pola CCTV mana pun (citra web/katalog),.jpg
Bus-Damri-Trans-Mataram-widiodono_b_jpg.rf.EjwkAQ92Xia3iJ8Voxns.jpg,train,web_katalog,tidak cocok pola CCTV mana pun (citra web/katalog),.jpg
Bus-Damri-melayani-rute-Jayapura-Sar_jpg.rf.ldZoUP7NUjhD6CNtCbFo.jpg,train,web_katalog,tidak cocok pola CCTV mana pun (citra web/katalog),.jpg
Bus-Damri2233_jpg.rf.ERmWwTHlS89wcVGPkKOW.jpg,train,web_katalog,tidak cocok pola CCTV mana pun (citra web/katalog),.jpg
Bus-Jakarta-Explorer_jpg.rf.adWoMnqJKfC2ro3xg5i3.jpg,train,web_katalog,tidak cocok pola CCTV mana pun (citra web/katalog),.jpg
Bus-Raya_png.rf.uX3JDM5mzHMoURmAHJeu.jpg,train,web_katalog,tidak cocok pola CCTV mana pun (citra web/katalog),.jpg
Bus-Station-Wallpaper-1080p_jpg.rf.ue4NjX7VFcRYYD6sSrTf.jpg,train,web_katalog,tidak cocok pola CCTV mana pun (citra web/katalog),.jpg
Bus-boarder-2-e1555851835468_jpg.rf.vGT62QXAWyCKrqICHvu7.jpg,train,web_katalog,tidak cocok pola CCTV mana pun (citra web/katalog),.jpg
Bus-lane-at-May-Street_jpg.rf.RH4HDN7GSnSSe4csJNCb.jpg,train,web_katalog,tidak cocok pola CCTV mana pun (citra web/katalog),.jpg
CIMG3759-2_jpg.rf.bcRFFxyijR0kz2q0HLO3.jpg,train,web_katalog,tidak cocok pola CCTV mana pun (citra web/katalog),.jpg
City_sightseeing_buses_in_long_stree_jpg.rf.CaWoJupGxHSwOyaaviNA.jpg,train,web_katalog,tidak cocok pola CCTV mana pun (citra web/katalog),.jpg
Crane-Truck-Mitsubishi-Fuso-Turbo-Di_jpg.rf.CWVkUbbCCQusTWV1WXnt.jpg,train,web_katalog,tidak cocok pola CCTV mana pun (citra web/katalog),.jpg
Cutting-Sticker-Truck-Canter-Kuning-1_jpg.rf.oNh2QhdQZhlGhJkEFxAu.jpg,train,web_katalog,tidak cocok pola CCTV mana pun (citra web/katalog),.jpg
Cutting-Sticker-Truk-Canter-Kuning-K_jpg.rf.tm5C8zIugUW8RMJLkmSB.jpg,train,web_katalog,tidak cocok pola CCTV mana pun (citra web/katalog),.jpg
Cutting-Sticker-Truk-Canter-Variasi-_jpg.rf.SdpC6AzvkVjznZeQv39R.jpg,train,web_katalog,tidak cocok pola CCTV mana pun (citra web/katalog),.jpg
Cutting-Sticker-full-Truk-Canter-Var_jpg.rf.khESN67aae6U8EGCkGwE.jpg,train,web_katalog,tidak cocok pola CCTV mana pun (citra web/katalog),.jpg
Cutting-Sticker-gambar-printing-Truk_jpg.rf.OPcWQCY0ctkOvsGaMpgc.jpg,train,web_katalog,tidak cocok pola CCTV mana pun (citra web/katalog),.jpg
Cutting-sticker-truck-canter-kuning-2_jpg.rf.vZnVLx3woSz4vWeDdrZo.jpg,train,web_katalog,tidak cocok pola CCTV mana pun (citra web/katalog),.jpg
Cutting-sticker-truck-canter-kuning-_jpg.rf.otLJnRwm9aY6vN9qTXDK.jpg,train,web_katalog,tidak cocok pola CCTV mana pun (citra web/katalog),.jpg
DAMRI-1-1_jpg.rf.0TFpmlAmDb1wVNCiCj58.jpg,train,web_katalog,tidak cocok pola CCTV mana pun (citra web/katalog),.jpg
DAMRI-2-1_jpg.rf.TAiL4TorXRxTaMWws6Vm.jpg,train,web_katalog,tidak cocok pola CCTV mana pun (citra web/katalog),.jpg
DAMRI-3-1_jpg.rf.yozZNJhTxUC6zR7kebhX.jpg,train,web_katalog,tidak cocok pola CCTV mana pun (citra web/katalog),.jpg
DAMRI-Brunei-001_jpg.rf.KAykMZ9liJm1eaUSvBYp.jpg,train,web_katalog,tidak cocok pola CCTV mana pun (citra web/katalog),.jpg
DAMRI-tempoe-doeloe-1_jpg.rf.bBrjMwIz6W6LJSKmklLu.jpg,train,web_katalog,tidak cocok pola CCTV mana pun (citra web/katalog),.jpg
DSC_0143_jpg.rf.JqS6i9LNQubCKRcx6VLi.jpg,train,web_katalog,tidak cocok pola CCTV mana pun (citra web/katalog),.jpg
DSC_0209-1050x591_jpg.rf.5ydu7HpmSsqGwTwG3BIA.jpg,train,web_katalog,tidak cocok pola CCTV mana pun (citra web/katalog),.jpg
DSC_4353-e1559667240877_jpg.rf.oUHNIBaUizVD2GXNWadg.jpg,train,web_katalog,tidak cocok pola CCTV mana pun (citra web/katalog),.jpg
Damri-2BLama_jpg.rf.H5U2tG0dHANNvrq9xCNE.jpg,train,web_katalog,tidak cocok pola CCTV mana pun (citra web/katalog),.jpg
Damri-2BPontianak-2BSingkawang_jpg.rf.5ZzuPOFQMgJUKHYvTd1j.jpg,train,web_katalog,tidak cocok pola CCTV mana pun (citra web/katalog),.jpg
Damri-2BSukabumi-2BBandara-2BSoekarn_jpg.rf.AU2F6xXrVQuWNH3H6iSy.jpg,train,web_katalog,tidak cocok pola CCTV mana pun (citra web/katalog),.jpg
Damri-2BSurabaya_jpg.rf.9x6GCqvuGNg0B63WIIIu.jpg,train,web_katalog,tidak cocok pola CCTV mana pun (citra web/katalog),.jpg
Damri-2Bke-2Bbandara-2BKertajati_jpg.rf.B26ariGNzlvJO3Rvy0OY.jpg,train,web_katalog,tidak cocok pola CCTV mana pun (citra web/katalog),.jpg
Damri-630x420_jpg.rf.3oMFJuEtjGcRy1uSnvaM.jpg,train,web_katalog,tidak cocok pola CCTV mana pun (citra web/katalog),.jpg
Damri-8_jpg.rf.tJvTEQ0iQCyanbKmyMPt.jpg,train,web_katalog,tidak cocok pola CCTV mana pun (citra web/katalog),.jpg
Damri-Bandara-2_jpg.rf.mSewHhFvRf9R5N3SSs3l.jpg,train,web_katalog,tidak cocok pola CCTV mana pun (citra web/katalog),.jpg
Damri-Bandara-di-Gambir_jpg.rf.gaptiXDtUnx92yj67P7m.jpg,train,web_katalog,tidak cocok pola CCTV mana pun (citra web/katalog),.jpg
Damri-I_jpg.rf.qjc0A5wrW7vQpfkUytxA.jpg,train,web_katalog,tidak cocok pola CCTV mana pun (citra web/katalog),.jpg
Damri-Klasik-Kendaraan-Wisata-Dalam-_jpg.rf.Eo1nqFtDufVYwk0YJYpI.jpg,train,web_katalog,tidak cocok pola CCTV mana pun (citra web/katalog),.jpg
Damri-Mojokerto-Juanda-Sudah-Beroper_jpg.rf.wRClQn2gdT6FJEW8JHlM.jpg,train,web_katalog,tidak cocok pola CCTV mana pun (citra web/katalog),.jpg
Damri-U_jpg.rf.kHtUoUeElujMeTuv8pwg.jpg,train,web_katalog,tidak cocok pola CCTV mana pun (citra web/katalog),.jpg
Damri_Surabaya_Banyuwangi_jpg.rf.Ic5o6DSxv6R60skmVQao.jpg,train,web_katalog,tidak cocok pola CCTV mana pun (citra web/katalog),.jpg
Delivery-Moving-Straight-Box-Truc-1_jpg.rf.fjUFSIESm2w6KjvVust1.jpg,train,web_katalog,tidak cocok pola CCTV mana pun (citra web/katalog),.jpg
Double-Floor-Bus-in-London-wallpaper_jpg.rf.3i54UtSqXmUxZeHAs6Ub.jpg,train,web_katalog,tidak cocok pola CCTV mana pun (citra web/katalog),.jpg
Elite-7-Large_jpg.rf.SbcT6bA8dNLca2yPIJy6.jpg,train,web_katalog,tidak cocok pola CCTV mana pun (citra web/katalog),.jpg
FB_IMG_1609407464673_jpg.rf.YLW0qrwZiHrBaT7Z1S2D.jpg,train,web_katalog,tidak cocok pola CCTV mana pun (citra web/katalog),.jpg
FK417E-001_jpg.rf.5OT0hcuVuaxw0EEVtoGX.jpg,train,web_katalog,tidak cocok pola CCTV mana pun (citra web/katalog),.jpg
FUSO-6D24-2006-TRUCK_HEAD_-22-_jpg.rf.gktMXetdaNM3I5KlIVic.jpg,train,web_katalog,tidak cocok pola CCTV mana pun (citra web/katalog),.jpg
FirstSpirit_1596549623817CeTrax-Aufm_jpg.rf.Im4ip8qOhlwC8wfIDsS5.jpg,train,web_katalog,tidak cocok pola CCTV mana pun (citra web/katalog),.jpg
Foto-2BBis-2BDAMRI-2BPhoenix-2BGX_jpg.rf.zwZFr3GuU4AsotrxKbj3.jpg,train,web_katalog,tidak cocok pola CCTV mana pun (citra web/katalog),.jpg
Foto-bus-tampak-dari-luar_jpg.rf.udQ2cci0B4eflJXqeS4J.jpg,train,web_katalog,tidak cocok pola CCTV mana pun (citra web/katalog),.jpg
Foto0007_jpg.rf.P3IMiuVzLb6wxtiXpIhJ.jpg,train,web_katalog,tidak cocok pola CCTV mana pun (citra web/katalog),.jpg
FullSizeRender_3_jpg.rf.C8gs18SDzkxRfLrUovgC.jpg,train,web_katalog,tidak cocok pola CCTV mana pun (citra web/katalog),.jpg
GILLIG-bus-for-Newsroom-Banner-1024x_jpg.rf.4nrKLcG6ZgzR2fskgcJ5.jpg,train,web_katalog,tidak cocok pola CCTV mana pun (citra web/katalog),.jpg
GO_Bus-1200_jpg.rf.SrLOezZqSIgPYSGuZgip.jpg,train,web_katalog,tidak cocok pola CCTV mana pun (citra web/katalog),.jpg
Greyhound-bus-1_jpg.rf.RChfKTb4Cea3vn2KA0s8.jpg,train,web_katalog,tidak cocok pola CCTV mana pun (citra web/katalog),.jpg
Hamim-2BMaulana_jpg.rf.fmCvAceGhlLF67dZTk2k.jpg,train,web_katalog,tidak cocok pola CCTV mana pun (citra web/katalog),.jpg
Harga-Tiket-Damri-Jambi-damricoid_jpg.rf.TW33jswsCeYMVYaM97es.jpg,train,web_katalog,tidak cocok pola CCTV mana pun (citra web/katalog),.jpg
Harga-tiket-Damri-Jakarta-keposiasi-_jpg.rf.rp9a4kzeC9TmJegVa315.jpg,train,web_katalog,tidak cocok pola CCTV mana pun (citra web/katalog),.jpg
IMG-20170508-WA0014_jpg.rf.94k7TMyOn0XnJ6ws1qgQ.jpg,train,web_katalog,tidak cocok pola CCTV mana pun (citra web/katalog),.jpg
IMG-20190701-WA0000_jpg.rf.u3aEsFh3UZVbJrAnqMx7.jpg,train,web_katalog,tidak cocok pola CCTV mana pun (citra web/katalog),.jpg
IMG00629-20120326-1451_jpg.rf.nC8clUTO5m9vNkY8WzfU.jpg,train,web_katalog,tidak cocok pola CCTV mana pun (citra web/katalog),.jpg
IMG02301-20120407-1229_jpg.rf.Ak1EzwK97t9RoWhfSLVV.jpg,train,web_katalog,tidak cocok pola CCTV mana pun (citra web/katalog),.jpg
IMG20160228172337_jpg.rf.qLfQ9kEx60WYwFnceTcN.jpg,train,web_katalog,tidak cocok pola CCTV mana pun (citra web/katalog),.jpg
IMG20160718054152_jpg.rf.3UnEPh1cG8eomLQS7ZEW.jpg,train,web_katalog,tidak cocok pola CCTV mana pun (citra web/katalog),.jpg
IMG20170328052734_jpg.rf.BjbvSkzuyybtrKsQvVgH.jpg,train,web_katalog,tidak cocok pola CCTV mana pun (citra web/katalog),.jpg
IMG20190211170141_jpg.rf.A1GfB5cQbnfDuDwxxyRt.jpg,train,web_katalog,tidak cocok pola CCTV mana pun (citra web/katalog),.jpg
IMG_20150312_165650_jpg.rf.iL3K0zNlHuiDQH0rF8r8.jpg,train,web_katalog,tidak cocok pola CCTV mana pun (citra web/katalog),.jpg
IMG_20150904_105431_jpg.rf.5R42i3GEl4XmYa1r2Wmn.jpg,train,web_katalog,tidak cocok pola CCTV mana pun (citra web/katalog),.jpg
IMG_20151014_115833_jpg.rf.IyYoLiBDnUtBS50QVjpn.jpg,train,web_katalog,tidak cocok pola CCTV mana pun (citra web/katalog),.jpg
IMG_20151023_053958_scaled_jpg.rf.1si2N8hCgx4yBcQRlnnG.jpg,train,web_katalog,tidak cocok pola CCTV mana pun (citra web/katalog),.jpg
IMG_2431_2048x2048w_jpg.rf.bmdNQYnlO9nRlAjYZjhy.jpg,train,web_katalog,tidak cocok pola CCTV mana pun (citra web/katalog),.jpg
Image-3-BusDriverJade-Y717-TOH-1024x_png.rf.O9KHvlu7J2Kumsj3brle.jpg,train,web_katalog,tidak cocok pola CCTV mana pun (citra web/katalog),.jpg
Impression-exterior-design-Arriva-Da_jpg.rf.GTOnr8Pog3xnU6ZSfTT1.jpg,train,web_katalog,tidak cocok pola CCTV mana pun (citra web/katalog),.jpg
Ini-5-Bus-Angkutan-Umum-Termewah-di-_jpg.rf.7cebMQjujVpSqdQS4Xy6.jpg,train,web_katalog,tidak cocok pola CCTV mana pun (citra web/katalog),.jpg
Jadwal-2BKeberangkatan-2BBus-2Bdamri_jpg.rf.5iJpfbmg0UdHKPwGeCC6.jpg,train,web_katalog,tidak cocok pola CCTV mana pun (citra web/katalog),.jpg
Keltruck-2a_amd-768x512_jpg.rf.A7XEcbcSLVUCnrluPsXW.jpg,train,web_katalog,tidak cocok pola CCTV mana pun (citra web/katalog),.jpg
L72A7236_jpg.rf.uicheCLUDSqD7ZEpAGRA.jpg,train,web_katalog,tidak cocok pola CCTV mana pun (citra web/katalog),.jpg
Landing-image-template-1024x683_jpg.rf.reThe3lJPf7ikoDXc1DT.jpg,train,web_katalog,tidak cocok pola CCTV mana pun (citra web/katalog),.jpg
London-Panorama-Bus-Tour-2_jpg.rf.juXInfLnJhrA231l0Ni4.jpg,train,web_katalog,tidak cocok pola CCTV mana pun (citra web/katalog),.jpg
MAN-A95-B-Line_jpg.rf.JtSMRO4B4wZ71jZ5BRhc.jpg,train,web_katalog,tidak cocok pola CCTV mana pun (citra web/katalog),.jpg
MAN_30_03_2021_jpg.rf.C95wB0XnwmPLGZoQ292j.jpg,train,web_katalog,tidak cocok pola CCTV mana pun (citra web/katalog),.jpg
MITSUBISHI-FUSO-SUPER-GREAT-V-BETA-V_jpg.rf.fOvjonCHur1UTCG5ocBl.jpg,train,web_katalog,tidak cocok pola CCTV mana pun (citra web/katalog),.jpg
Mitsubishi-Fuso-Truck-of-America_jpg.rf.vDB0xZkMzSGexQ3YTbkD.jpg,train,web_katalog,tidak cocok pola CCTV mana pun (citra web/katalog),.jpg
MlvYs6BTcGdEVk9aRfKncj5Hq4-eOzTgvTe8_png.rf.AwcHKAeeCgajhZUCfDRH.jpg,train,web_katalog,tidak cocok pola CCTV mana pun (citra web/katalog),.jpg
Modifikasi-2BTruk-2BIndonesia-2B10_jpg.rf.VvBIkYeinTTQsesGpZif.jpg,train,web_katalog,tidak cocok pola CCTV mana pun (citra web/katalog),.jpg
Modifikasi-Truk-Canter-Jawa-3_jpg.rf.Q4Z9bnvSjr60UdcB46ge.jpg,train,web_katalog,tidak cocok pola CCTV mana pun (citra web/katalog),.jpg
Modifikasi-Truk-Ragasa_jpg.rf.GnG2glcbpmdCvNwUGWAv.jpg,train,web_katalog,tidak cocok pola CCTV mana pun (citra web/katalog),.jpg
Modifikasi-cutting-sticker-truck-can_jpg.rf.sfEXRdsyRzOjMfQRp4Rc.jpg,train,web_katalog,tidak cocok pola CCTV mana pun (citra web/katalog),.jpg
N73_VLW101_jpg.rf.HhyckIq1nJVijwcoClAX.jpg,train,web_katalog,tidak cocok pola CCTV mana pun (citra web/katalog),.jpg
NINTCHDBPICT000346154006_jpg.rf.GhlTpmGB6iixkzWvwMEp.jpg,train,web_katalog,tidak cocok pola CCTV mana pun (citra web/katalog),.jpg
New-2BShantika-2B2_jpg.rf.u98SOo806LAyovD3CZJJ.jpg,train,web_katalog,tidak cocok pola CCTV mana pun (citra web/katalog),.jpg
New-Flyer-av-slider-a-4-1024x656_jpg.rf.JPHHvUI0JiIpX9vjFOS0.jpg,train,web_katalog,tidak cocok pola CCTV mana pun (citra web/katalog),.jpg
OTS-thumbnail-1024x576_jpg.rf.gOVti7AxKN2RsRNmgeqG.jpg,train,web_katalog,tidak cocok pola CCTV mana pun (citra web/katalog),.jpg
On-the-edge-of-the-moors-at-Illingwo_jpg.rf.nER7BnMke5ueqZkvXeoi.jpg,train,web_katalog,tidak cocok pola CCTV mana pun (citra web/katalog),.jpg
P1010474_jpg.rf.XcLOpbt0kDHOohQOsEEW.jpg,train,web_katalog,tidak cocok pola CCTV mana pun (citra web/katalog),.jpg
P2P-bus-services-Iloilo-Business-Par_jpg.rf.MVcqVaG4T3Li2jGaH1vR.jpg,train,web_katalog,tidak cocok pola CCTV mana pun (citra web/katalog),.jpg
PICT0304_jpg.rf.DugEQTtU34HoImII9zir.jpg,train,web_katalog,tidak cocok pola CCTV mana pun (citra web/katalog),.jpg
P_eBus_eTGE_jpg.rf.nQWxE68jXGs3lEQQzJBx.jpg,train,web_katalog,tidak cocok pola CCTV mana pun (citra web/katalog),.jpg
Photo0109_jpg.rf.e5qFbp5HqlHYaoWfVw37.jpg,train,web_katalog,tidak cocok pola CCTV mana pun (citra web/katalog),.jpg
PhotoPictureResizer_190706_193341020-1_jpg.rf.KImL1aKtFsHCOCrkClkL.jpg,train,web_katalog,tidak cocok pola CCTV mana pun (citra web/katalog),.jpg
Quester-Tangki-BBM-bertematik_TruckM_jpg.rf.DLJTXN8vauI9pYcgTZRt.jpg,train,web_katalog,tidak cocok pola CCTV mana pun (citra web/katalog),.jpg
Recording 2025-08-25 113001_mp4-0000_jpg.rf.mcnj6Yb0gH2AksXPCRwc.jpg,train,cctv_dishub_demak,prefiks Recording* (overlay DISHUB DEMAK),.jpg
Recording 2025-08-25 113001_mp4-0001_jpg.rf.cR7oqJNcUzWLmLtTVX5H.jpg,train,cctv_dishub_demak,prefiks Recording* (overlay DISHUB DEMAK),.jpg
Recording 2025-08-25 113001_mp4-0002_jpg.rf.zH5UMsuWST9Oa4yA036E.jpg,train,cctv_dishub_demak,prefiks Recording* (overlay DISHUB DEMAK),.jpg
Recording 2025-08-25 113001_mp4-0003_jpg.rf.GDxo9mrP0051RCbH6lrg.jpg,train,cctv_dishub_demak,prefiks Recording* (overlay DISHUB DEMAK),.jpg
Recording 2025-08-25 113001_mp4-0004_jpg.rf.1P8kGuGa5JPwMsSrQSy5.jpg,train,cctv_dishub_demak,prefiks Recording* (overlay DISHUB DEMAK),.jpg
Recording 2025-08-25 113001_mp4-0005_jpg.rf.j7AP6jzAP3esBa6pgA4R.jpg,train,cctv_dishub_demak,prefiks Recording* (overlay DISHUB DEMAK),.jpg
Recording 2025-08-25 113001_mp4-0006_jpg.rf.XifHPTsKXwKQyKTkG8WO.jpg,train,cctv_dishub_demak,prefiks Recording* (overlay DISHUB DEMAK),.jpg
Recording 2025-08-25 113001_mp4-0007_jpg.rf.c1MbopYTkZoy56hmGLMT.jpg,train,cctv_dishub_demak,prefiks Recording* (overlay DISHUB DEMAK),.jpg
Recording 2025-08-25 113001_mp4-0008_jpg.rf.XJB2ghsEU8y1TkkRG6E9.jpg,train,cctv_dishub_demak,prefiks Recording* (overlay DISHUB DEMAK),.jpg
Recording 2025-08-25 113001_mp4-0009_jpg.rf.XehxGJzvPMw5n7kqABXZ.jpg,train,cctv_dishub_demak,prefiks Recording* (overlay DISHUB DEMAK),.jpg
Recording 2025-08-25 113001_mp4-0010_jpg.rf.rbzMxWocrtcCeqQarsGh.jpg,train,cctv_dishub_demak,prefiks Recording* (overlay DISHUB DEMAK),.jpg
Recording 2025-08-25 113001_mp4-0011_jpg.rf.clIFTN50A3TPpZBjYBhx.jpg,train,cctv_dishub_demak,prefiks Recording* (overlay DISHUB DEMAK),.jpg
Recording 2025-08-25 113001_mp4-0012_jpg.rf.k3AHiYzEni8gMlaUVLA4.jpg,train,cctv_dishub_demak,prefiks Recording* (overlay DISHUB DEMAK),.jpg
Recording 2025-08-25 113001_mp4-0013_jpg.rf.RmhK0uQ4Tol6My729EUF.jpg,train,cctv_dishub_demak,prefiks Recording* (overlay DISHUB DEMAK),.jpg
Recording 2025-08-25 113001_mp4-0014_jpg.rf.EYUMXtI39iCPI5P5i8Zt.jpg,train,cctv_dishub_demak,prefiks Recording* (overlay DISHUB DEMAK),.jpg
Recording 2025-08-25 113001_mp4-0015_jpg.rf.MihrRpLi330D7sTTcBEe.jpg,train,cctv_dishub_demak,prefiks Recording* (overlay DISHUB DEMAK),.jpg
Recording 2025-08-25 113001_mp4-0016_jpg.rf.aVbm9FVnBx1F9trygG5t.jpg,train,cctv_dishub_demak,prefiks Recording* (overlay DISHUB DEMAK),.jpg
Recording 2025-08-25 113001_mp4-0017_jpg.rf.qrXL52sCqibzdYbE0kDH.jpg,train,cctv_dishub_demak,prefiks Recording* (overlay DISHUB DEMAK),.jpg
Recording 2025-08-25 113001_mp4-0018_jpg.rf.QL1DpCyvy04ncFwwEyf6.jpg,train,cctv_dishub_demak,prefiks Recording* (overlay DISHUB DEMAK),.jpg
Recording 2025-08-25 113001_mp4-0019_jpg.rf.uavRXwlEEMZSFp9oL4hZ.jpg,train,cctv_dishub_demak,prefiks Recording* (overlay DISHUB DEMAK),.jpg
Recording 2025-08-25 113001_mp4-0020_jpg.rf.EblhTNGcHYAYKrcDYKYK.jpg,train,cctv_dishub_demak,prefiks Recording* (overlay DISHUB DEMAK),.jpg
Recording 2025-08-25 113001_mp4-0021_jpg.rf.YJCxm9US9oKXqYoW72GD.jpg,train,cctv_dishub_demak,prefiks Recording* (overlay DISHUB DEMAK),.jpg
Recording 2025-08-25 113001_mp4-0022_jpg.rf.x41jdD9UfQyOXZwRwjvT.jpg,train,cctv_dishub_demak,prefiks Recording* (overlay DISHUB DEMAK),.jpg
Recording 2025-08-25 113001_mp4-0023_jpg.rf.ssMJ8KO5Hb3jcxOVi8Du.jpg,train,cctv_dishub_demak,prefiks Recording* (overlay DISHUB DEMAK),.jpg
Recording 2025-08-25 113001_mp4-0024_jpg.rf.PAQioVovE9xFwgBUVvLg.jpg,train,cctv_dishub_demak,prefiks Recording* (overlay DISHUB DEMAK),.jpg
Recording 2025-08-25 113001_mp4-0025_jpg.rf.Rwz3n8UZMdhxj0f1GbFc.jpg,train,cctv_dishub_demak,prefiks Recording* (overlay DISHUB DEMAK),.jpg
Recording 2025-08-25 113001_mp4-0026_jpg.rf.v09zMOt68cIXKmNJDDbn.jpg,train,cctv_dishub_demak,prefiks Recording* (overlay DISHUB DEMAK),.jpg
Recording 2025-08-25 113001_mp4-0027_jpg.rf.bQiBmWMkGRaxyAq5SfpW.jpg,train,cctv_dishub_demak,prefiks Recording* (overlay DISHUB DEMAK),.jpg
Recording 2025-08-25 113001_mp4-0028_jpg.rf.PVJMLEG42rzAW08VrZgn.jpg,train,cctv_dishub_demak,prefiks Recording* (overlay DISHUB DEMAK),.jpg
Recording 2025-08-25 113001_mp4-0029_jpg.rf.wq7V1NFdDQaNu7T44QdV.jpg,train,cctv_dishub_demak,prefiks Recording* (overlay DISHUB DEMAK),.jpg
Recording 2025-08-25 113001_mp4-0030_jpg.rf.ZXN6tP3Nq5zyVaZIFwv1.jpg,train,cctv_dishub_demak,prefiks Recording* (overlay DISHUB DEMAK),.jpg
Recording 2025-08-25 113001_mp4-0031_jpg.rf.QgNjSOG2XjEHmEyMmDU6.jpg,train,cctv_dishub_demak,prefiks Recording* (overlay DISHUB DEMAK),.jpg
Recording 2025-08-25 113001_mp4-0032_jpg.rf.fpAOeyfzzjHv9ytYECFC.jpg,train,cctv_dishub_demak,prefiks Recording* (overlay DISHUB DEMAK),.jpg
Recording 2025-08-25 113001_mp4-0033_jpg.rf.83ZtjJ9fJCn5r11NVZGt.jpg,train,cctv_dishub_demak,prefiks Recording* (overlay DISHUB DEMAK),.jpg
Recording 2025-08-25 113001_mp4-0034_jpg.rf.wYbk0Zub3zBXnmAGVxBd.jpg,train,cctv_dishub_demak,prefiks Recording* (overlay DISHUB DEMAK),.jpg
Recording 2025-08-25 113001_mp4-0035_jpg.rf.CN1aLPIyBkIfklkDiI4H.jpg,train,cctv_dishub_demak,prefiks Recording* (overlay DISHUB DEMAK),.jpg
Recording 2025-08-25 113001_mp4-0036_jpg.rf.smxnqmHNpXl9ODskB4KI.jpg,train,cctv_dishub_demak,prefiks Recording* (overlay DISHUB DEMAK),.jpg
Recording 2025-08-25 113001_mp4-0037_jpg.rf.yFBgKezrB1vRiYOelJML.jpg,train,cctv_dishub_demak,prefiks Recording* (overlay DISHUB DEMAK),.jpg
Recording 2025-08-25 113001_mp4-0038_jpg.rf.zzkMs2lUNjgMD9rHRRCP.jpg,train,cctv_dishub_demak,prefiks Recording* (overlay DISHUB DEMAK),.jpg
Recording 2025-08-25 113001_mp4-0039_jpg.rf.VSKd2Z1cipyvi6NbVwj6.jpg,train,cctv_dishub_demak,prefiks Recording* (overlay DISHUB DEMAK),.jpg
Recording 2025-08-25 113001_mp4-0040_jpg.rf.GF8MVvmq6t5AxPJfJxgn.jpg,train,cctv_dishub_demak,prefiks Recording* (overlay DISHUB DEMAK),.jpg
Recording 2025-08-25 113001_mp4-0041_jpg.rf.9nAgCfYHoKadE7Ytauwa.jpg,train,cctv_dishub_demak,prefiks Recording* (overlay DISHUB DEMAK),.jpg
Recording 2025-08-25 113001_mp4-0042_jpg.rf.R8vZrX0Nx608sUN5hT87.jpg,train,cctv_dishub_demak,prefiks Recording* (overlay DISHUB DEMAK),.jpg
Recording 2025-08-25 113001_mp4-0043_jpg.rf.Ov3hMC5jidnBjwvhrNCa.jpg,train,cctv_dishub_demak,prefiks Recording* (overlay DISHUB DEMAK),.jpg
Recording 2025-08-25 113001_mp4-0044_jpg.rf.Vpd2nknE6azhmkKxT8fQ.jpg,train,cctv_dishub_demak,prefiks Recording* (overlay DISHUB DEMAK),.jpg
Recording 2025-08-25 113001_mp4-0045_jpg.rf.aZXs66qrSJaN8nmEB33j.jpg,train,cctv_dishub_demak,prefiks Recording* (overlay DISHUB DEMAK),.jpg
Recording 2025-08-25 113001_mp4-0046_jpg.rf.lz8p8bs9c5aFuvOQXxHj.jpg,train,cctv_dishub_demak,prefiks Recording* (overlay DISHUB DEMAK),.jpg
Recording 2025-08-25 113001_mp4-0047_jpg.rf.GBRPtLDWRqn9s6k1DfuW.jpg,train,cctv_dishub_demak,prefiks Recording* (overlay DISHUB DEMAK),.jpg
Recording 2025-08-25 113001_mp4-0048_jpg.rf.P7CITZlw3ld0PKyAUdfd.jpg,train,cctv_dishub_demak,prefiks Recording* (overlay DISHUB DEMAK),.jpg
Recording 2025-08-25 113001_mp4-0049_jpg.rf.vnEqO6aw55TMMVgtfwrn.jpg,train,cctv_dishub_demak,prefiks Recording* (overlay DISHUB DEMAK),.jpg
T100_png.rf.62d6GEFqHMJByAYpk8vQ.png,train,web_katalog,tidak cocok pola CCTV mana pun (citra web/katalog),.png
T101_png.rf.fDnX1BXuH8spTkhiYavV.png,train,web_katalog,tidak cocok pola CCTV mana pun (citra web/katalog),.png
T102_png.rf.TESogZwU5vhXfGkhwCWA.png,train,web_katalog,tidak cocok pola CCTV mana pun (citra web/katalog),.png
T10_png.rf.gMAvNkq91QZFAVXxAyaG.png,train,web_katalog,tidak cocok pola CCTV mana pun (citra web/katalog),.png
T11_png.rf.S7RTeg4OU8uLLEHasqUE.png,train,web_katalog,tidak cocok pola CCTV mana pun (citra web/katalog),.png
T12_png.rf.VdD3ptiQXByHe2jf5ZFV.png,train,web_katalog,tidak cocok pola CCTV mana pun (citra web/katalog),.png
T13_png.rf.iiwpSLxeUqJYrevtfo81.png,train,web_katalog,tidak cocok pola CCTV mana pun (citra web/katalog),.png
T14_png.rf.RmgsRBCX39aAnMCx0jRM.png,train,web_katalog,tidak cocok pola CCTV mana pun (citra web/katalog),.png
T15_png.rf.ZOeQY1J3zYf3wXuFWcku.png,train,web_katalog,tidak cocok pola CCTV mana pun (citra web/katalog),.png
T16_png.rf.sG8AN4ndFr83MRkQg9l7.png,train,web_katalog,tidak cocok pola CCTV mana pun (citra web/katalog),.png
T17_png.rf.2oxDwsYWz1rmkWOaz8O4.png,train,web_katalog,tidak cocok pola CCTV mana pun (citra web/katalog),.png
T18_png.rf.I1jayzEwniW9zxW61mPh.png,train,web_katalog,tidak cocok pola CCTV mana pun (citra web/katalog),.png
T19_png.rf.oYjdnjG9yw60FsYzWOQK.png,train,web_katalog,tidak cocok pola CCTV mana pun (citra web/katalog),.png
T20_png.rf.b7RJAgbFGtdb0C2YJYt6.png,train,web_katalog,tidak cocok pola CCTV mana pun (citra web/katalog),.png
T22_png.rf.5q6uR3PvYHZiX7qE6yVN.png,train,web_katalog,tidak cocok pola CCTV mana pun (citra web/katalog),.png
T23_png.rf.smuJgaRBYznjuWAKNEOZ.png,train,web_katalog,tidak cocok pola CCTV mana pun (citra web/katalog),.png
T24_png.rf.V4n9TpjvUJSa3h6Vkkwa.png,train,web_katalog,tidak cocok pola CCTV mana pun (citra web/katalog),.png
T25_png.rf.gUmJ21KJs746Gnk5Qd4l.png,train,web_katalog,tidak cocok pola CCTV mana pun (citra web/katalog),.png
T26_png.rf.BiJui45PXmUUDEChAQAt.png,train,web_katalog,tidak cocok pola CCTV mana pun (citra web/katalog),.png
T29_png.rf.3EKwYKkdLXmVh153Ewc4.png,train,web_katalog,tidak cocok pola CCTV mana pun (citra web/katalog),.png
T31_png.rf.gTTz3IWUtapQu3BlEA2U.png,train,web_katalog,tidak cocok pola CCTV mana pun (citra web/katalog),.png
T32_png.rf.TRmFKEDjcNAeJKj9smo3.png,train,web_katalog,tidak cocok pola CCTV mana pun (citra web/katalog),.png
T33_png.rf.qlPPRVnvmSoRZlLvWb9n.png,train,web_katalog,tidak cocok pola CCTV mana pun (citra web/katalog),.png
T35_png.rf.MEc9SMuPqxVYaN7HKTz7.png,train,web_katalog,tidak cocok pola CCTV mana pun (citra web/katalog),.png
T37_png.rf.esRcepo75YthCF4kT9SU.png,train,web_katalog,tidak cocok pola CCTV mana pun (citra web/katalog),.png
T38_png.rf.8sxYy16jFFUu8lASDV5P.png,train,web_katalog,tidak cocok pola CCTV mana pun (citra web/katalog),.png
T3_png.rf.SAEw3PKx009kJJxf0OGu.png,train,web_katalog,tidak cocok pola CCTV mana pun (citra web/katalog),.png
T42_png.rf.pU5JnqYWaPrfT8IXk9cy.png,train,web_katalog,tidak cocok pola CCTV mana pun (citra web/katalog),.png
T43_png.rf.5VT4m4aOVbeVkgFXM6f6.png,train,web_katalog,tidak cocok pola CCTV mana pun (citra web/katalog),.png
T45_png.rf.Cwjd0jIGUIgbZ8WDLbPS.png,train,web_katalog,tidak cocok pola CCTV mana pun (citra web/katalog),.png
T47_png.rf.00E44vtBXNRZByCa1N1r.png,train,web_katalog,tidak cocok pola CCTV mana pun (citra web/katalog),.png
T48_png.rf.4TpTfeqM3DJzCsGFXhUZ.png,train,web_katalog,tidak cocok pola CCTV mana pun (citra web/katalog),.png
T4_png.rf.0Th9jUZUaqxC6r1Mvavo.png,train,web_katalog,tidak cocok pola CCTV mana pun (citra web/katalog),.png
T51_png.rf.hmow9dr8PWVRGgBASZOa.png,train,web_katalog,tidak cocok pola CCTV mana pun (citra web/katalog),.png
T52_png.rf.GaEufjFpMs6fFCrObA05.png,train,web_katalog,tidak cocok pola CCTV mana pun (citra web/katalog),.png
T53_png.rf.nrM0NLn8wS5o3JsuECvP.png,train,web_katalog,tidak cocok pola CCTV mana pun (citra web/katalog),.png
T54_png.rf.0bnVXYy1QX74NsqHhAY9.png,train,web_katalog,tidak cocok pola CCTV mana pun (citra web/katalog),.png
T55_png.rf.mnYrIT6ouxFXINVlzSAz.png,train,web_katalog,tidak cocok pola CCTV mana pun (citra web/katalog),.png
T56_png.rf.OEIepAlnavh9oK3p35Fo.png,train,web_katalog,tidak cocok pola CCTV mana pun (citra web/katalog),.png
T57_png.rf.kjIMmOBrSZ2tvTCAL656.png,train,web_katalog,tidak cocok pola CCTV mana pun (citra web/katalog),.png
T58_png.rf.ZsVVHyOB5HzUdEDnTA4j.png,train,web_katalog,tidak cocok pola CCTV mana pun (citra web/katalog),.png
T59_png.rf.onqClQAWI5iAmCIW0eZ6.png,train,web_katalog,tidak cocok pola CCTV mana pun (citra web/katalog),.png
T5_png.rf.WY7qM7NmTHRRkkbWZOVK.png,train,web_katalog,tidak cocok pola CCTV mana pun (citra web/katalog),.png
T60_png.rf.EKJaHRFh9ii1s5hBZehf.png,train,web_katalog,tidak cocok pola CCTV mana pun (citra web/katalog),.png
T61_png.rf.er7wGFNg5JJLkO3V3sps.png,train,web_katalog,tidak cocok pola CCTV mana pun (citra web/katalog),.png
T62_png.rf.vzkgMqe05FAD5iQHFq4L.png,train,web_katalog,tidak cocok pola CCTV mana pun (citra web/katalog),.png
T63_png.rf.GIMsw0znOKNVeiBEp3tZ.png,train,web_katalog,tidak cocok pola CCTV mana pun (citra web/katalog),.png
T64_png.rf.TW0oEOV2HO1BPHFpLZiI.png,train,web_katalog,tidak cocok pola CCTV mana pun (citra web/katalog),.png
T65_png.rf.l5xzhSv7g3kw3vGlb9vV.png,train,web_katalog,tidak cocok pola CCTV mana pun (citra web/katalog),.png
T66_png.rf.x4o6DFTa7XxJAtrwanQN.png,train,web_katalog,tidak cocok pola CCTV mana pun (citra web/katalog),.png
T67_png.rf.Xm0Peq6n28VS28TzCGJe.png,train,web_katalog,tidak cocok pola CCTV mana pun (citra web/katalog),.png
T68_png.rf.TBqbRqGYa5KvKYk8p5wa.png,train,web_katalog,tidak cocok pola CCTV mana pun (citra web/katalog),.png
T69_png.rf.AeDagdBwUCkeqK0bauLT.png,train,web_katalog,tidak cocok pola CCTV mana pun (citra web/katalog),.png
T6_png.rf.sXDig4QXridq0Bg2kxgL.png,train,web_katalog,tidak cocok pola CCTV mana pun (citra web/katalog),.png
T70_png.rf.9BdMSUItSaIWbe09inJK.png,train,web_katalog,tidak cocok pola CCTV mana pun (citra web/katalog),.png
T72_png.rf.uj8ipMVfDwRzlcDrGbe5.png,train,web_katalog,tidak cocok pola CCTV mana pun (citra web/katalog),.png
T73_png.rf.TYfH8d3UCrMzQm57mXQg.png,train,web_katalog,tidak cocok pola CCTV mana pun (citra web/katalog),.png
T76_png.rf.5j5Fu0r6chFCziXsJyyu.png,train,web_katalog,tidak cocok pola CCTV mana pun (citra web/katalog),.png
T77_png.rf.bqCdePOsvxWAmP98gYSd.png,train,web_katalog,tidak cocok pola CCTV mana pun (citra web/katalog),.png
T78_png.rf.UMNhawNdkisZ0kKhQCyx.png,train,web_katalog,tidak cocok pola CCTV mana pun (citra web/katalog),.png
T79_png.rf.hY034kz3feaKsWgfIw90.png,train,web_katalog,tidak cocok pola CCTV mana pun (citra web/katalog),.png
T7_png.rf.2vogILTFmdFxFHlNmUJL.png,train,web_katalog,tidak cocok pola CCTV mana pun (citra web/katalog),.png
T80_png.rf.tl5ijYfDVEcJJTdff7vr.png,train,web_katalog,tidak cocok pola CCTV mana pun (citra web/katalog),.png
T81_png.rf.O7AYbonibvI9YvtCNPAX.png,train,web_katalog,tidak cocok pola CCTV mana pun (citra web/katalog),.png
T82_png.rf.ciF94zNeHatjGd5UzpXe.png,train,web_katalog,tidak cocok pola CCTV mana pun (citra web/katalog),.png
T83_png.rf.i8c8bCoPUcwUytSpG9tN.png,train,web_katalog,tidak cocok pola CCTV mana pun (citra web/katalog),.png
T84_png.rf.IM0IKqMiE66kBiUjoLUD.png,train,web_katalog,tidak cocok pola CCTV mana pun (citra web/katalog),.png
T88_png.rf.mEyoSyY0gvHjt4cvu0XR.png,train,web_katalog,tidak cocok pola CCTV mana pun (citra web/katalog),.png
T89_png.rf.zT45aCkBPR0j3FUDfg79.png,train,web_katalog,tidak cocok pola CCTV mana pun (citra web/katalog),.png
T8_png.rf.MHxLZDtH1BoSwD5KWGjn.png,train,web_katalog,tidak cocok pola CCTV mana pun (citra web/katalog),.png
T90_png.rf.spm3PgbeGCJfcNu6GT9A.png,train,web_katalog,tidak cocok pola CCTV mana pun (citra web/katalog),.png
T92_png.rf.moB4WXNMH5z405cAYk3X.png,train,web_katalog,tidak cocok pola CCTV mana pun (citra web/katalog),.png
T93_png.rf.UhUlxKr8AafwE7hkljBd.png,train,web_katalog,tidak cocok pola CCTV mana pun (citra web/katalog),.png
T94_png.rf.HIxRgnaWa9TZ0FpNYl6f.png,train,web_katalog,tidak cocok pola CCTV mana pun (citra web/katalog),.png
T95_png.rf.XPRG2oDXjxbBxiZDKSXs.png,train,web_katalog,tidak cocok pola CCTV mana pun (citra web/katalog),.png
T96_png.rf.99CUgL8uOpHy5ybsR8G4.png,train,web_katalog,tidak cocok pola CCTV mana pun (citra web/katalog),.png
T97_png.rf.WxueimuqsGRWxEYMEvbW.png,train,web_katalog,tidak cocok pola CCTV mana pun (citra web/katalog),.png
T99_png.rf.dKmABEhM8YRmH64jWLh7.png,train,web_katalog,tidak cocok pola CCTV mana pun (citra web/katalog),.png
T9_png.rf.syIwEJbNRnNoq8KOJFbj.png,train,web_katalog,tidak cocok pola CCTV mana pun (citra web/katalog),.png
Transjakarta-Bus_jpg.rf.7oCTQS3FnpD0Qgn9997d.jpg,train,web_katalog,tidak cocok pola CCTV mana pun (citra web/katalog),.jpg
Truk-Foto-ktb-co_-id_-2_jpg.rf.Haqt9KNZ8yivtC4qt4gX.jpg,train,web_katalog,tidak cocok pola CCTV mana pun (citra web/katalog),.jpg
UKTS_Bus_Simulator_Indonesia_PC_jpg.rf.Yaq5cJbpNhoTT44ydIp3.jpg,train,web_katalog,tidak cocok pola CCTV mana pun (citra web/katalog),.jpg
UT8keW_XfXcXXagOFbXd_jpg.rf.PRbhg9O89niUseRmGj6G.jpg,train,web_katalog,tidak cocok pola CCTV mana pun (citra web/katalog),.jpg
Untitled-design-60-1_png.rf.GkHucrtJfZqEZHOqjtwv.jpg,train,web_katalog,tidak cocok pola CCTV mana pun (citra web/katalog),.jpg
WhatsApp-2BImage-2B2017-07-26-2Bat-2-5_jpg.rf.a2DGHTRSo0XS9IJ58fjR.jpg,train,web_katalog,tidak cocok pola CCTV mana pun (citra web/katalog),.jpg
WhatsApp-2BImage-2B2017-07-26-2Bat-2_jpg.rf.l0lqioAr4o0hYXWFBuW3.jpg,train,web_katalog,tidak cocok pola CCTV mana pun (citra web/katalog),.jpg
WhatsApp-Image-2020-07-04-at-18-38-3_jpg.rf.efJLCN7vQts2aaTdkFro.jpg,train,web_katalog,tidak cocok pola CCTV mana pun (citra web/katalog),.jpg
WhatsApp-Image-2021-04-19-at-14-47-0-1_jpg.rf.VHukkTEUgiP9uXfmt2LF.jpg,train,web_katalog,tidak cocok pola CCTV mana pun (citra web/katalog),.jpg
WhatsApp-Image-2021-04-19-at-14-47-0_jpg.rf.U7whlaDjw4a01fKWpFsH.jpg,train,web_katalog,tidak cocok pola CCTV mana pun (citra web/katalog),.jpg
Winstar-bus_jpg.rf.wf8nRGwLX4Z5fjRz55vu.jpg,train,web_katalog,tidak cocok pola CCTV mana pun (citra web/katalog),.jpg
X0JQaKT5nA_jpg.rf.Cpk5tiIXxABMr5lgbZap.jpg,train,web_katalog,tidak cocok pola CCTV mana pun (citra web/katalog),.jpg
YIYzEUhXWShtyxR-1600x900-noPad_jpg.rf.Hb2mDhfpow5EP2sMa4M2.jpg,train,web_katalog,tidak cocok pola CCTV mana pun (citra web/katalog),.jpg
YT00640_1_jpg.rf.NmWniO76oEqERlbGiRui.jpg,train,web_katalog,tidak cocok pola CCTV mana pun (citra web/katalog),.jpg
Yutong-55-Seats-Used-Bus-Coach-Bus-P_jpg.rf.qVwPF43wF4zeIX441nf5.jpg,train,web_katalog,tidak cocok pola CCTV mana pun (citra web/katalog),.jpg
ZhongTong_jpg.rf.rJM92w5Hz2Gpilu1mEeu.jpg,train,web_katalog,tidak cocok pola CCTV mana pun (citra web/katalog),.jpg
a-man-walks-near-container-trucks-which-were-damaged-after-c_jpg.rf.053psgXpiZTb8V8fX2ms.jpg,train,web_katalog,tidak cocok pola CCTV mana pun (citra web/katalog),.jpg
a-maritime-truck-hauling-a-hyundai-shipping-container-along-_jpg.rf.yXz5Phop3opOnzmnLZ32.jpg,train,web_katalog,tidak cocok pola CCTV mana pun (citra web/katalog),.jpg
a-security-official-stands-near-an-oil-tanker-that-was-set-a_jpg.rf.13sd2JPaaDfxy1kYEcm8.jpg,train,web_katalog,tidak cocok pola CCTV mana pun (citra web/katalog),.jpg
a79d604a-4711-4d86-a9bd-70a15cdc7243_png.rf.5TEa2ZUhOEiuTMyUn0Lq.jpg,train,web_katalog,tidak cocok pola CCTV mana pun (citra web/katalog),.jpg
aaf1bbc83654f71150d7bed74ecaa91e_jpg.rf.NGG5yVYZFLG5ZPQhJbqi.jpg,train,web_katalog,tidak cocok pola CCTV mana pun (citra web/katalog),.jpg
ac9bb600-271e-4345-8818-cce699384d6e_jpg.rf.Z1iIRwwrqtHkTe1A2l4b.jpg,train,web_katalog,tidak cocok pola CCTV mana pun (citra web/katalog),.jpg
ad-assets-2F17828-5812AIS01-2Ffield_jpg.rf.KJwA2aKLaOeeszi4lIyI.jpg,train,web_katalog,tidak cocok pola CCTV mana pun (citra web/katalog),.jpg
ad-assets-2F2020-08-2F1597034527_ctt_jpg.rf.GxYQ0Nz1DhSMOPhU0iVP.jpg,train,web_katalog,tidak cocok pola CCTV mana pun (citra web/katalog),.jpg
adl-enviro400h-with-bae-systems-seri_jpg.rf.gIHneHEnzNobXIUzo44O.jpg,train,web_katalog,tidak cocok pola CCTV mana pun (citra web/katalog),.jpg
antarafoto-ekspor-bus-ke-bangladesh-_jpg.rf.QmZEY9Yfu3XbD2Sh7Z4x.jpg,train,web_katalog,tidak cocok pola CCTV mana pun (citra web/katalog),.jpg
arctic-bus-landmannalaugar_jpg.rf.yWLYv15ExA0RdnMQsInr.jpg,train,web_katalog,tidak cocok pola CCTV mana pun (citra web/katalog),.jpg
armada-bus-damri_jpg.rf.U1YWhvwnbar0OroiTYbe.jpg,train,web_katalog,tidak cocok pola CCTV mana pun (citra web/katalog),.jpg
armada-damri-kini-dilengkapi-ion-pla_jpg.rf.snl3Xwir0nCTiU4l9uig.jpg,train,web_katalog,tidak cocok pola CCTV mana pun (citra web/katalog),.jpg
as_10_jpg.rf.w3lQWm6fNcp1SZ02Ep5F.jpg,train,web_katalog,tidak cocok pola CCTV mana pun (citra web/katalog),.jpg
au_vehicles-8355-2_jpg.rf.IIoDKTwmSlpopCFqPqZs.jpg,train,web_katalog,tidak cocok pola CCTV mana pun (citra web/katalog),.jpg
avg2_59x_01112020_jpg.rf.IyHQNQItpicn1CRqlOFz.jpg,train,web_katalog,tidak cocok pola CCTV mana pun (citra web/katalog),.jpg
b3026ca24c27e4205677f61bb2b4e697_jpg.rf.rFaxmY3KmfeyetsINTTt.jpg,train,web_katalog,tidak cocok pola CCTV mana pun (citra web/katalog),.jpg
b88a009c-f8b1-4b82-bfda-1a76f774cf52_jpg.rf.TstCDoPkMACPCUiM7uQJ.jpg,train,web_katalog,tidak cocok pola CCTV mana pun (citra web/katalog),.jpg
bak-2Btruk-2Birsyad-2Bputra_jpg.rf.k0mTrC4hyCKHqFmNoLl2.jpg,train,web_katalog,tidak cocok pola CCTV mana pun (citra web/katalog),.jpg
bak-truk-2B-25283-2529_jpg.rf.iyHg3m3EyRWBWfVbVXaE.jpg,train,web_katalog,tidak cocok pola CCTV mana pun (citra web/katalog),.jpg
bak-truk-modifikasi_jpg.rf.LYiaHRzRtwMne7o90RUj.jpg,train,web_katalog,tidak cocok pola CCTV mana pun (citra web/katalog),.jpg
bak-truk-subah-1_jpg.rf.5Kkvf2UK4b0bBIg2xjmY.jpg,train,web_katalog,tidak cocok pola CCTV mana pun (citra web/katalog),.jpg
banjir-jakarta-bus-damri-rute-bandar_jpg.rf.mV3dozLXZoYsPmuZwrZ8.jpg,train,web_katalog,tidak cocok pola CCTV mana pun (citra web/katalog),.jpg
batambicara-id-kembali-beroperasiona_jpg.rf.dbXG8snnF42EtqJEDtII.jpg,train,web_katalog,tidak cocok pola CCTV mana pun (citra web/katalog),.jpg
bd641e5b2a4baeb6065d59537cff6f8f_jpg.rf.0zIlN5ZCRM4SzB8RfbmS.jpg,train,web_katalog,tidak cocok pola CCTV mana pun (citra web/katalog),.jpg
bd7406e99e25231acc59a1e7a821a6b6_jpg.rf.rfHHyEhJ4rHP3qnCFA3u.jpg,train,web_katalog,tidak cocok pola CCTV mana pun (citra web/katalog),.jpg
big-bus-tour-dubai_jpg.rf.4TwJpAgOeY62CTE1EsMk.jpg,train,web_katalog,tidak cocok pola CCTV mana pun (citra web/katalog),.jpg
bis-2Bwerkudara_jpg.rf.6ulXWjnThDZ1aIyNxz4U.jpg,train,web_katalog,tidak cocok pola CCTV mana pun (citra web/katalog),.jpg
bis-damri-56f691fd927a61d208fdbaf7_jpg.rf.MGLfA38LWsqwEO4Piya4.jpg,train,web_katalog,tidak cocok pola CCTV mana pun (citra web/katalog),.jpg
boarding-the-126-bus-in-hobjpeg-4bf5_jpg.rf.PjLvDpvso4Tfrxp3Vtue.jpg,train,web_katalog,tidak cocok pola CCTV mana pun (citra web/katalog),.jpg
bs21-home-01_jpg.rf.PDcdFbf4I22ltvSI84M3.jpg,train,web_katalog,tidak cocok pola CCTV mana pun (citra web/katalog),.jpg
bs_jpg.rf.4aDqK0Xg1gOKahWVfNaS.jpg,train,web_katalog,tidak cocok pola CCTV mana pun (citra web/katalog),.jpg
bus-2Bdamri-2Bbandung-2B-2Bkuningan_jpg.rf.g1e3nAR0QeoOI2cmYQy2.jpg,train,web_katalog,tidak cocok pola CCTV mana pun (citra web/katalog),.jpg
bus-2Bdamri-2Bbandung_jpg.rf.LYGJqzlkyhqQtvW0faqH.jpg,train,web_katalog,tidak cocok pola CCTV mana pun (citra web/katalog),.jpg
bus-2Bdamri-2Bbogor_jpg.rf.T1zxnYIxWzBifAQu9aCf.jpg,train,web_katalog,tidak cocok pola CCTV mana pun (citra web/katalog),.jpg
bus-2Bdamri-2Bpariwisata-2B082272273_jpg.rf.5qSzpT6rd8fjH8QvRLhW.jpg,train,web_katalog,tidak cocok pola CCTV mana pun (citra web/katalog),.jpg
bus-2Bdamri-2Bpariwisata1-2B08227227_jpg.rf.XcjTQ6LtVJx7tqrfR9qG.jpg,train,web_katalog,tidak cocok pola CCTV mana pun (citra web/katalog),.jpg
bus-2Bdamri-2Bpariwisata3-2B08227227_jpg.rf.Mx0nBvaUngAbBQW4P4fw.jpg,train,web_katalog,tidak cocok pola CCTV mana pun (citra web/katalog),.jpg
bus-2Bdamri-2Bpariwisata4-2B08227227_jpg.rf.2e8qo6Gj01IvOFGF6Sof.jpg,train,web_katalog,tidak cocok pola CCTV mana pun (citra web/katalog),.jpg
bus-2Bdamri-2Bpariwisata5-2B08227227_jpg.rf.s1MhQ73L9gWddDk7MKPd.jpg,train,web_katalog,tidak cocok pola CCTV mana pun (citra web/katalog),.jpg
bus-2Bdamri-2Bpariwisata5-2Bmedium-2_jpg.rf.LMYUlchEz5dEAPrzqnlF.jpg,train,web_katalog,tidak cocok pola CCTV mana pun (citra web/katalog),.jpg
bus-2Bdamri-2Bpariwisata51-2Bmedium-_jpg.rf.B6L1cQFxEPbXl4eTqBNV.jpg,train,web_katalog,tidak cocok pola CCTV mana pun (citra web/katalog),.jpg
bus-2Bdamri-min_jpg.rf.0SHcUMh7whFAdfM3w6My.jpg,train,web_katalog,tidak cocok pola CCTV mana pun (citra web/katalog),.jpg
bus-2Bdamri_jpg.rf.EAXxm40i5Ys3opa50xJ5.jpg,train,web_katalog,tidak cocok pola CCTV mana pun (citra web/katalog),.jpg
bus-bandara-soetta-disetop-pendapata_jpg.rf.wUtnmNNBE6iCtrLbmKue.jpg,train,web_katalog,tidak cocok pola CCTV mana pun (citra web/katalog),.jpg
bus-damri-1-1_jpg.rf.x9dOLuelKlIPCnEG4TUm.jpg,train,web_katalog,tidak cocok pola CCTV mana pun (citra web/katalog),.jpg
bus-damri-bandara_jpg.rf.9yP89wdDyGlzkyzhOpT8.jpg,train,web_katalog,tidak cocok pola CCTV mana pun (citra web/katalog),.jpg
bus-damri-eksekutif_20180404_132146_jpg.rf.vTeH9KZXwv0rSDfHhl39.jpg,train,web_katalog,tidak cocok pola CCTV mana pun (citra web/katalog),.jpg
bus-damri-hotel_jpg.rf.PxYyuR1C1N6ppZv440bs.jpg,train,web_katalog,tidak cocok pola CCTV mana pun (citra web/katalog),.jpg
bus-damri-kota-bandung_jpg.rf.3m6XTFqqE2rIkrHLXIvb.jpg,train,web_katalog,tidak cocok pola CCTV mana pun (citra web/katalog),.jpg
bus-di-jakarta_jpg.rf.vJAE3DCogyo3af472xke.jpg,train,web_katalog,tidak cocok pola CCTV mana pun (citra web/katalog),.jpg
bus-listrik-indonesia_jpg.rf.b2uJo71KSvHwOgS03nrQ.jpg,train,web_katalog,tidak cocok pola CCTV mana pun (citra web/katalog),.jpg
bus-premium-Ini-5-Daftar-Bus-Premium_jpg.rf.g9lhBcaaLf3WcVn1Pmur.jpg,train,web_katalog,tidak cocok pola CCTV mana pun (citra web/katalog),.jpg
bus-shelter-clark-nexsen_jpg.rf.yeeQph2nRZrzajilZyYE.jpg,train,web_katalog,tidak cocok pola CCTV mana pun (citra web/katalog),.jpg
bus-simulator-fi-1_jpg.rf.0YfpijHWtRl55Cj8jrIc.jpg,train,web_katalog,tidak cocok pola CCTV mana pun (citra web/katalog),.jpg
bus-station_jpg.rf.Y8wxYHR8ggfVr8j8UY9j.jpg,train,web_katalog,tidak cocok pola CCTV mana pun (citra web/katalog),.jpg
bus-wisata2_jpg.rf.BmgIbDbFSkAlHYvdgU8A.jpg,train,web_katalog,tidak cocok pola CCTV mana pun (citra web/katalog),.jpg
bus-wrap-1_jpg.rf.6POnj1tiLmIsLPIOjSgw.jpg,train,web_katalog,tidak cocok pola CCTV mana pun (citra web/katalog),.jpg
bus19_jpg.rf.nLu5MFokqclXvL9QTIwY.jpg,train,web_katalog,tidak cocok pola CCTV mana pun (citra web/katalog),.jpg
bus_PNG8623_png.rf.p5zqM0AmOcMDshlXgss4.jpg,train,web_katalog,tidak cocok pola CCTV mana pun (citra web/katalog),.jpg
bus_jpg.rf.Ni2Lpq2TCMMb3P1kEUJ2.jpg,train,web_katalog,tidak cocok pola CCTV mana pun (citra web/katalog),.jpg
bus_suburjaya_Bl-rEszl6b__jpg.rf.n6WTnVEzKvfJ7zxl9ntR.jpg,train,web_katalog,tidak cocok pola CCTV mana pun (citra web/katalog),.jpg
buz_jpg.rf.21QVpqL0Aj6kEPb6MhaB.jpg,train,web_katalog,tidak cocok pola CCTV mana pun (citra web/katalog),.jpg
c28552fd-ead4-4f25-a8ec-cc5e22391208_jpg.rf.WitHLUQzeeBhA0EMuLLy.jpg,train,web_katalog,tidak cocok pola CCTV mana pun (citra web/katalog),.jpg
cBdKihjh1Us6DwCV5JAjZObUkO35P3lPxkjq_jpg.rf.DJ1lgdqwtcALsfWHHMjt.jpg,train,web_katalog,tidak cocok pola CCTV mana pun (citra web/katalog),.jpg
cardiff-bus-3_jpg.rf.9fl5wTqfjcjuX2dRMTfv.jpg,train,web_katalog,tidak cocok pola CCTV mana pun (citra web/katalog),.jpg
cars_23051_mitsubishi_l300_2015_2305_jpg.rf.UMa7HQPpXHiZwPadFxyG.jpg,train,web_katalog,tidak cocok pola CCTV mana pun (citra web/katalog),.jpg
cata-bus_jpg.rf.xUri3V7grVR5ptOybyVv.jpg,train,web_katalog,tidak cocok pola CCTV mana pun (citra web/katalog),.jpg
cbf0pa41ri1377dosiuq_jpg.rf.JMn6GyHsqA9iZIU0G1oh.jpg,train,web_katalog,tidak cocok pola CCTV mana pun (citra web/katalog),.jpg
cf4a6eb92892cff4e6981617e10a017c-bu_jpg.rf.M5W6OoWuskKfKdQ4V8k7.jpg,train,web_katalog,tidak cocok pola CCTV mana pun (citra web/katalog),.jpg
chiang-mai-thailand-september-privat_jpg.rf.drbyBGHcz06eatiwRCmT.jpg,train,web_katalog,tidak cocok pola CCTV mana pun (citra web/katalog),.jpg
chiangmai-thailand-march-mitsubishi-_jpg.rf.unoHZpTXVjeZFUVQ47JS.jpg,train,web_katalog,tidak cocok pola CCTV mana pun (citra web/katalog),.jpg
chl-64t0213zbko1ajdvw5b9original_jpg.rf.Nm3sa7XRlA5cRbtu4B92.jpg,train,web_katalog,tidak cocok pola CCTV mana pun (citra web/katalog),.jpg
com-carbusindonesiabussid-bussimulat_png.rf.WCHvhJ5kB5Ym7s9T5Bvu.jpg,train,web_katalog,tidak cocok pola CCTV mana pun (citra web/katalog),.jpg
content_Pyongyang_Trolley-bus_-Choll_jpg.rf.lD3Wdjft6w7cAEFQR2Nj.jpg,train,web_katalog,tidak cocok pola CCTV mana pun (citra web/katalog),.jpg
cq5dam-web-1280-1280_jpg.rf.O446GQ3pfoYaJChaqdf3.jpg,train,web_katalog,tidak cocok pola CCTV mana pun (citra web/katalog),.jpg
crossway-2-1282_jpg.rf.q0on6GzpafXxsJpF681u.jpg,train,web_katalog,tidak cocok pola CCTV mana pun (citra web/katalog),.jpg
cutting-sticker-truck-canter-bak-ung_jpg.rf.CJCMSP8ciTgpufiflgV6.jpg,train,web_katalog,tidak cocok pola CCTV mana pun (citra web/katalog),.jpg
cutting-sticker-truck-canter-kombina_jpg.rf.PaaJNmpU9UDPMorMQYWb.jpg,train,web_katalog,tidak cocok pola CCTV mana pun (citra web/katalog),.jpg
d15a019bc31a4cb9310981c3549992ec_jpg.rf.8LRt392dLPJtTIciR4l3.jpg,train,web_katalog,tidak cocok pola CCTV mana pun (citra web/katalog),.jpg
dam_jpg.rf.8O2xkrPGfH1jT5xDv4LT.jpg,train,web_katalog,tidak cocok pola CCTV mana pun (citra web/katalog),.jpg
damri-1-2_jpg.rf.ihbcH9p9WA9NkzHVfMrz.jpg,train,web_katalog,tidak cocok pola CCTV mana pun (citra web/katalog),.jpg
damri-2BT2-2BJuanda-2B-25283-2529_jpg.rf.WqKTQ037EpPXSgBRnNGJ.jpg,train,web_katalog,tidak cocok pola CCTV mana pun (citra web/katalog),.jpg
damri-2Bbus-2Bbandara-2Bsoeta-2B_jpg.rf.XA6lvWdQbxKD5PqpumH8.jpg,train,web_katalog,tidak cocok pola CCTV mana pun (citra web/katalog),.jpg
damri-2Bpurwakarta-2Bke-2Bbandara-2B-1_jpg.rf.i6LGFMaAGGIHqNAHGJlc.jpg,train,web_katalog,tidak cocok pola CCTV mana pun (citra web/katalog),.jpg
damri-696x391_jpg.rf.hUZpT2VoaC17N5QwmVhS.jpg,train,web_katalog,tidak cocok pola CCTV mana pun (citra web/katalog),.jpg
damri-768x434_jpg.rf.rVzaQoewkDH69rM4eYB1.jpg,train,web_katalog,tidak cocok pola CCTV mana pun (citra web/katalog),.jpg
damri-bandara_jpg.rf.qNEIOBO82jDfbEmme0l0.jpg,train,web_katalog,tidak cocok pola CCTV mana pun (citra web/katalog),.jpg
damri-bisnis_20150629_191329_jpg.rf.1xL7SvTGsC5HmJ5W0NN3.jpg,train,web_katalog,tidak cocok pola CCTV mana pun (citra web/katalog),.jpg
damri-bus_jpg.rf.XISSoPdMPNIqvTCQWPbd.jpg,train,web_katalog,tidak cocok pola CCTV mana pun (citra web/katalog),.jpg
damri-di-stasiun-lrt_jpg.rf.KobLRSZjQ6n63Adq2IPg.jpg,train,web_katalog,tidak cocok pola CCTV mana pun (citra web/katalog),.jpg
damri-lampung_20150515_185959_jpg.rf.sDv4LLj7M4yft1mxpmll.jpg,train,web_katalog,tidak cocok pola CCTV mana pun (citra web/katalog),.jpg
damri-listrik_jpg.rf.CIzZegbM8yftJpt3EvG7.jpg,train,web_katalog,tidak cocok pola CCTV mana pun (citra web/katalog),.jpg
damri-terminal-arjosari-sendangbiru__jpg.rf.6w8CeqCOkJhTlqFObyyD.jpg,train,web_katalog,tidak cocok pola CCTV mana pun (citra web/katalog),.jpg
damri-trans-padang-1_jpg.rf.pfW8j85pOFFpkVQ5qzvh.jpg,train,web_katalog,tidak cocok pola CCTV mana pun (citra web/katalog),.jpg
damri-ultima_jpg.rf.Y3ABwjrCTfPqLlE7mwnG.jpg,train,web_katalog,tidak cocok pola CCTV mana pun (citra web/katalog),.jpg
damri22_jpg.rf.EWpkTfaGCpQQJ6e9UvYx.jpg,train,web_katalog,tidak cocok pola CCTV mana pun (citra web/katalog),.jpg
damri535897280_jpg.rf.WxMJYV2e64UfeFzfoi1Z.jpg,train,web_katalog,tidak cocok pola CCTV mana pun (citra web/katalog),.jpg
dari-bbm-bus-damri-dikonversi-jadi-l_jpg.rf.UTxWml8Pd1kIfdWVKrEh.jpg,train,web_katalog,tidak cocok pola CCTV mana pun (citra web/katalog),.jpg
dca1a4f2-be7b-4532-90f4-3a5f41890bb0_jpg.rf.3V8oOdqMiVEsKVTFvKNt.jpg,train,web_katalog,tidak cocok pola CCTV mana pun (citra web/katalog),.jpg
doha-bus_jpg.rf.ylmRlNmZfo9K0J5JXwdG.jpg,train,web_katalog,tidak cocok pola CCTV mana pun (citra web/katalog),.jpg
dscn5949_1-27-2012_jpg.rf.sGOZVMhr6x3GugLadeC8.jpg,train,web_katalog,tidak cocok pola CCTV mana pun (citra web/katalog),.jpg
dscn8590_9-25-2012_jpg.rf.ulI9g4e1lirwE6YK5G4N.jpg,train,web_katalog,tidak cocok pola CCTV mana pun (citra web/katalog),.jpg
ep3-2Bmashel_jpg.rf.AGi8Tjz90bnVV0xDKVwE.jpg,train,web_katalog,tidak cocok pola CCTV mana pun (citra web/katalog),.jpg
ets2-mitsubishi-fuso-supergreat-truc_jpg.rf.StKWbaKx4BSl0dFLCZam.jpg,train,web_katalog,tidak cocok pola CCTV mana pun (citra web/katalog),.jpg
ets2_00027_ModLandNet_4_png.rf.WNHvNAZ2kWry5nvLERzS.jpg,train,web_katalog,tidak cocok pola CCTV mana pun (citra web/katalog),.jpg
eut2_hq_5e8817ae_png.rf.5vs3cQ9xxe8jdAiJcvL0.jpg,train,web_katalog,tidak cocok pola CCTV mana pun (citra web/katalog),.jpg
f23d879b06855fff25a49736ff70a859_jpg.rf.vv7vsl0wqp06dXSIVsyy.jpg,train,web_katalog,tidak cocok pola CCTV mana pun (citra web/katalog),.jpg
frame_000000_jpg.rf.D1HIkudUQF4orSpKe5Io.jpg,train,cctv_rekam_layar,prefiks frame_* (rekam layar penampil CCTV),.jpg
frame_000000_jpg.rf.IXDx5R5YVLvYu1P8DqhQ.jpg,train,cctv_rekam_layar,prefiks frame_* (rekam layar penampil CCTV),.jpg
frame_000000_jpg.rf.Qiahkh4BlJQzQgFAOMoV.jpg,train,cctv_rekam_layar,prefiks frame_* (rekam layar penampil CCTV),.jpg
frame_000000_jpg.rf.WbXi0TBAbdf0VjTySqpC.jpg,train,cctv_rekam_layar,prefiks frame_* (rekam layar penampil CCTV),.jpg
frame_000000_jpg.rf.ueIY9EWpg7wQXfe1pZmu.jpg,train,cctv_rekam_layar,prefiks frame_* (rekam layar penampil CCTV),.jpg
frame_000000_png.rf.7SGqgBaloyUrWMhmCUbI.png,train,cctv_rekam_layar,prefiks frame_* (rekam layar penampil CCTV),.png
frame_000000_png.rf.CanZOGXddDwCHXkccZ5H.jpg,train,cctv_rekam_layar,prefiks frame_* (rekam layar penampil CCTV),.jpg
frame_000000_png.rf.F3HZSg5woOJXWM61mWOi.png,train,cctv_rekam_layar,prefiks frame_* (rekam layar penampil CCTV),.png
frame_000000_png.rf.I8M3y3gNufcELfWeSqLE.png,train,cctv_rekam_layar,prefiks frame_* (rekam layar penampil CCTV),.png
frame_000000_png.rf.JzfjnJr4ZedJkQ85QBc2.png,train,cctv_rekam_layar,prefiks frame_* (rekam layar penampil CCTV),.png
frame_000000_png.rf.Lu108Kv8yvFCzQWAfbhE.png,train,cctv_rekam_layar,prefiks frame_* (rekam layar penampil CCTV),.png
frame_000000_png.rf.OVF1rSOhv7DRAtdXsRe8.png,train,cctv_rekam_layar,prefiks frame_* (rekam layar penampil CCTV),.png
frame_000000_png.rf.VTlG3d2s1CDEO7vWG82Z.png,train,cctv_rekam_layar,prefiks frame_* (rekam layar penampil CCTV),.png
frame_000000_png.rf.Xcd8rMoD8otwhrCpjOLx.png,train,cctv_rekam_layar,prefiks frame_* (rekam layar penampil CCTV),.png
frame_000000_png.rf.c4PacKErueccsD1sfUeY.png,train,cctv_rekam_layar,prefiks frame_* (rekam layar penampil CCTV),.png
frame_000000_png.rf.mG908Bp5wGSj1MhIS3LR.png,train,cctv_rekam_layar,prefiks frame_* (rekam layar penampil CCTV),.png
frame_000000_png.rf.t2x1nrO3h8CHsXKSbJ8T.png,train,cctv_rekam_layar,prefiks frame_* (rekam layar penampil CCTV),.png
frame_000000_png.rf.vd74z4nTsHwE54WGrGPC.jpg,train,cctv_rekam_layar,prefiks frame_* (rekam layar penampil CCTV),.jpg
frame_000000_png.rf.xtqVE7sTOWfvLFjxsB3D.jpg,train,cctv_rekam_layar,prefiks frame_* (rekam layar penampil CCTV),.jpg
frame_000005_png.rf.etVqbxMB5CtgCPo7TlAe.png,train,cctv_rekam_layar,prefiks frame_* (rekam layar penampil CCTV),.png
frame_000008_png.rf.k9bw9zKlCUq3P6Owob9d.png,train,cctv_rekam_layar,prefiks frame_* (rekam layar penampil CCTV),.png
frame_000009_jpg.rf.0m7IbsgS5bqTWHfD9jWb.jpg,train,cctv_rekam_layar,prefiks frame_* (rekam layar penampil CCTV),.jpg
frame_000010_png.rf.UD0vXs9BcGEi32mNjLwn.jpg,train,cctv_rekam_layar,prefiks frame_* (rekam layar penampil CCTV),.jpg
frame_000010_png.rf.yo8qgHWcaq6RbQGuT2F2.png,train,cctv_rekam_layar,prefiks frame_* (rekam layar penampil CCTV),.png
frame_000012_jpg.rf.YJqoiVeCy9ZlHJMU488C.jpg,train,cctv_rekam_layar,prefiks frame_* (rekam layar penampil CCTV),.jpg
frame_000015_png.rf.jfYhhoidlFOSMPr7ne6I.png,train,cctv_rekam_layar,prefiks frame_* (rekam layar penampil CCTV),.png
frame_000016_png.rf.GWGoMXBKMXdF9cnIOM3z.png,train,cctv_rekam_layar,prefiks frame_* (rekam layar penampil CCTV),.png
frame_000018_jpg.rf.pdaVAZVO1kNJpawpW4Mt.jpg,train,cctv_rekam_layar,prefiks frame_* (rekam layar penampil CCTV),.jpg
frame_000018_jpg.rf.vJVazycMI7ZLOj8A0Myg.jpg,train,cctv_rekam_layar,prefiks frame_* (rekam layar penampil CCTV),.jpg
frame_000020_png.rf.5mkM41sdrkVBctW3daqe.jpg,train,cctv_rekam_layar,prefiks frame_* (rekam layar penampil CCTV),.jpg
frame_000020_png.rf.BCfpuexivTzPQ1eulH5P.png,train,cctv_rekam_layar,prefiks frame_* (rekam layar penampil CCTV),.png
frame_000020_png.rf.sxTtxFAriqk4iAWpW1jf.jpg,train,cctv_rekam_layar,prefiks frame_* (rekam layar penampil CCTV),.jpg
frame_000020_png.rf.vJeIUvxpHAaeIGigzVPn.png,train,cctv_rekam_layar,prefiks frame_* (rekam layar penampil CCTV),.png
frame_000024_jpg.rf.OjCILOyqlJb72x2CLhqj.jpg,train,cctv_rekam_layar,prefiks frame_* (rekam layar penampil CCTV),.jpg
frame_000024_png.rf.X2XkClEYUP6h2NvEtGt3.png,train,cctv_rekam_layar,prefiks frame_* (rekam layar penampil CCTV),.png
frame_000025_png.rf.vp83uvhYv5jkHNzFRvWy.png,train,cctv_rekam_layar,prefiks frame_* (rekam layar penampil CCTV),.png
frame_000027_jpg.rf.zLaEZjzrdC5nY3bPEVo1.jpg,train,cctv_rekam_layar,prefiks frame_* (rekam layar penampil CCTV),.jpg
frame_000030_jpg.rf.0J2ezgBoWD5FNAwrjEBc.jpg,train,cctv_rekam_layar,prefiks frame_* (rekam layar penampil CCTV),.jpg
frame_000030_jpg.rf.IPOcDL0kiQRFkilAEBlp.jpg,train,cctv_rekam_layar,prefiks frame_* (rekam layar penampil CCTV),.jpg
frame_000030_png.rf.TbCDxh89rv9Q5PEm1hZv.png,train,cctv_rekam_layar,prefiks frame_* (rekam layar penampil CCTV),.png
frame_000030_png.rf.hyxrr1v9zrYU4Q85DxYP.jpg,train,cctv_rekam_layar,prefiks frame_* (rekam layar penampil CCTV),.jpg
frame_000032_png.rf.mneeR2QrfvdxIpD4J3p7.png,train,cctv_rekam_layar,prefiks frame_* (rekam layar penampil CCTV),.png
frame_000032_png.rf.yIMC891UZsauLiTB7K4n.jpg,train,cctv_rekam_layar,prefiks frame_* (rekam layar penampil CCTV),.jpg
frame_000035_png.rf.kAL01HlxPnFspgsOKTx3.png,train,cctv_rekam_layar,prefiks frame_* (rekam layar penampil CCTV),.png
frame_000036_jpg.rf.67IFoE0UJXBZ31Y8tCCM.jpg,train,cctv_rekam_layar,prefiks frame_* (rekam layar penampil CCTV),.jpg
frame_000040_png.rf.9xb40PxYq62N4eMYKI1I.png,train,cctv_rekam_layar,prefiks frame_* (rekam layar penampil CCTV),.png
frame_000040_png.rf.PjwpjQrCYTwf26lfgMT2.jpg,train,cctv_rekam_layar,prefiks frame_* (rekam layar penampil CCTV),.jpg
frame_000040_png.rf.gPwhqm0NwrWT0vx0Qzeh.png,train,cctv_rekam_layar,prefiks frame_* (rekam layar penampil CCTV),.png
frame_000040_png.rf.pBL8VlmascfscPNkib6L.jpg,train,cctv_rekam_layar,prefiks frame_* (rekam layar penampil CCTV),.jpg
frame_000040_png.rf.sqfBjBxk6PWf9XyQHXS2.png,train,cctv_rekam_layar,prefiks frame_* (rekam layar penampil CCTV),.png
frame_000045_jpg.rf.GyCx8Ot7Uutrb1m3LKIz.jpg,train,cctv_rekam_layar,prefiks frame_* (rekam layar penampil CCTV),.jpg
frame_000045_png.rf.NcxSjpEvFmzPa9NoGmO2.png,train,cctv_rekam_layar,prefiks frame_* (rekam layar penampil CCTV),.png
frame_000045_png.rf.f6eRkopCdLOz7DuRcC7h.png,train,cctv_rekam_layar,prefiks frame_* (rekam layar penampil CCTV),.png
frame_000045_png.rf.wtfizvgEZAsYgus7VMaM.png,train,cctv_rekam_layar,prefiks frame_* (rekam layar penampil CCTV),.png
frame_000048_png.rf.CRP8BCbzj8jljoWLrFQy.png,train,cctv_rekam_layar,prefiks frame_* (rekam layar penampil CCTV),.png
frame_000050_png.rf.EtN916Qqdv0mxsWxLCwE.png,train,cctv_rekam_layar,prefiks frame_* (rekam layar penampil CCTV),.png
frame_000050_png.rf.VNVrsvt2ZLyqFyxsDogu.jpg,train,cctv_rekam_layar,prefiks frame_* (rekam layar penampil CCTV),.jpg
frame_000053_png.rf.dPddlHWYxepQ0sU24cE9.png,train,cctv_rekam_layar,prefiks frame_* (rekam layar penampil CCTV),.png
frame_000054_jpg.rf.ObLdXdTgbX88g12N7Afi.jpg,train,cctv_rekam_layar,prefiks frame_* (rekam layar penampil CCTV),.jpg
frame_000054_jpg.rf.jtW8mkGK6eMbPZ0F8hyF.jpg,train,cctv_rekam_layar,prefiks frame_* (rekam layar penampil CCTV),.jpg
frame_000055_png.rf.cIBBSDh45k3UTMmvWpee.png,train,cctv_rekam_layar,prefiks frame_* (rekam layar penampil CCTV),.png
frame_000056_png.rf.WLMBnBwGV8H03MdhC4Ui.png,train,cctv_rekam_layar,prefiks frame_* (rekam layar penampil CCTV),.png
frame_000060_jpg.rf.dpyRcVkTjwqpyVJHvCTT.jpg,train,cctv_rekam_layar,prefiks frame_* (rekam layar penampil CCTV),.jpg
frame_000060_png.rf.1LRt3xXmbJw2y5O7KckA.png,train,cctv_rekam_layar,prefiks frame_* (rekam layar penampil CCTV),.png
frame_000060_png.rf.HDxIDpRrC7wN9FtVcDex.jpg,train,cctv_rekam_layar,prefiks frame_* (rekam layar penampil CCTV),.jpg
frame_000060_png.rf.MA8kUiH0Y0QTMbZlWjj8.png,train,cctv_rekam_layar,prefiks frame_* (rekam layar penampil CCTV),.png
frame_000060_png.rf.aSSTwA99SYHGSgytNxam.jpg,train,cctv_rekam_layar,prefiks frame_* (rekam layar penampil CCTV),.jpg
frame_000063_jpg.rf.nIaaFYJC6pkBK0KpzNlK.jpg,train,cctv_rekam_layar,prefiks frame_* (rekam layar penampil CCTV),.jpg
frame_000064_png.rf.7Dvz9yDs0NVcICYiv9MT.png,train,cctv_rekam_layar,prefiks frame_* (rekam layar penampil CCTV),.png
frame_000064_png.rf.7NRn57ZWOhUFgkfn0MZD.jpg,train,cctv_rekam_layar,prefiks frame_* (rekam layar penampil CCTV),.jpg
frame_000065_png.rf.UqIiqKuu4M6n49UMGaPP.png,train,cctv_rekam_layar,prefiks frame_* (rekam layar penampil CCTV),.png
frame_000070_png.rf.q1nZcC2B9qAi9BPRKr9x.jpg,train,cctv_rekam_layar,prefiks frame_* (rekam layar penampil CCTV),.jpg
frame_000072_jpg.rf.PpQgrCZlhVt6w0uBPb67.jpg,train,cctv_rekam_layar,prefiks frame_* (rekam layar penampil CCTV),.jpg
frame_000072_jpg.rf.YhdF8rsFdD75ANmZnR81.jpg,train,cctv_rekam_layar,prefiks frame_* (rekam layar penampil CCTV),.jpg
frame_000072_png.rf.l1qcDy5We2DOgEEl5AaQ.png,train,cctv_rekam_layar,prefiks frame_* (rekam layar penampil CCTV),.png
frame_000072_png.rf.uanKyDWm4SgtlGaw5fLv.png,train,cctv_rekam_layar,prefiks frame_* (rekam layar penampil CCTV),.png
frame_000080_png.rf.UFFqTIz5VwxBCqYEA3hB.jpg,train,cctv_rekam_layar,prefiks frame_* (rekam layar penampil CCTV),.jpg
frame_000080_png.rf.awwkLyqaMpPro41aBuhL.png,train,cctv_rekam_layar,prefiks frame_* (rekam layar penampil CCTV),.png
frame_000080_png.rf.eMLxZuBarWLsG0yF47ve.jpg,train,cctv_rekam_layar,prefiks frame_* (rekam layar penampil CCTV),.jpg
frame_000080_png.rf.qwLxEQb7RtygxjwEHYdq.png,train,cctv_rekam_layar,prefiks frame_* (rekam layar penampil CCTV),.png
frame_000081_jpg.rf.fBcnr7Fv0dXfiGPaXxoo.jpg,train,cctv_rekam_layar,prefiks frame_* (rekam layar penampil CCTV),.jpg
frame_000088_png.rf.hZhu8ChFedIidsVeNCLt.png,train,cctv_rekam_layar,prefiks frame_* (rekam layar penampil CCTV),.png
frame_000090_jpg.rf.AncKkgQ7O3EG1y2Bd7h0.jpg,train,cctv_rekam_layar,prefiks frame_* (rekam layar penampil CCTV),.jpg
frame_000090_jpg.rf.RPXGSYUcsR17MV2f345o.jpg,train,cctv_rekam_layar,prefiks frame_* (rekam layar penampil CCTV),.jpg
frame_000090_jpg.rf.rFmzl9HtzOsqHVnAQPXj.jpg,train,cctv_rekam_layar,prefiks frame_* (rekam layar penampil CCTV),.jpg
frame_000090_png.rf.FrXuYDAK64OqYEcNOUqC.png,train,cctv_rekam_layar,prefiks frame_* (rekam layar penampil CCTV),.png
frame_000090_png.rf.NnJQH4RJhsLoFPRBYShT.jpg,train,cctv_rekam_layar,prefiks frame_* (rekam layar penampil CCTV),.jpg
frame_000090_png.rf.SsWs61vDoXbTFXgYL6xF.png,train,cctv_rekam_layar,prefiks frame_* (rekam layar penampil CCTV),.png
frame_000096_png.rf.7qgSfCagLmguFs86cGfq.png,train,cctv_rekam_layar,prefiks frame_* (rekam layar penampil CCTV),.png
frame_000099_jpg.rf.nA5Eay5Zd7yteUUl4EgR.jpg,train,cctv_rekam_layar,prefiks frame_* (rekam layar penampil CCTV),.jpg
frame_000100_png.rf.2bwtT7XkVYDN260mqS0K.png,train,cctv_rekam_layar,prefiks frame_* (rekam layar penampil CCTV),.png
frame_000100_png.rf.A1ETWBjxWcG4KmIRuE9J.png,train,cctv_rekam_layar,prefiks frame_* (rekam layar penampil CCTV),.png
frame_000100_png.rf.YEUXwzISBP5VWQyxDzcV.jpg,train,cctv_rekam_layar,prefiks frame_* (rekam layar penampil CCTV),.jpg
frame_000100_png.rf.hHfw9kS2ZfLAM36fPPOU.jpg,train,cctv_rekam_layar,prefiks frame_* (rekam layar penampil CCTV),.jpg
frame_000102_jpg.rf.7Q6JWbnK0mwgE31N0Y1T.jpg,train,cctv_rekam_layar,prefiks frame_* (rekam layar penampil CCTV),.jpg
frame_000104_png.rf.jVygxpkcNMRFWufhvdJy.png,train,cctv_rekam_layar,prefiks frame_* (rekam layar penampil CCTV),.png
frame_000105_png.rf.Xeja92a5rgj97snMHSxl.png,train,cctv_rekam_layar,prefiks frame_* (rekam layar penampil CCTV),.png
frame_000106_png.rf.Sm8gj2tRYq6VsH3TkNhf.png,train,cctv_rekam_layar,prefiks frame_* (rekam layar penampil CCTV),.png
frame_000108_jpg.rf.eDFc8TsWu8mfbV4V65gF.jpg,train,cctv_rekam_layar,prefiks frame_* (rekam layar penampil CCTV),.jpg
frame_000108_jpg.rf.vamrT2vv4WoAIV5PIDZF.jpg,train,cctv_rekam_layar,prefiks frame_* (rekam layar penampil CCTV),.jpg
frame_000108_png.rf.p3lSHO7GLokPjTKty21C.png,train,cctv_rekam_layar,prefiks frame_* (rekam layar penampil CCTV),.png
frame_000110_png.rf.Po6wUSLFGdRkyNDfcE6z.png,train,cctv_rekam_layar,prefiks frame_* (rekam layar penampil CCTV),.png
frame_000110_png.rf.q14bkQYnwa3CfMZ4sPBn.jpg,train,cctv_rekam_layar,prefiks frame_* (rekam layar penampil CCTV),.jpg
frame_000112_png.rf.prbIsZ2SEOhPZppZFWPH.png,train,cctv_rekam_layar,prefiks frame_* (rekam layar penampil CCTV),.png
frame_000113_png.rf.srzsF6xxscmjQxSNmr92.jpg,train,cctv_rekam_layar,prefiks frame_* (rekam layar penampil CCTV),.jpg
frame_000115_png.rf.s9Eh7RYLMpNEgFZSJHCP.png,train,cctv_rekam_layar,prefiks frame_* (rekam layar penampil CCTV),.png
frame_000117_jpg.rf.MxfTwXIo6k0gONv31yoK.jpg,train,cctv_rekam_layar,prefiks frame_* (rekam layar penampil CCTV),.jpg
frame_000120_jpg.rf.TDnk6ADdMl4ppAcxE7du.jpg,train,cctv_rekam_layar,prefiks frame_* (rekam layar penampil CCTV),.jpg
frame_000120_jpg.rf.fFtrZ90UPc93JQRMQS25.jpg,train,cctv_rekam_layar,prefiks frame_* (rekam layar penampil CCTV),.jpg
frame_000120_png.rf.5KH9sTsncLFkWVgQfzbC.jpg,train,cctv_rekam_layar,prefiks frame_* (rekam layar penampil CCTV),.jpg
frame_000120_png.rf.FPDMvGnzVvM00eO41EYt.png,train,cctv_rekam_layar,prefiks frame_* (rekam layar penampil CCTV),.png
frame_000120_png.rf.N8bXcju1J2X6N8TWI1IW.png,train,cctv_rekam_layar,prefiks frame_* (rekam layar penampil CCTV),.png
frame_000120_png.rf.NJYhUgETy7d3qhfAnIZ4.png,train,cctv_rekam_layar,prefiks frame_* (rekam layar penampil CCTV),.png
frame_000120_png.rf.THIkBS8OEKBsdjPihdrE.jpg,train,cctv_rekam_layar,prefiks frame_* (rekam layar penampil CCTV),.jpg
frame_000120_png.rf.UXVHbMP4NRPi5zJUl0WI.png,train,cctv_rekam_layar,prefiks frame_* (rekam layar penampil CCTV),.png
frame_000125_png.rf.TgpppDJaBkeTnVW8fsMN.png,train,cctv_rekam_layar,prefiks frame_* (rekam layar penampil CCTV),.png
frame_000126_jpg.rf.bPksmv2I4YfBf6bpEfH0.jpg,train,cctv_rekam_layar,prefiks frame_* (rekam layar penampil CCTV),.jpg
frame_000128_png.rf.i5GRPoFQsjckzVzMAS2Q.png,train,cctv_rekam_layar,prefiks frame_* (rekam layar penampil CCTV),.png
frame_000130_png.rf.EBiwB4x6Xe7LdVPulGkx.jpg,train,cctv_rekam_layar,prefiks frame_* (rekam layar penampil CCTV),.jpg
frame_000130_png.rf.W3NHANvNUWNzlRCuYuZw.png,train,cctv_rekam_layar,prefiks frame_* (rekam layar penampil CCTV),.png
frame_000135_jpg.rf.owut5jS0zIkMs9MyZ3fU.jpg,train,cctv_rekam_layar,prefiks frame_* (rekam layar penampil CCTV),.jpg
frame_000135_png.rf.4iRHexrYMlzo1JHnsCRM.png,train,cctv_rekam_layar,prefiks frame_* (rekam layar penampil CCTV),.png
frame_000135_png.rf.bGMjqrH6D0gdakk0lyNm.png,train,cctv_rekam_layar,prefiks frame_* (rekam layar penampil CCTV),.png
frame_000135_png.rf.m3RHtJa833o7aAEINK9y.png,train,cctv_rekam_layar,prefiks frame_* (rekam layar penampil CCTV),.png
frame_000136_png.rf.8bTztJZFzht60zshnq3K.png,train,cctv_rekam_layar,prefiks frame_* (rekam layar penampil CCTV),.png
frame_000140_png.rf.Fzn54Wra1S6XMjcsuX5a.jpg,train,cctv_rekam_layar,prefiks frame_* (rekam layar penampil CCTV),.jpg
frame_000140_png.rf.pUifjhPJjknUGEiLuv5r.png,train,cctv_rekam_layar,prefiks frame_* (rekam layar penampil CCTV),.png
frame_000140_png.rf.xs7MUejmwFh4XhF8ehYJ.jpg,train,cctv_rekam_layar,prefiks frame_* (rekam layar penampil CCTV),.jpg
frame_000144_jpg.rf.RNVtrJbwJB5Qdw9eegze.jpg,train,cctv_rekam_layar,prefiks frame_* (rekam layar penampil CCTV),.jpg
frame_000144_png.rf.goH2lgiTy9E0mdhzsMLM.png,train,cctv_rekam_layar,prefiks frame_* (rekam layar penampil CCTV),.png
frame_000144_png.rf.hSl8aiDkwNI60Z4b9GVT.png,train,cctv_rekam_layar,prefiks frame_* (rekam layar penampil CCTV),.png
frame_000145_png.rf.5CsoFzqUeOavVP3E9a10.png,train,cctv_rekam_layar,prefiks frame_* (rekam layar penampil CCTV),.png
frame_000150_jpg.rf.jKhOY38uSMomch7Bv7sN.jpg,train,cctv_rekam_layar,prefiks frame_* (rekam layar penampil CCTV),.jpg
frame_000150_png.rf.cuRuz9wemImNCZmcH1pG.png,train,cctv_rekam_layar,prefiks frame_* (rekam layar penampil CCTV),.png
frame_000150_png.rf.odu94OvQJWGArjb49Wrx.jpg,train,cctv_rekam_layar,prefiks frame_* (rekam layar penampil CCTV),.jpg
frame_000152_png.rf.xiwUHq5TvDhTYSRAQzC4.png,train,cctv_rekam_layar,prefiks frame_* (rekam layar penampil CCTV),.png
frame_000153_jpg.rf.qYhypk0C0DOsLWAPNaWx.jpg,train,cctv_rekam_layar,prefiks frame_* (rekam layar penampil CCTV),.jpg
frame_000155_png.rf.IYrAKuRFqyRRBECgMxyH.png,train,cctv_rekam_layar,prefiks frame_* (rekam layar penampil CCTV),.png
frame_000159_png.rf.cbV8XokCpkHJqoTqn7e1.png,train,cctv_rekam_layar,prefiks frame_* (rekam layar penampil CCTV),.png
frame_000160_png.rf.AgtCFdu5rKj7cWjV1H3e.png,train,cctv_rekam_layar,prefiks frame_* (rekam layar penampil CCTV),.png
frame_000160_png.rf.kzd2Zubh2wtFOeY1J0dn.jpg,train,cctv_rekam_layar,prefiks frame_* (rekam layar penampil CCTV),.jpg
frame_000160_png.rf.l7gD4YtwhwIIcb7Ksxij.png,train,cctv_rekam_layar,prefiks frame_* (rekam layar penampil CCTV),.png
frame_000160_png.rf.nqhtuTmwU6gu0hXwNFsA.jpg,train,cctv_rekam_layar,prefiks frame_* (rekam layar penampil CCTV),.jpg
frame_000160_png.rf.pKF7uHM596hLvTiLGbW1.png,train,cctv_rekam_layar,prefiks frame_* (rekam layar penampil CCTV),.png
frame_000161_png.rf.uJXh9TC4q8xxS9K8eCgw.png,train,cctv_rekam_layar,prefiks frame_* (rekam layar penampil CCTV),.png
frame_000162_jpg.rf.n7pMbwhNz5sfPI4MffXm.jpg,train,cctv_rekam_layar,prefiks frame_* (rekam layar penampil CCTV),.jpg
frame_000165_png.rf.FYsqI4Azo8DxwPW5wTaH.png,train,cctv_rekam_layar,prefiks frame_* (rekam layar penampil CCTV),.png
frame_000168_jpg.rf.s0WKvBZwYo1zdIjkKXXx.jpg,train,cctv_rekam_layar,prefiks frame_* (rekam layar penampil CCTV),.jpg
frame_000168_png.rf.o9kZO5IBYNv0PNwjJRAk.png,train,cctv_rekam_layar,prefiks frame_* (rekam layar penampil CCTV),.png
frame_000170_png.rf.roYfxVdK8ej0kBDcX9PG.jpg,train,cctv_rekam_layar,prefiks frame_* (rekam layar penampil CCTV),.jpg
frame_000171_jpg.rf.eusHWD8Nq5usuhXkpOLA.jpg,train,cctv_rekam_layar,prefiks frame_* (rekam layar penampil CCTV),.jpg
frame_000176_png.rf.BkB5yXh0GPMLggPDets9.png,train,cctv_rekam_layar,prefiks frame_* (rekam layar penampil CCTV),.png
frame_000176_png.rf.mUFmCpOYDxh6hwSiHH6z.png,train,cctv_rekam_layar,prefiks frame_* (rekam layar penampil CCTV),.png
frame_000180_jpg.rf.03iMdBY16cDqzVjrv4D6.jpg,train,cctv_rekam_layar,prefiks frame_* (rekam layar penampil CCTV),.jpg
frame_000180_jpg.rf.3Yi7OiWUDKCscuTWeXUf.jpg,train,cctv_rekam_layar,prefiks frame_* (rekam layar penampil CCTV),.jpg
frame_000180_jpg.rf.N0mwVGMe8vr8WdRy1lgQ.jpg,train,cctv_rekam_layar,prefiks frame_* (rekam layar penampil CCTV),.jpg
frame_000180_jpg.rf.oizRRdJvpAWwYuuOlHNZ.jpg,train,cctv_rekam_layar,prefiks frame_* (rekam layar penampil CCTV),.jpg
frame_000180_jpg.rf.r7GHUzemm9laP2P8xHLU.jpg,train,cctv_rekam_layar,prefiks frame_* (rekam layar penampil CCTV),.jpg
frame_000180_png.rf.8yrXtoZum2ieoBARspGS.png,train,cctv_rekam_layar,prefiks frame_* (rekam layar penampil CCTV),.png
frame_000180_png.rf.Wt0dNHUkzpB7zGkgRZJz.jpg,train,cctv_rekam_layar,prefiks frame_* (rekam layar penampil CCTV),.jpg
frame_000180_png.rf.a54iAb8bh6LA3gjRMpiH.jpg,train,cctv_rekam_layar,prefiks frame_* (rekam layar penampil CCTV),.jpg
frame_000180_png.rf.ecaDDvdaV23yKpNA6y0b.png,train,cctv_rekam_layar,prefiks frame_* (rekam layar penampil CCTV),.png
frame_000180_png.rf.iKiuvhe5Aw392KMrJoVR.png,train,cctv_rekam_layar,prefiks frame_* (rekam layar penampil CCTV),.png
frame_000184_png.rf.8PHNTJhy5F6LcMMT0C1F.png,train,cctv_rekam_layar,prefiks frame_* (rekam layar penampil CCTV),.png
frame_000186_jpg.rf.aFx1NP1xXxJv4dJBrULf.jpg,train,cctv_rekam_layar,prefiks frame_* (rekam layar penampil CCTV),.jpg
frame_000189_jpg.rf.Jrmd7UUOHpaGyo7XVTpE.jpg,train,cctv_rekam_layar,prefiks frame_* (rekam layar penampil CCTV),.jpg
frame_000190_png.rf.OhGsiIaq35OaeFVuIvvj.jpg,train,cctv_rekam_layar,prefiks frame_* (rekam layar penampil CCTV),.jpg
frame_000192_png.rf.WTtUja2w2jBjLcRoUfTL.png,train,cctv_rekam_layar,prefiks frame_* (rekam layar penampil CCTV),.png
frame_000192_png.rf.zKQJGLzXI58kMUEPUj9n.jpg,train,cctv_rekam_layar,prefiks frame_* (rekam layar penampil CCTV),.jpg
frame_000198_jpg.rf.GOaSevDjjZK9qYuyKI96.jpg,train,cctv_rekam_layar,prefiks frame_* (rekam layar penampil CCTV),.jpg
frame_000200_png.rf.cSB16id50kFBrNsPHmnZ.png,train,cctv_rekam_layar,prefiks frame_* (rekam layar penampil CCTV),.png
frame_000200_png.rf.kwO414aHqBX2Xf0cWxpA.png,train,cctv_rekam_layar,prefiks frame_* (rekam layar penampil CCTV),.png
frame_000200_png.rf.p6pJ341qFrMOCPdv8I8C.jpg,train,cctv_rekam_layar,prefiks frame_* (rekam layar penampil CCTV),.jpg
frame_000200_png.rf.xkhfu0bLGqJ8l2papJ0M.jpg,train,cctv_rekam_layar,prefiks frame_* (rekam layar penampil CCTV),.jpg
frame_000207_jpg.rf.rQcA4dioaGYOd3w9Rn45.jpg,train,cctv_rekam_layar,prefiks frame_* (rekam layar penampil CCTV),.jpg
frame_000208_png.rf.Xwjvx94yWKo8lWxyl3lA.png,train,cctv_rekam_layar,prefiks frame_* (rekam layar penampil CCTV),.png
frame_000210_jpg.rf.dvELzf1A94eSrD4E0x7g.jpg,train,cctv_rekam_layar,prefiks frame_* (rekam layar penampil CCTV),.jpg
frame_000210_png.rf.VlMKJLLEaL3OS8I6y6zp.jpg,train,cctv_rekam_layar,prefiks frame_* (rekam layar penampil CCTV),.jpg
frame_000212_png.rf.gGqGwfuNw5lYMNkjcI56.png,train,cctv_rekam_layar,prefiks frame_* (rekam layar penampil CCTV),.png
frame_000216_jpg.rf.6h1UIq874AQ15qA6MccG.jpg,train,cctv_rekam_layar,prefiks frame_* (rekam layar penampil CCTV),.jpg
frame_000216_jpg.rf.eX9WQt8rv3ljXonLJmii.jpg,train,cctv_rekam_layar,prefiks frame_* (rekam layar penampil CCTV),.jpg
frame_000216_png.rf.BaYNEae32WDPhiFLuO32.png,train,cctv_rekam_layar,prefiks frame_* (rekam layar penampil CCTV),.png
frame_000216_png.rf.UZOyNU9TyTmyLuzHKGQq.png,train,cctv_rekam_layar,prefiks frame_* (rekam layar penampil CCTV),.png
frame_000216_png.rf.WVkIVFMFIJxdgMfPoLVN.png,train,cctv_rekam_layar,prefiks frame_* (rekam layar penampil CCTV),.png
frame_000220_png.rf.5RpiGf4hdC1mKzhRw6xm.png,train,cctv_rekam_layar,prefiks frame_* (rekam layar penampil CCTV),.png
frame_000220_png.rf.YdUJaxS23twP79QwgqLJ.jpg,train,cctv_rekam_layar,prefiks frame_* (rekam layar penampil CCTV),.jpg
frame_000220_png.rf.rFKuWqFfCSUoDAn8APKQ.jpg,train,cctv_rekam_layar,prefiks frame_* (rekam layar penampil CCTV),.jpg
frame_000224_png.rf.bh98SZMLUHPjjz5Nui7h.jpg,train,cctv_rekam_layar,prefiks frame_* (rekam layar penampil CCTV),.jpg
frame_000224_png.rf.gAAoIKXjOX5aQiPAnfIT.png,train,cctv_rekam_layar,prefiks frame_* (rekam layar penampil CCTV),.png
frame_000225_jpg.rf.yYNzuD34cMHHmgwXm04m.jpg,train,cctv_rekam_layar,prefiks frame_* (rekam layar penampil CCTV),.jpg
frame_000225_png.rf.FzBEsH7J1nnb76GcZvwx.png,train,cctv_rekam_layar,prefiks frame_* (rekam layar penampil CCTV),.png
frame_000225_png.rf.v6zTmvElbYJKl1iAGEDy.png,train,cctv_rekam_layar,prefiks frame_* (rekam layar penampil CCTV),.png
frame_000226_png.rf.3okmItJzZcEM8KtvLCzj.jpg,train,cctv_rekam_layar,prefiks frame_* (rekam layar penampil CCTV),.jpg
frame_000230_png.rf.T8AGCvsEqHiKK7yfLN4e.png,train,cctv_rekam_layar,prefiks frame_* (rekam layar penampil CCTV),.png
frame_000230_png.rf.WOkTjtnGwmQz9cUzN2ue.jpg,train,cctv_rekam_layar,prefiks frame_* (rekam layar penampil CCTV),.jpg
frame_000232_png.rf.KK8UTwD9rPm7FXoogTsY.png,train,cctv_rekam_layar,prefiks frame_* (rekam layar penampil CCTV),.png
frame_000234_jpg.rf.rMj6iSwJUT3jsppiTzdf.jpg,train,cctv_rekam_layar,prefiks frame_* (rekam layar penampil CCTV),.jpg
frame_000235_png.rf.mOitFgqHdR6zgShR8ujR.png,train,cctv_rekam_layar,prefiks frame_* (rekam layar penampil CCTV),.png
frame_000240_jpg.rf.AINgu1vZoq96BKGUgXwD.jpg,train,cctv_rekam_layar,prefiks frame_* (rekam layar penampil CCTV),.jpg
frame_000240_png.rf.2NX3TAkDxRHvmeKUQLFL.png,train,cctv_rekam_layar,prefiks frame_* (rekam layar penampil CCTV),.png
frame_000240_png.rf.AaUnpyAoi5NJrvNM29XD.jpg,train,cctv_rekam_layar,prefiks frame_* (rekam layar penampil CCTV),.jpg
frame_000240_png.rf.C1wEQH7PhfkJgjUOdwif.png,train,cctv_rekam_layar,prefiks frame_* (rekam layar penampil CCTV),.png
frame_000240_png.rf.CxVTJMe96FFChj8nfxQ5.png,train,cctv_rekam_layar,prefiks frame_* (rekam layar penampil CCTV),.png
frame_000240_png.rf.I9q3BMAZdUSrUvOEI9sX.png,train,cctv_rekam_layar,prefiks frame_* (rekam layar penampil CCTV),.png
frame_000240_png.rf.j0gecvqTYKdeaISlTZIq.jpg,train,cctv_rekam_layar,prefiks frame_* (rekam layar penampil CCTV),.jpg
frame_000243_jpg.rf.JPQ360Sf19nk6Y9aJKSu.jpg,train,cctv_rekam_layar,prefiks frame_* (rekam layar penampil CCTV),.jpg
frame_000245_png.rf.48wGVws6UbTCh6XZU03S.png,train,cctv_rekam_layar,prefiks frame_* (rekam layar penampil CCTV),.png
frame_000248_png.rf.ceuALDDKAarzhp7MiYLC.png,train,cctv_rekam_layar,prefiks frame_* (rekam layar penampil CCTV),.png
frame_000250_png.rf.qCgGP5KqRr94uiOhCe3w.jpg,train,cctv_rekam_layar,prefiks frame_* (rekam layar penampil CCTV),.jpg
frame_000252_jpg.rf.gv5wflqljuogd5OyIZ61.jpg,train,cctv_rekam_layar,prefiks frame_* (rekam layar penampil CCTV),.jpg
frame_000256_png.rf.3d70PSpz4Zpot6KZ0xz0.png,train,cctv_rekam_layar,prefiks frame_* (rekam layar penampil CCTV),.png
frame_000256_png.rf.Wso3xzw3YwSzk6zrPmTf.jpg,train,cctv_rekam_layar,prefiks frame_* (rekam layar penampil CCTV),.jpg
frame_000260_png.rf.AlhShesJwOVndKCYQr56.jpg,train,cctv_rekam_layar,prefiks frame_* (rekam layar penampil CCTV),.jpg
frame_000260_png.rf.NZ1U03VENTGKoTluNgsu.jpg,train,cctv_rekam_layar,prefiks frame_* (rekam layar penampil CCTV),.jpg
frame_000260_png.rf.c876RQZMRxnpfT5LREsD.png,train,cctv_rekam_layar,prefiks frame_* (rekam layar penampil CCTV),.png
frame_000261_jpg.rf.6f4NZiSdS1mNwB0UXmaK.jpg,train,cctv_rekam_layar,prefiks frame_* (rekam layar penampil CCTV),.jpg
frame_000264_png.rf.TDtbbinqbfPAtqsO3C3J.png,train,cctv_rekam_layar,prefiks frame_* (rekam layar penampil CCTV),.png
frame_000265_png.rf.gTMvgY7GqgGXbn12GCKc.png,train,cctv_rekam_layar,prefiks frame_* (rekam layar penampil CCTV),.png
frame_000270_jpg.rf.0CgXFW47FTLpWdxD5Tl7.jpg,train,cctv_rekam_layar,prefiks frame_* (rekam layar penampil CCTV),.jpg
frame_000270_jpg.rf.oGNs7aDeIpc0P0FO7db8.jpg,train,cctv_rekam_layar,prefiks frame_* (rekam layar penampil CCTV),.jpg
frame_000270_png.rf.ajSUdQCY7WQOnAgSzNyt.png,train,cctv_rekam_layar,prefiks frame_* (rekam layar penampil CCTV),.png
frame_000270_png.rf.rgottvzerIofj9TQOyAE.jpg,train,cctv_rekam_layar,prefiks frame_* (rekam layar penampil CCTV),.jpg
frame_000270_png.rf.tfRpEV82o7R9lzy6xtjf.png,train,cctv_rekam_layar,prefiks frame_* (rekam layar penampil CCTV),.png
frame_000272_png.rf.m0NewRCm62BcZpdQQy1C.png,train,cctv_rekam_layar,prefiks frame_* (rekam layar penampil CCTV),.png
frame_000279_jpg.rf.b3BT8nX89u1QsiSuMcXO.jpg,train,cctv_rekam_layar,prefiks frame_* (rekam layar penampil CCTV),.jpg
frame_000280_png.rf.DpBiCDi1dfTPFGkGdtV5.jpg,train,cctv_rekam_layar,prefiks frame_* (rekam layar penampil CCTV),.jpg
frame_000280_png.rf.DypuNkExyalP3p4joW9j.png,train,cctv_rekam_layar,prefiks frame_* (rekam layar penampil CCTV),.png
frame_000280_png.rf.VXW2flJJC1jkuSsovI7P.png,train,cctv_rekam_layar,prefiks frame_* (rekam layar penampil CCTV),.png
frame_000280_png.rf.gCnDIXD8DPr6bJCrQhgP.jpg,train,cctv_rekam_layar,prefiks frame_* (rekam layar penampil CCTV),.jpg
frame_000288_jpg.rf.UHVnDroadQ7YCpE6hR9b.jpg,train,cctv_rekam_layar,prefiks frame_* (rekam layar penampil CCTV),.jpg
frame_000288_png.rf.9ciARbMwpF0IdvaOf2uS.png,train,cctv_rekam_layar,prefiks frame_* (rekam layar penampil CCTV),.png
frame_000288_png.rf.DMDarwHW3kjg822prHDp.png,train,cctv_rekam_layar,prefiks frame_* (rekam layar penampil CCTV),.png
frame_000288_png.rf.cJGOnWQNyzFlEbkgmU7t.jpg,train,cctv_rekam_layar,prefiks frame_* (rekam layar penampil CCTV),.jpg
frame_000290_png.rf.x36TokKqUUvUOrMQhbSi.jpg,train,cctv_rekam_layar,prefiks frame_* (rekam layar penampil CCTV),.jpg
frame_000296_png.rf.D5zrsFUg5XXNAwiyXq5g.png,train,cctv_rekam_layar,prefiks frame_* (rekam layar penampil CCTV),.png
frame_000300_jpg.rf.5rp89xyxV4DDNLnv4euY.jpg,train,cctv_rekam_layar,prefiks frame_* (rekam layar penampil CCTV),.jpg
frame_000300_png.rf.7knUVuPlcHSLkgL6Y30e.jpg,train,cctv_rekam_layar,prefiks frame_* (rekam layar penampil CCTV),.jpg
frame_000300_png.rf.P8eVjcQMVAXWa4OwAgzj.jpg,train,cctv_rekam_layar,prefiks frame_* (rekam layar penampil CCTV),.jpg
frame_000304_png.rf.wrJBi0lVpLfP0C0REOVX.png,train,cctv_rekam_layar,prefiks frame_* (rekam layar penampil CCTV),.png
frame_000310_png.rf.Jz9qSFLZZCVvm8WItKXP.jpg,train,cctv_rekam_layar,prefiks frame_* (rekam layar penampil CCTV),.jpg
frame_000312_png.rf.xRvKl6MIwyn7cGLd9xQR.png,train,cctv_rekam_layar,prefiks frame_* (rekam layar penampil CCTV),.png
frame_000315_png.rf.0AdTXUjzVRk6ATYmrUNi.png,train,cctv_rekam_layar,prefiks frame_* (rekam layar penampil CCTV),.png
frame_000315_png.rf.AGNOFWHFxg0lBPxafsE6.png,train,cctv_rekam_layar,prefiks frame_* (rekam layar penampil CCTV),.png
frame_000318_png.rf.iDf6UXLyyEt3D4lVg4q6.png,train,cctv_rekam_layar,prefiks frame_* (rekam layar penampil CCTV),.png
frame_000320_png.rf.972Z0MeQ2woK1ZfPQklF.jpg,train,cctv_rekam_layar,prefiks frame_* (rekam layar penampil CCTV),.jpg
frame_000320_png.rf.9L2yNOq44rulThtfyPEG.png,train,cctv_rekam_layar,prefiks frame_* (rekam layar penampil CCTV),.png
frame_000320_png.rf.SVswEHPPQvmMY83SmbAE.jpg,train,cctv_rekam_layar,prefiks frame_* (rekam layar penampil CCTV),.jpg
frame_000320_png.rf.c6F6Ax4EdGAWV37tjX9K.jpg,train,cctv_rekam_layar,prefiks frame_* (rekam layar penampil CCTV),.jpg
frame_000322_png.rf.kVWyXm1vhjLERhbYLJZe.png,train,cctv_rekam_layar,prefiks frame_* (rekam layar penampil CCTV),.png
frame_000324_jpg.rf.2mUzoIzlAsZeuYam6yzS.jpg,train,cctv_rekam_layar,prefiks frame_* (rekam layar penampil CCTV),.jpg
frame_000324_png.rf.2YFeSHOOfVaNvRMJJoFw.png,train,cctv_rekam_layar,prefiks frame_* (rekam layar penampil CCTV),.png
frame_000328_png.rf.LeDlRTrkVsBPAyp6YLTW.png,train,cctv_rekam_layar,prefiks frame_* (rekam layar penampil CCTV),.png
frame_000330_jpg.rf.mnInKrZ2XL7n4K1cJ8Vg.jpg,train,cctv_rekam_layar,prefiks frame_* (rekam layar penampil CCTV),.jpg
frame_000330_png.rf.rwPjpaRG8KoMgFSoDL6e.jpg,train,cctv_rekam_layar,prefiks frame_* (rekam layar penampil CCTV),.jpg
frame_000336_png.rf.hyOyY5REz35InMDasGw3.png,train,cctv_rekam_layar,prefiks frame_* (rekam layar penampil CCTV),.png
frame_000339_png.rf.Y1MIVft6PSpDU8mDOZNO.jpg,train,cctv_rekam_layar,prefiks frame_* (rekam layar penampil CCTV),.jpg
frame_000340_png.rf.CBtfSe8WurnnlUyYsNV5.jpg,train,cctv_rekam_layar,prefiks frame_* (rekam layar penampil CCTV),.jpg
frame_000340_png.rf.UozJMIolyTcyB9Y08Q6o.jpg,train,cctv_rekam_layar,prefiks frame_* (rekam layar penampil CCTV),.jpg
frame_000344_png.rf.sjjXpAv88NiKirS3pWzY.png,train,cctv_rekam_layar,prefiks frame_* (rekam layar penampil CCTV),.png
frame_000350_png.rf.NnI5TqImHMd5aKxzlb3i.jpg,train,cctv_rekam_layar,prefiks frame_* (rekam layar penampil CCTV),.jpg
frame_000352_png.rf.7lRDONVSmN8oR03qE8Pt.png,train,cctv_rekam_layar,prefiks frame_* (rekam layar penampil CCTV),.png
frame_000352_png.rf.iW36aUSXUlknG0vxjS3F.jpg,train,cctv_rekam_layar,prefiks frame_* (rekam layar penampil CCTV),.jpg
frame_000352_png.rf.pang5G8WcwHGaucJuoud.png,train,cctv_rekam_layar,prefiks frame_* (rekam layar penampil CCTV),.png
frame_000360_jpg.rf.DABmKyFLp7NHqaRvmniF.jpg,train,cctv_rekam_layar,prefiks frame_* (rekam layar penampil CCTV),.jpg
frame_000360_jpg.rf.LhmogmadRrjVBkW2ZRSr.jpg,train,cctv_rekam_layar,prefiks frame_* (rekam layar penampil CCTV),.jpg
frame_000360_jpg.rf.X1QxzIY048kpc0sLmprQ.jpg,train,cctv_rekam_layar,prefiks frame_* (rekam layar penampil CCTV),.jpg
frame_000360_png.rf.4QF28qT1Pb6QAXTR1B17.png,train,cctv_rekam_layar,prefiks frame_* (rekam layar penampil CCTV),.png
frame_000360_png.rf.4ZeMhsl0nkHQVHPZ5Ikx.jpg,train,cctv_rekam_layar,prefiks frame_* (rekam layar penampil CCTV),.jpg
frame_000360_png.rf.Sm4y7bRT1wUBUWn4kkOA.png,train,cctv_rekam_layar,prefiks frame_* (rekam layar penampil CCTV),.png
frame_000360_png.rf.VhmsfY7GCnzhWdD2kQ15.png,train,cctv_rekam_layar,prefiks frame_* (rekam layar penampil CCTV),.png
frame_000360_png.rf.atboeeh6QJpBdxeeMs80.png,train,cctv_rekam_layar,prefiks frame_* (rekam layar penampil CCTV),.png
frame_000360_png.rf.fKkYkpgFgunUvq6aflgu.jpg,train,cctv_rekam_layar,prefiks frame_* (rekam layar penampil CCTV),.jpg
frame_000360_png.rf.pHdrNIkTwsZMNrKfgChi.png,train,cctv_rekam_layar,prefiks frame_* (rekam layar penampil CCTV),.png
frame_000368_png.rf.PSi2tF4di0K3qkkBP541.png,train,cctv_rekam_layar,prefiks frame_* (rekam layar penampil CCTV),.png
frame_000370_png.rf.MK6JehLOxp1DYSUKIJEK.jpg,train,cctv_rekam_layar,prefiks frame_* (rekam layar penampil CCTV),.jpg
frame_000371_png.rf.tItYbLZ5YqSjI9my9KFA.png,train,cctv_rekam_layar,prefiks frame_* (rekam layar penampil CCTV),.png
frame_000376_png.rf.4zpRRgqwlPXaPGLpV6pP.png,train,cctv_rekam_layar,prefiks frame_* (rekam layar penampil CCTV),.png
frame_000380_png.rf.KsMPnP13S6LE8O0PGMVe.jpg,train,cctv_rekam_layar,prefiks frame_* (rekam layar penampil CCTV),.jpg
frame_000380_png.rf.bbt5XgP44OS4ynYCYabk.jpg,train,cctv_rekam_layar,prefiks frame_* (rekam layar penampil CCTV),.jpg
frame_000384_png.rf.iIRwirLQxMbIHsUYua2k.png,train,cctv_rekam_layar,prefiks frame_* (rekam layar penampil CCTV),.png
frame_000390_jpg.rf.32GpnqHaK4MboLKRewvj.jpg,train,cctv_rekam_layar,prefiks frame_* (rekam layar penampil CCTV),.jpg
frame_000390_png.rf.5QpfHCCHuxFsxUqjJKIs.jpg,train,cctv_rekam_layar,prefiks frame_* (rekam layar penampil CCTV),.jpg
frame_000392_png.rf.qCwVzAXOiNP6FkDhHI9S.png,train,cctv_rekam_layar,prefiks frame_* (rekam layar penampil CCTV),.png
frame_000400_png.rf.0DtvDArjsrk6vmA0uErw.jpg,train,cctv_rekam_layar,prefiks frame_* (rekam layar penampil CCTV),.jpg
frame_000400_png.rf.BRcyMvNlPGrdLPRALgTo.jpg,train,cctv_rekam_layar,prefiks frame_* (rekam layar penampil CCTV),.jpg
frame_000400_png.rf.DIUb2kdwfXDoArvia42k.png,train,cctv_rekam_layar,prefiks frame_* (rekam layar penampil CCTV),.png
frame_000405_png.rf.M6IMu30edbuaX8sfUS4s.png,train,cctv_rekam_layar,prefiks frame_* (rekam layar penampil CCTV),.png
frame_000405_png.rf.jlURiKjR1ffXnH6dAtDQ.png,train,cctv_rekam_layar,prefiks frame_* (rekam layar penampil CCTV),.png
frame_000408_png.rf.gnXjiCZSUZSJrMuKo32n.png,train,cctv_rekam_layar,prefiks frame_* (rekam layar penampil CCTV),.png
frame_000410_png.rf.1ZbgsMR8XWHoiVnhmP9H.jpg,train,cctv_rekam_layar,prefiks frame_* (rekam layar penampil CCTV),.jpg
frame_000416_png.rf.DxyBmgvs9TKVTDUIH24v.jpg,train,cctv_rekam_layar,prefiks frame_* (rekam layar penampil CCTV),.jpg
frame_000416_png.rf.N3tlUT8DRmJk7oSPoRQF.png,train,cctv_rekam_layar,prefiks frame_* (rekam layar penampil CCTV),.png
frame_000420_jpg.rf.wpybsqCK2ubSLSMPMAiH.jpg,train,cctv_rekam_layar,prefiks frame_* (rekam layar penampil CCTV),.jpg
frame_000420_png.rf.OPJ9J2wotZffjYNfkbXn.jpg,train,cctv_rekam_layar,prefiks frame_* (rekam layar penampil CCTV),.jpg
frame_000420_png.rf.fTLWMf80Qifp6UmtYvUK.jpg,train,cctv_rekam_layar,prefiks frame_* (rekam layar penampil CCTV),.jpg
frame_000424_png.rf.UXT377w7qq1BBobjowyj.png,train,cctv_rekam_layar,prefiks frame_* (rekam layar penampil CCTV),.png
frame_000430_png.rf.m6yh3GKXbdy0X68jk1ZR.jpg,train,cctv_rekam_layar,prefiks frame_* (rekam layar penampil CCTV),.jpg
frame_000432_jpg.rf.BmzwWlXktKvjKrJyeSrB.jpg,train,cctv_rekam_layar,prefiks frame_* (rekam layar penampil CCTV),.jpg
frame_000432_png.rf.UbVZu5kWIRdO2XlzoBAv.png,train,cctv_rekam_layar,prefiks frame_* (rekam layar penampil CCTV),.png
frame_000432_png.rf.dJXO3FhKYsR6PL96pSP9.png,train,cctv_rekam_layar,prefiks frame_* (rekam layar penampil CCTV),.png
frame_000440_png.rf.1LmofmgQ2KDfytC0Z10r.jpg,train,cctv_rekam_layar,prefiks frame_* (rekam layar penampil CCTV),.jpg
frame_000440_png.rf.GV5CIZfLtnaTOypcNDlM.jpg,train,cctv_rekam_layar,prefiks frame_* (rekam layar penampil CCTV),.jpg
frame_000450_png.rf.SrhjssxR1TKVoPkvmk1V.png,train,cctv_rekam_layar,prefiks frame_* (rekam layar penampil CCTV),.png
frame_000450_png.rf.w6ajkFKQtzXx4DMDKVLH.png,train,cctv_rekam_layar,prefiks frame_* (rekam layar penampil CCTV),.png
frame_000450_png.rf.xa8bN006Z98xK6F9SlBJ.jpg,train,cctv_rekam_layar,prefiks frame_* (rekam layar penampil CCTV),.jpg
frame_000452_png.rf.ZbV02kcDScGYdfh9G82o.jpg,train,cctv_rekam_layar,prefiks frame_* (rekam layar penampil CCTV),.jpg
frame_000460_png.rf.QgYElsIjOCzExK078OVP.jpg,train,cctv_rekam_layar,prefiks frame_* (rekam layar penampil CCTV),.jpg
frame_000460_png.rf.QtQXBsTM5LDCCCnyAl2U.jpg,train,cctv_rekam_layar,prefiks frame_* (rekam layar penampil CCTV),.jpg
frame_000470_png.rf.lAiJ0eCrEwMN2ZU8rvVH.jpg,train,cctv_rekam_layar,prefiks frame_* (rekam layar penampil CCTV),.jpg
frame_000477_png.rf.tlPX7bTevAIP9mflMTVK.png,train,cctv_rekam_layar,prefiks frame_* (rekam layar penampil CCTV),.png
frame_000480_png.rf.1KXC0wS1OYznlRA3eS0Z.jpg,train,cctv_rekam_layar,prefiks frame_* (rekam layar penampil CCTV),.jpg
frame_000480_png.rf.BlGyuh8Ks34fmPtikyz3.jpg,train,cctv_rekam_layar,prefiks frame_* (rekam layar penampil CCTV),.jpg
frame_000480_png.rf.yXJ5agsftP6PMPQyg2GR.png,train,cctv_rekam_layar,prefiks frame_* (rekam layar penampil CCTV),.png
frame_000483_png.rf.9wBg8JK2282u0jBRRQje.png,train,cctv_rekam_layar,prefiks frame_* (rekam layar penampil CCTV),.png
frame_000490_png.rf.VJHo4ihUng0MulQoL2Eu.jpg,train,cctv_rekam_layar,prefiks frame_* (rekam layar penampil CCTV),.jpg
frame_000495_png.rf.RPUlTGhMUPbOyM5lUi82.png,train,cctv_rekam_layar,prefiks frame_* (rekam layar penampil CCTV),.png
frame_000495_png.rf.oE5v5g4PI1VGNAYLbocL.png,train,cctv_rekam_layar,prefiks frame_* (rekam layar penampil CCTV),.png
frame_000500_png.rf.NsdnZ5OGuIByBZ6ZYQXX.jpg,train,cctv_rekam_layar,prefiks frame_* (rekam layar penampil CCTV),.jpg
frame_000500_png.rf.Su4zpEDcXboIbqodqF19.jpg,train,cctv_rekam_layar,prefiks frame_* (rekam layar penampil CCTV),.jpg
frame_000504_png.rf.7sey9d0RJCYcQuqjEIuq.png,train,cctv_rekam_layar,prefiks frame_* (rekam layar penampil CCTV),.png
frame_000510_png.rf.pLGtxWlZVxP1Qqe3Qc2W.jpg,train,cctv_rekam_layar,prefiks frame_* (rekam layar penampil CCTV),.jpg
frame_000520_png.rf.q9FtQrEeoi51Go1gu5AB.jpg,train,cctv_rekam_layar,prefiks frame_* (rekam layar penampil CCTV),.jpg
frame_000520_png.rf.yIolLS22uIFR8DLoGcX8.jpg,train,cctv_rekam_layar,prefiks frame_* (rekam layar penampil CCTV),.jpg
frame_000528_png.rf.wDWMHtpRN8409fYlxazL.png,train,cctv_rekam_layar,prefiks frame_* (rekam layar penampil CCTV),.png
frame_000530_png.rf.PJJ3dkT37C6NuRhZbT7z.jpg,train,cctv_rekam_layar,prefiks frame_* (rekam layar penampil CCTV),.jpg
frame_000530_png.rf.X3vFReKT43RzfkEAmq3B.png,train,cctv_rekam_layar,prefiks frame_* (rekam layar penampil CCTV),.png
frame_000540_jpg.rf.J984aU57cbH08Sa8p2yq.jpg,train,cctv_rekam_layar,prefiks frame_* (rekam layar penampil CCTV),.jpg
frame_000540_jpg.rf.YjrIdnfNfqciokApriPt.jpg,train,cctv_rekam_layar,prefiks frame_* (rekam layar penampil CCTV),.jpg
frame_000540_jpg.rf.vUhWR2GlgaDJmxFik4Im.jpg,train,cctv_rekam_layar,prefiks frame_* (rekam layar penampil CCTV),.jpg
frame_000540_png.rf.HWANCWsUbwbMx3YVLc8Y.jpg,train,cctv_rekam_layar,prefiks frame_* (rekam layar penampil CCTV),.jpg
frame_000540_png.rf.fhQRrS94znySXrNxJKmy.png,train,cctv_rekam_layar,prefiks frame_* (rekam layar penampil CCTV),.png
frame_000540_png.rf.km33ohKaK9v7sCiG1viV.png,train,cctv_rekam_layar,prefiks frame_* (rekam layar penampil CCTV),.png
frame_000540_png.rf.wMjM4YC4yEu8nW2GTE3q.jpg,train,cctv_rekam_layar,prefiks frame_* (rekam layar penampil CCTV),.jpg
frame_000550_png.rf.v4AsemB77NM3OVJE9tkS.jpg,train,cctv_rekam_layar,prefiks frame_* (rekam layar penampil CCTV),.jpg
frame_000560_png.rf.qQUEm43rsVTHeTop8bPP.jpg,train,cctv_rekam_layar,prefiks frame_* (rekam layar penampil CCTV),.jpg
frame_000565_png.rf.q2k8xGkH6lnFk00w9WyR.jpg,train,cctv_rekam_layar,prefiks frame_* (rekam layar penampil CCTV),.jpg
frame_000576_png.rf.ZxwkzZQXtaThctRIKIjo.png,train,cctv_rekam_layar,prefiks frame_* (rekam layar penampil CCTV),.png
frame_000580_png.rf.GpcX5ROaR8RbGmLiOe7N.jpg,train,cctv_rekam_layar,prefiks frame_* (rekam layar penampil CCTV),.jpg
frame_000583_png.rf.iXrfhdUKMUqsRSqXyrBw.png,train,cctv_rekam_layar,prefiks frame_* (rekam layar penampil CCTV),.png
frame_000585_png.rf.Z6AaTX4iXqgK6jUvZWgw.png,train,cctv_rekam_layar,prefiks frame_* (rekam layar penampil CCTV),.png
frame_000585_png.rf.eCCWqqcGtZsKvcrMfBAm.png,train,cctv_rekam_layar,prefiks frame_* (rekam layar penampil CCTV),.png
frame_000600_png.rf.5mrXO2xVzKVBkb2vPFZE.jpg,train,cctv_rekam_layar,prefiks frame_* (rekam layar penampil CCTV),.jpg
frame_000600_png.rf.iA10htReaNyL0brsgHl1.png,train,cctv_rekam_layar,prefiks frame_* (rekam layar penampil CCTV),.png
frame_000620_png.rf.itH6N29Q4RcOOa0BP5MQ.jpg,train,cctv_rekam_layar,prefiks frame_* (rekam layar penampil CCTV),.jpg
frame_000630_png.rf.HmtxPycHTZupPle5uEJQ.png,train,cctv_rekam_layar,prefiks frame_* (rekam layar penampil CCTV),.png
frame_000630_png.rf.zmExT0YHb4G9uALrzO6d.png,train,cctv_rekam_layar,prefiks frame_* (rekam layar penampil CCTV),.png
frame_000636_png.rf.t53wbXtGT6yrN8B6TxDA.png,train,cctv_rekam_layar,prefiks frame_* (rekam layar penampil CCTV),.png
frame_000640_png.rf.oTzzl9RBvlam3rRq2Dpr.jpg,train,cctv_rekam_layar,prefiks frame_* (rekam layar penampil CCTV),.jpg
frame_000644_png.rf.06lSgqOFveA0IawDiCbg.png,train,cctv_rekam_layar,prefiks frame_* (rekam layar penampil CCTV),.png
frame_000648_jpg.rf.iqoejcBG7vphhm1eH26E.jpg,train,cctv_rekam_layar,prefiks frame_* (rekam layar penampil CCTV),.jpg
frame_000648_png.rf.9TQdpgo66fA5VSisxmub.png,train,cctv_rekam_layar,prefiks frame_* (rekam layar penampil CCTV),.png
frame_000648_png.rf.UrmxgyxwYpeH5fG2Jtum.png,train,cctv_rekam_layar,prefiks frame_* (rekam layar penampil CCTV),.png
frame_000660_png.rf.GSj9CHIRicrzL9vTdoQ7.jpg,train,cctv_rekam_layar,prefiks frame_* (rekam layar penampil CCTV),.jpg
frame_000672_png.rf.lpQ47Dq8dPuVGaBmNwSV.jpg,train,cctv_rekam_layar,prefiks frame_* (rekam layar penampil CCTV),.jpg
frame_000675_png.rf.X09Rl3fAyal1eHWH4idz.png,train,cctv_rekam_layar,prefiks frame_* (rekam layar penampil CCTV),.png
frame_000675_png.rf.tYLm0P3zIk4ZOfaZtY0L.png,train,cctv_rekam_layar,prefiks frame_* (rekam layar penampil CCTV),.png
frame_000678_png.rf.xLAyaGfoi5pBB2wub6mg.jpg,train,cctv_rekam_layar,prefiks frame_* (rekam layar penampil CCTV),.jpg
frame_000680_png.rf.PPx8KI8o4ejS5QB5eZG5.jpg,train,cctv_rekam_layar,prefiks frame_* (rekam layar penampil CCTV),.jpg
frame_000689_png.rf.q7vL9npJwPhQoKNiQ9wn.png,train,cctv_rekam_layar,prefiks frame_* (rekam layar penampil CCTV),.png
frame_000700_png.rf.V5jOJGNaGt33THtojsM9.jpg,train,cctv_rekam_layar,prefiks frame_* (rekam layar penampil CCTV),.jpg
frame_000704_png.rf.0pSXTBM9P9laNolA0dhS.png,train,cctv_rekam_layar,prefiks frame_* (rekam layar penampil CCTV),.png
frame_000704_png.rf.7duRvLsStc07FtpeuuRY.jpg,train,cctv_rekam_layar,prefiks frame_* (rekam layar penampil CCTV),.jpg
frame_000720_jpg.rf.KsXv4LmrOTtCpWlQuh51.jpg,train,cctv_rekam_layar,prefiks frame_* (rekam layar penampil CCTV),.jpg
frame_000720_jpg.rf.xzB1MUlhOqrpuY3V9b9v.jpg,train,cctv_rekam_layar,prefiks frame_* (rekam layar penampil CCTV),.jpg
frame_000720_png.rf.2fwPXMTNspv0Y6h9jgMt.jpg,train,cctv_rekam_layar,prefiks frame_* (rekam layar penampil CCTV),.jpg
frame_000720_png.rf.CQRHGNu24FcxXjz8qv6c.png,train,cctv_rekam_layar,prefiks frame_* (rekam layar penampil CCTV),.png
frame_000720_png.rf.Gs6CT4Ev0ABvFsnowdx3.png,train,cctv_rekam_layar,prefiks frame_* (rekam layar penampil CCTV),.png
frame_000720_png.rf.USSSzglrd9M40HAmkOkF.png,train,cctv_rekam_layar,prefiks frame_* (rekam layar penampil CCTV),.png
frame_000720_png.rf.ZkXtfs8z3gVIoDkhzSE6.png,train,cctv_rekam_layar,prefiks frame_* (rekam layar penampil CCTV),.png
frame_000736_png.rf.nHShHzZ2U2qu3IjDH6Dj.jpg,train,cctv_rekam_layar,prefiks frame_* (rekam layar penampil CCTV),.jpg
frame_000740_png.rf.te7ATosrGKhJ0fSVfjH2.jpg,train,cctv_rekam_layar,prefiks frame_* (rekam layar penampil CCTV),.jpg
frame_000742_png.rf.EJApblQtHxFUWBWCA8Tb.png,train,cctv_rekam_layar,prefiks frame_* (rekam layar penampil CCTV),.png
frame_000756_jpg.rf.WEFmQOO4RgvBtyH4wg95.jpg,train,cctv_rekam_layar,prefiks frame_* (rekam layar penampil CCTV),.jpg
frame_000756_png.rf.OeiuxhKLmADuGMIu2huB.png,train,cctv_rekam_layar,prefiks frame_* (rekam layar penampil CCTV),.png
frame_000760_png.rf.CyyZmxpFBPP816Au76sW.jpg,train,cctv_rekam_layar,prefiks frame_* (rekam layar penampil CCTV),.jpg
frame_000765_png.rf.hNSKPG5TZERp3wo4OVKw.png,train,cctv_rekam_layar,prefiks frame_* (rekam layar penampil CCTV),.png
frame_000768_png.rf.Llw7Aa2CtdOsQWb4sYQC.jpg,train,cctv_rekam_layar,prefiks frame_* (rekam layar penampil CCTV),.jpg
frame_000780_png.rf.WZPbBxgbN78Z5m3uZHiX.jpg,train,cctv_rekam_layar,prefiks frame_* (rekam layar penampil CCTV),.jpg
frame_000791_png.rf.X5NDJSlmoX4aYo7JuDHb.jpg,train,cctv_rekam_layar,prefiks frame_* (rekam layar penampil CCTV),.jpg
frame_000792_png.rf.NDYnbwgy1snsjTaTMK06.png,train,cctv_rekam_layar,prefiks frame_* (rekam layar penampil CCTV),.png
frame_000795_png.rf.cVH9dzvvCfb9jTAJlQXG.png,train,cctv_rekam_layar,prefiks frame_* (rekam layar penampil CCTV),.png
frame_000800_png.rf.Ijbb9dYjrrFRFj8PkYSU.jpg,train,cctv_rekam_layar,prefiks frame_* (rekam layar penampil CCTV),.jpg
frame_000805_png.rf.dQGhe80RUynyKdIUYaJs.png,train,cctv_rekam_layar,prefiks frame_* (rekam layar penampil CCTV),.png
frame_000810_png.rf.moWoqCP8pYHNZJT9ZjAC.png,train,cctv_rekam_layar,prefiks frame_* (rekam layar penampil CCTV),.png
frame_000820_png.rf.kstuPQkqPZZvfeHvWb3e.jpg,train,cctv_rekam_layar,prefiks frame_* (rekam layar penampil CCTV),.jpg
frame_000840_png.rf.PSbCJm7js6jdgAvbT0Sl.jpg,train,cctv_rekam_layar,prefiks frame_* (rekam layar penampil CCTV),.jpg
frame_000840_png.rf.jTASUt2FAD9h5V4FikCU.png,train,cctv_rekam_layar,prefiks frame_* (rekam layar penampil CCTV),.png
frame_000848_png.rf.7bO4M3FYRT9asM03So2m.png,train,cctv_rekam_layar,prefiks frame_* (rekam layar penampil CCTV),.png
frame_000855_png.rf.hXHxBmybY2CiWBWYVyTh.png,train,cctv_rekam_layar,prefiks frame_* (rekam layar penampil CCTV),.png
frame_000860_png.rf.PEz83dup8cPed5gsouop.jpg,train,cctv_rekam_layar,prefiks frame_* (rekam layar penampil CCTV),.jpg
frame_000864_jpg.rf.hsnsLwbEfegIhaKRfazX.jpg,train,cctv_rekam_layar,prefiks frame_* (rekam layar penampil CCTV),.jpg
frame_000864_png.rf.5ntBqp8G68nDz33OlEIv.png,train,cctv_rekam_layar,prefiks frame_* (rekam layar penampil CCTV),.png
frame_000864_png.rf.BlQOEX2aPl9pQLzgnqVB.png,train,cctv_rekam_layar,prefiks frame_* (rekam layar penampil CCTV),.png
frame_000880_png.rf.HHJH3bbQfR4p51Qxjfhy.png,train,cctv_rekam_layar,prefiks frame_* (rekam layar penampil CCTV),.png
frame_000880_png.rf.T2xpcaisZStufQmdAB3b.jpg,train,cctv_rekam_layar,prefiks frame_* (rekam layar penampil CCTV),.jpg
frame_000896_png.rf.GghK2o0jdsGNPGTGJPeY.jpg,train,cctv_rekam_layar,prefiks frame_* (rekam layar penampil CCTV),.jpg
frame_000900_jpg.rf.KMkFwhmtyC9ZGEjURQ70.jpg,train,cctv_rekam_layar,prefiks frame_* (rekam layar penampil CCTV),.jpg
frame_000900_jpg.rf.pbD2Gw4a7XgEFvqPbKhe.jpg,train,cctv_rekam_layar,prefiks frame_* (rekam layar penampil CCTV),.jpg
frame_000900_png.rf.0PmtRKSL0CewBv1NoKoy.jpg,train,cctv_rekam_layar,prefiks frame_* (rekam layar penampil CCTV),.jpg
frame_000900_png.rf.3TfIjELTkbeZEorP0Zkn.png,train,cctv_rekam_layar,prefiks frame_* (rekam layar penampil CCTV),.png
frame_000900_png.rf.xg9BBZosR5NOlwb4KAK0.png,train,cctv_rekam_layar,prefiks frame_* (rekam layar penampil CCTV),.png
frame_000901_png.rf.iElGAB9GbOB1vJPF7iAO.png,train,cctv_rekam_layar,prefiks frame_* (rekam layar penampil CCTV),.png
frame_000904_png.rf.qq7YYxHOA2O9gmKzC0Fv.jpg,train,cctv_rekam_layar,prefiks frame_* (rekam layar penampil CCTV),.jpg
frame_000920_png.rf.J6RoXlyw2slOHNP0Uaaq.jpg,train,cctv_rekam_layar,prefiks frame_* (rekam layar penampil CCTV),.jpg
frame_000928_png.rf.1vPZXJ3l1hT5Sq2A4C7h.jpg,train,cctv_rekam_layar,prefiks frame_* (rekam layar penampil CCTV),.jpg
frame_000936_png.rf.Q5nzvryhREydubVfnSyM.png,train,cctv_rekam_layar,prefiks frame_* (rekam layar penampil CCTV),.png
frame_000940_png.rf.7dPNw5LstVIWUmxx756I.jpg,train,cctv_rekam_layar,prefiks frame_* (rekam layar penampil CCTV),.jpg
frame_000945_png.rf.Heol5lALBu2rmcggZevz.png,train,cctv_rekam_layar,prefiks frame_* (rekam layar penampil CCTV),.png
frame_000945_png.rf.jBLsCaHU55wzOyFkYOCf.png,train,cctv_rekam_layar,prefiks frame_* (rekam layar penampil CCTV),.png
frame_000954_png.rf.h8itiM7KQaXbeQ412vBS.png,train,cctv_rekam_layar,prefiks frame_* (rekam layar penampil CCTV),.png
frame_000960_png.rf.B8hU1lMxeMrKFwchP6v7.jpg,train,cctv_rekam_layar,prefiks frame_* (rekam layar penampil CCTV),.jpg
frame_000960_png.rf.sq7AAEZP9bc72RT388Jo.png,train,cctv_rekam_layar,prefiks frame_* (rekam layar penampil CCTV),.png
frame_000972_jpg.rf.CZKjd5O12Q5J9AVdInEA.jpg,train,cctv_rekam_layar,prefiks frame_* (rekam layar penampil CCTV),.jpg
frame_000972_png.rf.tcKUgsDfIoa0rz6rwT0M.png,train,cctv_rekam_layar,prefiks frame_* (rekam layar penampil CCTV),.png
frame_000980_png.rf.dBHn8ayetl3BVbERLxrM.jpg,train,cctv_rekam_layar,prefiks frame_* (rekam layar penampil CCTV),.jpg
frame_000990_png.rf.ATIjDgTP4Hx51PvWtIje.png,train,cctv_rekam_layar,prefiks frame_* (rekam layar penampil CCTV),.png
frame_000990_png.rf.OOBbyOHFxgzl0pf2Tucc.png,train,cctv_rekam_layar,prefiks frame_* (rekam layar penampil CCTV),.png
frame_001000_png.rf.YDEsdnhJN0bgRWultLdh.jpg,train,cctv_rekam_layar,prefiks frame_* (rekam layar penampil CCTV),.jpg
frame_001007_png.rf.0TUs0PWME7DoL8N2SLKj.png,train,cctv_rekam_layar,prefiks frame_* (rekam layar penampil CCTV),.png
frame_001008_png.rf.gtsDpBDxm7KnpIKFz2QV.png,train,cctv_rekam_layar,prefiks frame_* (rekam layar penampil CCTV),.png
frame_001017_png.rf.vmhgyK7ursO9laOKehaq.jpg,train,cctv_rekam_layar,prefiks frame_* (rekam layar penampil CCTV),.jpg
frame_001020_png.rf.yCqC1gPhLHBrqI1PGqS7.jpg,train,cctv_rekam_layar,prefiks frame_* (rekam layar penampil CCTV),.jpg
frame_001035_png.rf.nOA8Dllvp9WIpcfJ3wVf.png,train,cctv_rekam_layar,prefiks frame_* (rekam layar penampil CCTV),.png
frame_001035_png.rf.sEMH4doW5oHhc0vtYCMu.png,train,cctv_rekam_layar,prefiks frame_* (rekam layar penampil CCTV),.png
frame_001040_png.rf.vZEeos6w69H7ojnh48Lh.jpg,train,cctv_rekam_layar,prefiks frame_* (rekam layar penampil CCTV),.jpg
frame_001056_png.rf.gNWutqW2uvJZCBESgC6G.png,train,cctv_rekam_layar,prefiks frame_* (rekam layar penampil CCTV),.png
frame_001060_png.rf.AeWRvUTjwS0IflY45exd.png,train,cctv_rekam_layar,prefiks frame_* (rekam layar penampil CCTV),.png
frame_001060_png.rf.TzGRSgTmdwEK0iLn4AT2.jpg,train,cctv_rekam_layar,prefiks frame_* (rekam layar penampil CCTV),.jpg
frame_001080_jpg.rf.BhTJz6vUz7rtGpBb5pnC.jpg,train,cctv_rekam_layar,prefiks frame_* (rekam layar penampil CCTV),.jpg
frame_001080_jpg.rf.rspRkUJ0YinHMhJfZq9U.jpg,train,cctv_rekam_layar,prefiks frame_* (rekam layar penampil CCTV),.jpg
frame_001080_jpg.rf.yQURqpxMw4gA1199cDt0.jpg,train,cctv_rekam_layar,prefiks frame_* (rekam layar penampil CCTV),.jpg
frame_001080_png.rf.4IRad7ulK4gkbzTAW8aY.jpg,train,cctv_rekam_layar,prefiks frame_* (rekam layar penampil CCTV),.jpg
frame_001080_png.rf.5zbWQZiCbZ4BSixAzLwL.png,train,cctv_rekam_layar,prefiks frame_* (rekam layar penampil CCTV),.png
frame_001080_png.rf.XfhtRfeMTUI2lXSr1wLM.png,train,cctv_rekam_layar,prefiks frame_* (rekam layar penampil CCTV),.png
frame_001080_png.rf.o1tts9YW1KkqWc2ktSmI.png,train,cctv_rekam_layar,prefiks frame_* (rekam layar penampil CCTV),.png
frame_001080_png.rf.oxyYONWTscrr0hfgHl0l.png,train,cctv_rekam_layar,prefiks frame_* (rekam layar penampil CCTV),.png
frame_001080_png.rf.rw2yy9vFoJwHZDVxS8Xt.png,train,cctv_rekam_layar,prefiks frame_* (rekam layar penampil CCTV),.png
frame_001100_png.rf.xjTCv1H91JBezDVy7Hft.jpg,train,cctv_rekam_layar,prefiks frame_* (rekam layar penampil CCTV),.jpg
frame_001120_png.rf.kXpAqrf0mMmVSxYPoNBt.jpg,train,cctv_rekam_layar,prefiks frame_* (rekam layar penampil CCTV),.jpg
frame_001125_png.rf.BKzBHt2T3fTRjhbIgn2a.png,train,cctv_rekam_layar,prefiks frame_* (rekam layar penampil CCTV),.png
frame_001125_png.rf.bz5PXFXbrya5eUjdnKUn.png,train,cctv_rekam_layar,prefiks frame_* (rekam layar penampil CCTV),.png
frame_001130_png.rf.Ene7zQGg0avSHh9Yi1bO.jpg,train,cctv_rekam_layar,prefiks frame_* (rekam layar penampil CCTV),.jpg
frame_001140_png.rf.AN3HnKHngy7bJvGoQ79C.jpg,train,cctv_rekam_layar,prefiks frame_* (rekam layar penampil CCTV),.jpg
frame_001152_png.rf.4KztiwVgNUoGFQ3n1G59.png,train,cctv_rekam_layar,prefiks frame_* (rekam layar penampil CCTV),.png
frame_001160_png.rf.rG7xz5KWaYk2ne8z0Bud.jpg,train,cctv_rekam_layar,prefiks frame_* (rekam layar penampil CCTV),.jpg
frame_001166_png.rf.CkVOzUbJUHbqzvCmN4nV.png,train,cctv_rekam_layar,prefiks frame_* (rekam layar penampil CCTV),.png
frame_001170_png.rf.FOhpteDz0v25Y2zzCfTS.png,train,cctv_rekam_layar,prefiks frame_* (rekam layar penampil CCTV),.png
frame_001170_png.rf.MBw9Pvu3Zi6I8U5N8KTI.png,train,cctv_rekam_layar,prefiks frame_* (rekam layar penampil CCTV),.png
frame_001180_png.rf.UKHS9VJv0tfEkK9DWoxE.jpg,train,cctv_rekam_layar,prefiks frame_* (rekam layar penampil CCTV),.jpg
frame_001184_png.rf.ZVh1YMnCeY7sJidm9mpo.jpg,train,cctv_rekam_layar,prefiks frame_* (rekam layar penampil CCTV),.jpg
frame_001188_jpg.rf.srb7pUXDQLFAMDpxkIGr.jpg,train,cctv_rekam_layar,prefiks frame_* (rekam layar penampil CCTV),.jpg
frame_001200_png.rf.F6Sdp5MRJRel4IHpftH0.png,train,cctv_rekam_layar,prefiks frame_* (rekam layar penampil CCTV),.png
frame_001200_png.rf.wz0wcNmOu31KNDG3MuPz.jpg,train,cctv_rekam_layar,prefiks frame_* (rekam layar penampil CCTV),.jpg
frame_001215_png.rf.s0kT2TUyt4UvTC6GRYqk.png,train,cctv_rekam_layar,prefiks frame_* (rekam layar penampil CCTV),.png
frame_001215_png.rf.wbTOrx8airTbQmCTcqbC.png,train,cctv_rekam_layar,prefiks frame_* (rekam layar penampil CCTV),.png
frame_001216_png.rf.1U8Yv9UVvNHOJpB5VKtj.jpg,train,cctv_rekam_layar,prefiks frame_* (rekam layar penampil CCTV),.jpg
frame_001219_png.rf.1JjvcrN2Z8zEtqlXfffu.png,train,cctv_rekam_layar,prefiks frame_* (rekam layar penampil CCTV),.png
frame_001220_png.rf.hzGtvJ6SXEYhzAfQFrnl.jpg,train,cctv_rekam_layar,prefiks frame_* (rekam layar penampil CCTV),.jpg
frame_001224_png.rf.IRbHdllxIuqDvHA4IAOP.png,train,cctv_rekam_layar,prefiks frame_* (rekam layar penampil CCTV),.png
frame_001232_png.rf.FSPrm6zs89pPdctubsg6.png,train,cctv_rekam_layar,prefiks frame_* (rekam layar penampil CCTV),.png
frame_001240_png.rf.BfoH4ni9DFbESI9UGdCY.jpg,train,cctv_rekam_layar,prefiks frame_* (rekam layar penampil CCTV),.jpg
frame_001243_png.rf.w0EhRYnkeaZzZKBlYARA.jpg,train,cctv_rekam_layar,prefiks frame_* (rekam layar penampil CCTV),.jpg
frame_001248_png.rf.XvZ6900wm6yGHDx57wp6.jpg,train,cctv_rekam_layar,prefiks frame_* (rekam layar penampil CCTV),.jpg
frame_001260_jpg.rf.l3H4yBYw7lilWwajjEA8.jpg,train,cctv_rekam_layar,prefiks frame_* (rekam layar penampil CCTV),.jpg
frame_001260_jpg.rf.mic3uJiOFXEQAeDdJoVt.jpg,train,cctv_rekam_layar,prefiks frame_* (rekam layar penampil CCTV),.jpg
frame_001260_png.rf.2V0flxatraDZ6Qx7JfC1.png,train,cctv_rekam_layar,prefiks frame_* (rekam layar penampil CCTV),.png
frame_001260_png.rf.fB1e8hvxEWsveOeFUHy8.png,train,cctv_rekam_layar,prefiks frame_* (rekam layar penampil CCTV),.png
frame_001260_png.rf.llCvrICcjJA34yOdcFFU.jpg,train,cctv_rekam_layar,prefiks frame_* (rekam layar penampil CCTV),.jpg
frame_001272_png.rf.l3mKDT11XdBmBCXrBd7H.png,train,cctv_rekam_layar,prefiks frame_* (rekam layar penampil CCTV),.png
frame_001280_png.rf.eyVtFf1J9OocyROrK3dk.jpg,train,cctv_rekam_layar,prefiks frame_* (rekam layar penampil CCTV),.jpg
frame_001296_jpg.rf.OLnSEyf5tRpRvs49svVZ.jpg,train,cctv_rekam_layar,prefiks frame_* (rekam layar penampil CCTV),.jpg
frame_001296_png.rf.YqQtDRYIfutDyJJOHOs3.png,train,cctv_rekam_layar,prefiks frame_* (rekam layar penampil CCTV),.png
frame_001296_png.rf.cSvZmGY8Z6VGKVjuQYxo.png,train,cctv_rekam_layar,prefiks frame_* (rekam layar penampil CCTV),.png
frame_001300_png.rf.3VphiSFaGlyCaCPJQQiU.jpg,train,cctv_rekam_layar,prefiks frame_* (rekam layar penampil CCTV),.jpg
frame_001305_png.rf.MeSVFIh0eagBZUoQgXMb.png,train,cctv_rekam_layar,prefiks frame_* (rekam layar penampil CCTV),.png
frame_001305_png.rf.v5U9xfxq98kIINeBn1xE.png,train,cctv_rekam_layar,prefiks frame_* (rekam layar penampil CCTV),.png
frame_001320_png.rf.KfkghgcefZ10qMEERDxs.jpg,train,cctv_rekam_layar,prefiks frame_* (rekam layar penampil CCTV),.jpg
frame_001320_png.rf.b4WWoDD9Q1Sx3MCNZLNV.png,train,cctv_rekam_layar,prefiks frame_* (rekam layar penampil CCTV),.png
frame_001325_png.rf.6dAgVsUroGKKXARJX59O.png,train,cctv_rekam_layar,prefiks frame_* (rekam layar penampil CCTV),.png
frame_001340_png.rf.YllGX6ATt7pxlZMgPH3B.jpg,train,cctv_rekam_layar,prefiks frame_* (rekam layar penampil CCTV),.jpg
frame_001350_png.rf.2RdjZhNRR49DXQ5UDyCY.png,train,cctv_rekam_layar,prefiks frame_* (rekam layar penampil CCTV),.png
frame_001350_png.rf.lBQ2oDLFhLAXs8uqriGZ.png,train,cctv_rekam_layar,prefiks frame_* (rekam layar penampil CCTV),.png
frame_001356_png.rf.P3tctIYlC1x3zeov5DR4.jpg,train,cctv_rekam_layar,prefiks frame_* (rekam layar penampil CCTV),.jpg
frame_001360_png.rf.Y2WdQ9rcfKedvyyaSTlN.jpg,train,cctv_rekam_layar,prefiks frame_* (rekam layar penampil CCTV),.jpg
frame_001368_png.rf.J7XV79moNA21CURaYa4g.png,train,cctv_rekam_layar,prefiks frame_* (rekam layar penampil CCTV),.png
frame_001378_png.rf.dFaBeCByPKLKak1haD3e.png,train,cctv_rekam_layar,prefiks frame_* (rekam layar penampil CCTV),.png
frame_001380_png.rf.rEVRwIWlaxVQyORcKYal.jpg,train,cctv_rekam_layar,prefiks frame_* (rekam layar penampil CCTV),.jpg
frame_001395_png.rf.1TBlo7YhFHIjGOF0vdlC.png,train,cctv_rekam_layar,prefiks frame_* (rekam layar penampil CCTV),.png
frame_001395_png.rf.yJv1LwszXZwGZVyksztD.png,train,cctv_rekam_layar,prefiks frame_* (rekam layar penampil CCTV),.png
frame_001400_png.rf.7RZFaPpJiGzc2rk3hdfh.jpg,train,cctv_rekam_layar,prefiks frame_* (rekam layar penampil CCTV),.jpg
frame_001404_jpg.rf.S7vWuOLbxJwLxovweqaZ.jpg,train,cctv_rekam_layar,prefiks frame_* (rekam layar penampil CCTV),.jpg
frame_001404_png.rf.1qsXYQAPHgecvYPgnkOZ.png,train,cctv_rekam_layar,prefiks frame_* (rekam layar penampil CCTV),.png
frame_001408_png.rf.nH9H1o763wXXc79ciwk5.jpg,train,cctv_rekam_layar,prefiks frame_* (rekam layar penampil CCTV),.jpg
frame_001408_png.rf.xjsJqIfXDfbZiyKbrnLR.png,train,cctv_rekam_layar,prefiks frame_* (rekam layar penampil CCTV),.png
frame_001420_png.rf.42DUlct48DeOrPiC3j16.jpg,train,cctv_rekam_layar,prefiks frame_* (rekam layar penampil CCTV),.jpg
frame_001431_png.rf.3NpI5FUsquXUmzqeDsET.png,train,cctv_rekam_layar,prefiks frame_* (rekam layar penampil CCTV),.png
frame_001440_jpg.rf.T6uSUddaieYuoHIXzopp.jpg,train,cctv_rekam_layar,prefiks frame_* (rekam layar penampil CCTV),.jpg
frame_001440_jpg.rf.rESqUk8RmQ7D7hCjuVxB.jpg,train,cctv_rekam_layar,prefiks frame_* (rekam layar penampil CCTV),.jpg
frame_001440_png.rf.6pQFbkXuZJfS1Z3xaEg7.png,train,cctv_rekam_layar,prefiks frame_* (rekam layar penampil CCTV),.png
frame_001440_png.rf.KPv0mZnPzU6tMTDxxCk5.png,train,cctv_rekam_layar,prefiks frame_* (rekam layar penampil CCTV),.png
frame_001440_png.rf.SSqPphKt9cEjdknx1MXo.jpg,train,cctv_rekam_layar,prefiks frame_* (rekam layar penampil CCTV),.jpg
frame_001440_png.rf.ckdWWLqFfOZbybjyChli.png,train,cctv_rekam_layar,prefiks frame_* (rekam layar penampil CCTV),.png
frame_001440_png.rf.yWWrFLR3n6MQYZvDVuMk.png,train,cctv_rekam_layar,prefiks frame_* (rekam layar penampil CCTV),.png
frame_001449_png.rf.t14SLd3KR0CLTkC1rtFD.png,train,cctv_rekam_layar,prefiks frame_* (rekam layar penampil CCTV),.png
frame_001460_png.rf.1cSKEw9GXv4x8Ff1lKBJ.jpg,train,cctv_rekam_layar,prefiks frame_* (rekam layar penampil CCTV),.jpg
frame_001469_png.rf.YbifDzPQDXUBmHvGbCVv.jpg,train,cctv_rekam_layar,prefiks frame_* (rekam layar penampil CCTV),.jpg
frame_001480_png.rf.yet9q4cUH0mcQy7NbLow.jpg,train,cctv_rekam_layar,prefiks frame_* (rekam layar penampil CCTV),.jpg
frame_001484_png.rf.guZOT2IzRxTmPbbTQmFt.png,train,cctv_rekam_layar,prefiks frame_* (rekam layar penampil CCTV),.png
frame_001485_png.rf.Y7YiXJRmmM1SagRd0c9k.png,train,cctv_rekam_layar,prefiks frame_* (rekam layar penampil CCTV),.png
frame_001485_png.rf.j5UaMGoDrIfswi46V3Jk.png,train,cctv_rekam_layar,prefiks frame_* (rekam layar penampil CCTV),.png
frame_001500_png.rf.rfSZXTJrsZ5CRk60oAZh.jpg,train,cctv_rekam_layar,prefiks frame_* (rekam layar penampil CCTV),.jpg
frame_001512_jpg.rf.b5j2Q376ByIdqISh1iQw.jpg,train,cctv_rekam_layar,prefiks frame_* (rekam layar penampil CCTV),.jpg
frame_001512_png.rf.DNwzv8myMrNa7QzU4EuD.png,train,cctv_rekam_layar,prefiks frame_* (rekam layar penampil CCTV),.png
frame_001512_png.rf.N6jJM2UOXfaZvSkX67UC.png,train,cctv_rekam_layar,prefiks frame_* (rekam layar penampil CCTV),.png
frame_001520_png.rf.SUtpceuIV9M3ckHQr4bY.jpg,train,cctv_rekam_layar,prefiks frame_* (rekam layar penampil CCTV),.jpg
frame_001530_png.rf.3Z6AyhxGKvc53iZYFnYh.png,train,cctv_rekam_layar,prefiks frame_* (rekam layar penampil CCTV),.png
frame_001530_png.rf.wm5sQBw74ohvYbpq1UPD.png,train,cctv_rekam_layar,prefiks frame_* (rekam layar penampil CCTV),.png
frame_001537_png.rf.KvhRAd5TBLqsYKQuiEtJ.png,train,cctv_rekam_layar,prefiks frame_* (rekam layar penampil CCTV),.png
frame_001540_png.rf.RnNWzVPHR3zsuqHbK6mA.jpg,train,cctv_rekam_layar,prefiks frame_* (rekam layar penampil CCTV),.jpg
frame_001560_png.rf.ILHWuoUrXXo9aTnMiJW5.png,train,cctv_rekam_layar,prefiks frame_* (rekam layar penampil CCTV),.png
frame_001560_png.rf.OWpqC6KU2YEHc8eJrQGO.jpg,train,cctv_rekam_layar,prefiks frame_* (rekam layar penampil CCTV),.jpg
frame_001575_png.rf.Jho0Uam1Oohd3KY3RZjm.png,train,cctv_rekam_layar,prefiks frame_* (rekam layar penampil CCTV),.png
frame_001575_png.rf.L16kSuSBrmLLp5ovvi1O.png,train,cctv_rekam_layar,prefiks frame_* (rekam layar penampil CCTV),.png
frame_001580_png.rf.kvZBJoZHD0c0IDTsxtrj.jpg,train,cctv_rekam_layar,prefiks frame_* (rekam layar penampil CCTV),.jpg
frame_001582_png.rf.zfnlNNNjInEv2MjHW6hr.jpg,train,cctv_rekam_layar,prefiks frame_* (rekam layar penampil CCTV),.jpg
frame_001584_png.rf.Dxtck3FZva3uF13t87ag.png,train,cctv_rekam_layar,prefiks frame_* (rekam layar penampil CCTV),.png
frame_001584_png.rf.mSSA0yd0BmplhxehcTsX.png,train,cctv_rekam_layar,prefiks frame_* (rekam layar penampil CCTV),.png
frame_001590_png.rf.NT88zLLeTAIgP8rFrBij.png,train,cctv_rekam_layar,prefiks frame_* (rekam layar penampil CCTV),.png
frame_001600_png.rf.gpPs0zafbm20BnyjEE4M.jpg,train,cctv_rekam_layar,prefiks frame_* (rekam layar penampil CCTV),.jpg
frame_001610_png.rf.FKFcsTLpZkzPi1xfgZWY.png,train,cctv_rekam_layar,prefiks frame_* (rekam layar penampil CCTV),.png
frame_001620_jpg.rf.6iY8ce0d0MjmdAKYQB0P.jpg,train,cctv_rekam_layar,prefiks frame_* (rekam layar penampil CCTV),.jpg
frame_001620_jpg.rf.tv0nk6bedkL0mwlQACAX.jpg,train,cctv_rekam_layar,prefiks frame_* (rekam layar penampil CCTV),.jpg
frame_001620_jpg.rf.vN0sqCc2oFdz2ekMbtKk.jpg,train,cctv_rekam_layar,prefiks frame_* (rekam layar penampil CCTV),.jpg
frame_001620_png.rf.TTZbrYwtk5pTagib1ygV.png,train,cctv_rekam_layar,prefiks frame_* (rekam layar penampil CCTV),.png
frame_001620_png.rf.VLZ8c26KxPi9UluzvqOR.png,train,cctv_rekam_layar,prefiks frame_* (rekam layar penampil CCTV),.png
frame_001620_png.rf.bteMb3cJ0Va3evawt6W0.jpg,train,cctv_rekam_layar,prefiks frame_* (rekam layar penampil CCTV),.jpg
frame_001620_png.rf.fLS0tBR6heh2Tsk7t1BA.png,train,cctv_rekam_layar,prefiks frame_* (rekam layar penampil CCTV),.png
frame_001640_png.rf.IFWp8ozWfBT55QWmhqxM.jpg,train,cctv_rekam_layar,prefiks frame_* (rekam layar penampil CCTV),.jpg
frame_001643_png.rf.pAxnYcwvZWem9Oci8K5I.png,train,cctv_rekam_layar,prefiks frame_* (rekam layar penampil CCTV),.png
frame_001656_png.rf.EE2v8PNYhbG6mzEVbHWW.png,train,cctv_rekam_layar,prefiks frame_* (rekam layar penampil CCTV),.png
frame_001660_png.rf.tbsaW4LJWbItPkg6s7pT.jpg,train,cctv_rekam_layar,prefiks frame_* (rekam layar penampil CCTV),.jpg
frame_001665_png.rf.7eKig1UhAC6PUNdYtVuM.png,train,cctv_rekam_layar,prefiks frame_* (rekam layar penampil CCTV),.png
frame_001665_png.rf.L5BSgHfeNZo4Ce1LDQWR.png,train,cctv_rekam_layar,prefiks frame_* (rekam layar penampil CCTV),.png
frame_001680_png.rf.u2bPqutnrCmqRM8IFyJf.png,train,cctv_rekam_layar,prefiks frame_* (rekam layar penampil CCTV),.png
frame_001680_png.rf.yOEO8CZ82NaOwR5AA5Of.jpg,train,cctv_rekam_layar,prefiks frame_* (rekam layar penampil CCTV),.jpg
frame_001695_png.rf.iHC7WfZFGOEWFewOXvqH.jpg,train,cctv_rekam_layar,prefiks frame_* (rekam layar penampil CCTV),.jpg
frame_001696_png.rf.60Q0IXRk008qavZmCQid.png,train,cctv_rekam_layar,prefiks frame_* (rekam layar penampil CCTV),.png
frame_001700_png.rf.vXZyyJoJK5WY5Xx1OeA7.jpg,train,cctv_rekam_layar,prefiks frame_* (rekam layar penampil CCTV),.jpg
frame_001710_png.rf.MnUwaPV0AV546p1Z1F2W.png,train,cctv_rekam_layar,prefiks frame_* (rekam layar penampil CCTV),.png
frame_001710_png.rf.foQ2tcuHcQQWQJwoU5QF.png,train,cctv_rekam_layar,prefiks frame_* (rekam layar penampil CCTV),.png
frame_001720_png.rf.hDNEg1lahd78qxrFgubM.jpg,train,cctv_rekam_layar,prefiks frame_* (rekam layar penampil CCTV),.jpg
frame_001728_jpg.rf.IAoeNCu8JnKBCqS2WLTF.jpg,train,cctv_rekam_layar,prefiks frame_* (rekam layar penampil CCTV),.jpg
frame_001728_png.rf.MECixrHK0bedX4xD7iQn.png,train,cctv_rekam_layar,prefiks frame_* (rekam layar penampil CCTV),.png
frame_001728_png.rf.dJAWzxhz2zVWgNoENqFZ.png,train,cctv_rekam_layar,prefiks frame_* (rekam layar penampil CCTV),.png
frame_001740_png.rf.6ObBEBz8npC0q04B8fuB.jpg,train,cctv_rekam_layar,prefiks frame_* (rekam layar penampil CCTV),.jpg
frame_001749_png.rf.pC1v2CkpY7Vdvd1AfbQW.png,train,cctv_rekam_layar,prefiks frame_* (rekam layar penampil CCTV),.png
frame_001755_png.rf.B0PX9by0S4CoYAq3D7lK.png,train,cctv_rekam_layar,prefiks frame_* (rekam layar penampil CCTV),.png
frame_001755_png.rf.s2mBVY4PQNWS5PY93EF8.png,train,cctv_rekam_layar,prefiks frame_* (rekam layar penampil CCTV),.png
frame_001760_png.rf.Oi73wTUHzNBqnI0SHnK0.png,train,cctv_rekam_layar,prefiks frame_* (rekam layar penampil CCTV),.png
frame_001760_png.rf.WYpzY2UBv3exS9SEVumZ.jpg,train,cctv_rekam_layar,prefiks frame_* (rekam layar penampil CCTV),.jpg
frame_001771_png.rf.R3D0ZlYjnlEDy5TtpeFR.png,train,cctv_rekam_layar,prefiks frame_* (rekam layar penampil CCTV),.png
frame_001780_png.rf.d3FcJ7iKWqZiVg0JSQ1p.jpg,train,cctv_rekam_layar,prefiks frame_* (rekam layar penampil CCTV),.jpg
frame_001800_jpg.rf.7FtWWMHm70Cr0jUOb9Q3.jpg,train,cctv_rekam_layar,prefiks frame_* (rekam layar penampil CCTV),.jpg
frame_001800_jpg.rf.F3eOKO25P215dB8gkZy6.jpg,train,cctv_rekam_layar,prefiks frame_* (rekam layar penampil CCTV),.jpg
frame_001800_png.rf.2Bvr4xHat2BVsBWTG7yD.png,train,cctv_rekam_layar,prefiks frame_* (rekam layar penampil CCTV),.png
frame_001800_png.rf.JiKMwd4QP4lwf0cNIpv0.jpg,train,cctv_rekam_layar,prefiks frame_* (rekam layar penampil CCTV),.jpg
frame_001800_png.rf.MqVMo8cJyASnlbOwgQPG.png,train,cctv_rekam_layar,prefiks frame_* (rekam layar penampil CCTV),.png
frame_001800_png.rf.VHuzFfsKMnNi9MGf3WjH.png,train,cctv_rekam_layar,prefiks frame_* (rekam layar penampil CCTV),.png
frame_001800_png.rf.w4EZEok8DKfkI34OlLWn.png,train,cctv_rekam_layar,prefiks frame_* (rekam layar penampil CCTV),.png
frame_001802_png.rf.APgGXgyDOlYQeBr64hYs.png,train,cctv_rekam_layar,prefiks frame_* (rekam layar penampil CCTV),.png
frame_001808_png.rf.oR55sILQQJDwd5klnOuJ.jpg,train,cctv_rekam_layar,prefiks frame_* (rekam layar penampil CCTV),.jpg
frame_001820_png.rf.4xnCUKbvbbfChzgNBewW.jpg,train,cctv_rekam_layar,prefiks frame_* (rekam layar penampil CCTV),.jpg
frame_001836_jpg.rf.FV0xwV1SCcUNPtlZgS5s.jpg,train,cctv_rekam_layar,prefiks frame_* (rekam layar penampil CCTV),.jpg
frame_001836_png.rf.jRBvCcYPA3ed6HPCvS24.png,train,cctv_rekam_layar,prefiks frame_* (rekam layar penampil CCTV),.png
frame_001840_png.rf.ZWhTVS8Db1wkO829QXCn.jpg,train,cctv_rekam_layar,prefiks frame_* (rekam layar penampil CCTV),.jpg
frame_001845_png.rf.e10jl11E3X06DTLRZIV5.png,train,cctv_rekam_layar,prefiks frame_* (rekam layar penampil CCTV),.png
frame_001845_png.rf.xBXcqWh5R5ps4YF0vFAX.png,train,cctv_rekam_layar,prefiks frame_* (rekam layar penampil CCTV),.png
frame_001855_png.rf.rEMWBSIZjg5OIMtuSW0T.png,train,cctv_rekam_layar,prefiks frame_* (rekam layar penampil CCTV),.png
frame_001860_png.rf.NJG8UYB49IxhjQvdqcrv.jpg,train,cctv_rekam_layar,prefiks frame_* (rekam layar penampil CCTV),.jpg
frame_001872_png.rf.fUo6xFXENJhDVI0a0B3H.png,train,cctv_rekam_layar,prefiks frame_* (rekam layar penampil CCTV),.png
frame_001880_png.rf.Fb3KaadjEzZ5cvEx8MaI.jpg,train,cctv_rekam_layar,prefiks frame_* (rekam layar penampil CCTV),.jpg
frame_001890_png.rf.yN2KVuZIk9p8STK8p79P.png,train,cctv_rekam_layar,prefiks frame_* (rekam layar penampil CCTV),.png
frame_001890_png.rf.yuz8vdKMPNneafuvOI6A.png,train,cctv_rekam_layar,prefiks frame_* (rekam layar penampil CCTV),.png
frame_001900_png.rf.6rXYyO4ymMpIIpxrin4E.jpg,train,cctv_rekam_layar,prefiks frame_* (rekam layar penampil CCTV),.jpg
frame_001908_png.rf.80DlZishWxYbaJ6mv4Nf.png,train,cctv_rekam_layar,prefiks frame_* (rekam layar penampil CCTV),.png
frame_001920_png.rf.DohQLT2IPWNTQGCbWcCM.png,train,cctv_rekam_layar,prefiks frame_* (rekam layar penampil CCTV),.png
frame_001920_png.rf.b5CGtG58HaKP8tmx9rBh.jpg,train,cctv_rekam_layar,prefiks frame_* (rekam layar penampil CCTV),.jpg
frame_001921_png.rf.LVgWMCsWr7Utn7YiB0cv.jpg,train,cctv_rekam_layar,prefiks frame_* (rekam layar penampil CCTV),.jpg
frame_001932_png.rf.m0HakVdLTWrFdlTka4Vt.png,train,cctv_rekam_layar,prefiks frame_* (rekam layar penampil CCTV),.png
frame_001935_png.rf.D1oBalZz3hsYOGMU2YpP.png,train,cctv_rekam_layar,prefiks frame_* (rekam layar penampil CCTV),.png
frame_001935_png.rf.Vh5ulnYn79mHsXkTnPmw.png,train,cctv_rekam_layar,prefiks frame_* (rekam layar penampil CCTV),.png
frame_001936_png.rf.WHdHnLFG08d5IHDra1Tt.png,train,cctv_rekam_layar,prefiks frame_* (rekam layar penampil CCTV),.png
frame_001940_png.rf.5BPk8zuR8OpVNrKh1iQm.jpg,train,cctv_rekam_layar,prefiks frame_* (rekam layar penampil CCTV),.jpg
frame_001944_jpg.rf.jTdtlQpKWZsTZzkdoMzM.jpg,train,cctv_rekam_layar,prefiks frame_* (rekam layar penampil CCTV),.jpg
frame_001944_png.rf.E5eHbdC9eRKhDWRhT4ER.png,train,cctv_rekam_layar,prefiks frame_* (rekam layar penampil CCTV),.png
frame_001944_png.rf.YR8X0p6mrChVtKhcxAvd.png,train,cctv_rekam_layar,prefiks frame_* (rekam layar penampil CCTV),.png
frame_001960_png.rf.23ixr9zdPKaIkeRZeY2T.jpg,train,cctv_rekam_layar,prefiks frame_* (rekam layar penampil CCTV),.jpg
frame_001961_png.rf.HBtYNYzdt3MwRrjowanm.png,train,cctv_rekam_layar,prefiks frame_* (rekam layar penampil CCTV),.png
frame_001980_jpg.rf.MDb6wrJPLYHZi3KRk9ui.jpg,train,cctv_rekam_layar,prefiks frame_* (rekam layar penampil CCTV),.jpg
frame_001980_jpg.rf.WvQbxSsGKJw0mLCW59IN.jpg,train,cctv_rekam_layar,prefiks frame_* (rekam layar penampil CCTV),.jpg
frame_001980_png.rf.g3a9j6wZPegu5n9CE7yQ.jpg,train,cctv_rekam_layar,prefiks frame_* (rekam layar penampil CCTV),.jpg
frame_001980_png.rf.lzDZefHOoKyQKffN4Oh3.png,train,cctv_rekam_layar,prefiks frame_* (rekam layar penampil CCTV),.png
frame_001980_png.rf.tvVEnutmsHVVHs5kIvKb.png,train,cctv_rekam_layar,prefiks frame_* (rekam layar penampil CCTV),.png
frame_002000_png.rf.1RVa7gHjRHDIlqNUOy8e.jpg,train,cctv_rekam_layar,prefiks frame_* (rekam layar penampil CCTV),.jpg
frame_002014_png.rf.Xa3j3B3oVPRVlU7L93MH.png,train,cctv_rekam_layar,prefiks frame_* (rekam layar penampil CCTV),.png
frame_002016_png.rf.DgOQNLSlecBHM16P4yIG.png,train,cctv_rekam_layar,prefiks frame_* (rekam layar penampil CCTV),.png
frame_002020_png.rf.8wvLk06IMAiPrr55qOPK.jpg,train,cctv_rekam_layar,prefiks frame_* (rekam layar penampil CCTV),.jpg
frame_002025_png.rf.VsR0nbbb0lPTOcG7JUgM.png,train,cctv_rekam_layar,prefiks frame_* (rekam layar penampil CCTV),.png
frame_002025_png.rf.o5ORNC6iHRCXhOZeD7vb.png,train,cctv_rekam_layar,prefiks frame_* (rekam layar penampil CCTV),.png
frame_002034_png.rf.xu69qLGCdNq3jnphfNxh.jpg,train,cctv_rekam_layar,prefiks frame_* (rekam layar penampil CCTV),.jpg
frame_002040_png.rf.DqvV4I2Ko9KVIrfinQPb.png,train,cctv_rekam_layar,prefiks frame_* (rekam layar penampil CCTV),.png
frame_002040_png.rf.c3VeMIvXeGaT6KgHSj1K.png,train,cctv_rekam_layar,prefiks frame_* (rekam layar penampil CCTV),.png
frame_002040_png.rf.xIV1S6DwJRlQqGnfNwo8.jpg,train,cctv_rekam_layar,prefiks frame_* (rekam layar penampil CCTV),.jpg
frame_002052_jpg.rf.QkrD4FeG7fPwVpuowsUX.jpg,train,cctv_rekam_layar,prefiks frame_* (rekam layar penampil CCTV),.jpg
frame_002060_png.rf.J0AarGYhdYXnlL8Q5nvY.jpg,train,cctv_rekam_layar,prefiks frame_* (rekam layar penampil CCTV),.jpg
frame_002060_png.rf.r403j8pb3frn72o0gHyJ.png,train,cctv_rekam_layar,prefiks frame_* (rekam layar penampil CCTV),.png
frame_002067_png.rf.MKRhvRh9D3GfWatOoMJl.png,train,cctv_rekam_layar,prefiks frame_* (rekam layar penampil CCTV),.png
frame_002070_png.rf.bVbJtoWDBbdFeIbVIpLF.png,train,cctv_rekam_layar,prefiks frame_* (rekam layar penampil CCTV),.png
frame_002070_png.rf.vbGzpjas3TtSUD6GYB44.png,train,cctv_rekam_layar,prefiks frame_* (rekam layar penampil CCTV),.png
frame_002080_png.rf.8AD5NTY1P8edpOT5wlWQ.png,train,cctv_rekam_layar,prefiks frame_* (rekam layar penampil CCTV),.png
frame_002080_png.rf.DleqS1DIX4vk7bAgpu9E.jpg,train,cctv_rekam_layar,prefiks frame_* (rekam layar penampil CCTV),.jpg
frame_002088_png.rf.Y9KimPy91TV4uje9ZALa.png,train,cctv_rekam_layar,prefiks frame_* (rekam layar penampil CCTV),.png
frame_002100_png.rf.bsNSwbjB9NBxFim1ReuP.png,train,cctv_rekam_layar,prefiks frame_* (rekam layar penampil CCTV),.png
frame_002100_png.rf.vG65ZqOzjl9RSkZybiRX.jpg,train,cctv_rekam_layar,prefiks frame_* (rekam layar penampil CCTV),.jpg
frame_002112_png.rf.v0FVOaFrC471R9voLb1k.png,train,cctv_rekam_layar,prefiks frame_* (rekam layar penampil CCTV),.png
frame_002115_png.rf.4PhPZh6wtBfmt7xACW5Z.png,train,cctv_rekam_layar,prefiks frame_* (rekam layar penampil CCTV),.png
frame_002115_png.rf.lJ0s8CgzGiw1tINTFGYU.png,train,cctv_rekam_layar,prefiks frame_* (rekam layar penampil CCTV),.png
frame_002120_png.rf.GB3WGmikyrHfFTzqvAGr.png,train,cctv_rekam_layar,prefiks frame_* (rekam layar penampil CCTV),.png
frame_002120_png.rf.RcDyEbfoyHis1pO7LpMr.jpg,train,cctv_rekam_layar,prefiks frame_* (rekam layar penampil CCTV),.jpg
frame_002120_png.rf.yc7NPIeHI7GPtl6Y1vJR.png,train,cctv_rekam_layar,prefiks frame_* (rekam layar penampil CCTV),.png
frame_002140_png.rf.ZaTQIfP9gbL7E2VBLqnm.png,train,cctv_rekam_layar,prefiks frame_* (rekam layar penampil CCTV),.png
frame_002140_png.rf.bkvykzwdaYnT549y9thj.jpg,train,cctv_rekam_layar,prefiks frame_* (rekam layar penampil CCTV),.jpg
frame_002147_png.rf.Dbx0Oon35Q5nPdpzHfzg.jpg,train,cctv_rekam_layar,prefiks frame_* (rekam layar penampil CCTV),.jpg
frame_002160_jpg.rf.KsCSnHuX9URJZlBXRlEN.jpg,train,cctv_rekam_layar,prefiks frame_* (rekam layar penampil CCTV),.jpg
frame_002160_jpg.rf.LuszPeSps4JiDF9zdP29.jpg,train,cctv_rekam_layar,prefiks frame_* (rekam layar penampil CCTV),.jpg
frame_002160_jpg.rf.M8f3syvywvXDgf6wheJ6.jpg,train,cctv_rekam_layar,prefiks frame_* (rekam layar penampil CCTV),.jpg
frame_002160_png.rf.4EOjh542bU8ZptOxc4gt.png,train,cctv_rekam_layar,prefiks frame_* (rekam layar penampil CCTV),.png
frame_002160_png.rf.JNUWTezLg8DwCoABWTbA.png,train,cctv_rekam_layar,prefiks frame_* (rekam layar penampil CCTV),.png
frame_002160_png.rf.O51IDSWeIbSxopbH5V9U.jpg,train,cctv_rekam_layar,prefiks frame_* (rekam layar penampil CCTV),.jpg
frame_002160_png.rf.Q602J0rNzg1WbvXPQbF3.png,train,cctv_rekam_layar,prefiks frame_* (rekam layar penampil CCTV),.png
frame_002160_png.rf.pTmT7gYKNw5HHE3jzB0R.png,train,cctv_rekam_layar,prefiks frame_* (rekam layar penampil CCTV),.png
frame_002160_png.rf.r4OgJ40C3IZR3v4nbr3P.png,train,cctv_rekam_layar,prefiks frame_* (rekam layar penampil CCTV),.png
frame_002160_png.rf.wigkZOIr6YvhsJvzJGY4.png,train,cctv_rekam_layar,prefiks frame_* (rekam layar penampil CCTV),.png
frame_002173_png.rf.PnyGxXm1Q9Pm3ubtecof.png,train,cctv_rekam_layar,prefiks frame_* (rekam layar penampil CCTV),.png
frame_002180_png.rf.fXZI6dnTsucMbesroc50.jpg,train,cctv_rekam_layar,prefiks frame_* (rekam layar penampil CCTV),.jpg
frame_002180_png.rf.qpnM0d4564iUoz7MaU2c.png,train,cctv_rekam_layar,prefiks frame_* (rekam layar penampil CCTV),.png
frame_002200_png.rf.WZEuxAAC4r0bKKIGfPSf.png,train,cctv_rekam_layar,prefiks frame_* (rekam layar penampil CCTV),.png
frame_002200_png.rf.tSoCNuhz5XGHgFpx7lOp.jpg,train,cctv_rekam_layar,prefiks frame_* (rekam layar penampil CCTV),.jpg
frame_002205_png.rf.1ncK8lualQvEvHMTLvZL.png,train,cctv_rekam_layar,prefiks frame_* (rekam layar penampil CCTV),.png
frame_002205_png.rf.pifXQvN27hYsgORdbrZU.png,train,cctv_rekam_layar,prefiks frame_* (rekam layar penampil CCTV),.png
frame_002220_png.rf.soGrpAqKE3OXV5nhZqaD.png,train,cctv_rekam_layar,prefiks frame_* (rekam layar penampil CCTV),.png
frame_002220_png.rf.stmLKpxT9EFIi1iEzEEr.jpg,train,cctv_rekam_layar,prefiks frame_* (rekam layar penampil CCTV),.jpg
frame_002226_png.rf.kxD8rdDirhpLI3ctYcYB.png,train,cctv_rekam_layar,prefiks frame_* (rekam layar penampil CCTV),.png
frame_002232_png.rf.RqYXgj9dOWdMS55VtvJE.png,train,cctv_rekam_layar,prefiks frame_* (rekam layar penampil CCTV),.png
frame_002240_png.rf.4DdjRNiKe7EFLfWEP16c.jpg,train,cctv_rekam_layar,prefiks frame_* (rekam layar penampil CCTV),.jpg
frame_002240_png.rf.8Vd0jmv9N4sABJ6tCpn8.png,train,cctv_rekam_layar,prefiks frame_* (rekam layar penampil CCTV),.png
frame_002250_png.rf.49GE8LgCbTJCUdKoEBhQ.png,train,cctv_rekam_layar,prefiks frame_* (rekam layar penampil CCTV),.png
frame_002250_png.rf.AM9EBmK5l9SDqGtMaxeB.png,train,cctv_rekam_layar,prefiks frame_* (rekam layar penampil CCTV),.png
frame_002254_png.rf.J3xRvbBdT98csep4hKKe.png,train,cctv_rekam_layar,prefiks frame_* (rekam layar penampil CCTV),.png
frame_002260_png.rf.C1K4NhmC2oetoOTCH8OE.png,train,cctv_rekam_layar,prefiks frame_* (rekam layar penampil CCTV),.png
frame_002260_png.rf.a5VkJCxCxQudH8GSP1aV.jpg,train,cctv_rekam_layar,prefiks frame_* (rekam layar penampil CCTV),.jpg
frame_002260_png.rf.jot9fhYJ2d3Fz2QlT2lk.jpg,train,cctv_rekam_layar,prefiks frame_* (rekam layar penampil CCTV),.jpg
frame_002268_jpg.rf.Fjx7beAZzkZfbi8cV6Dg.jpg,train,cctv_rekam_layar,prefiks frame_* (rekam layar penampil CCTV),.jpg
frame_002268_png.rf.vjGR8S8lapQ4KQOQUN2m.png,train,cctv_rekam_layar,prefiks frame_* (rekam layar penampil CCTV),.png
frame_002279_png.rf.gmx4eIQROaOnbaMajPHO.png,train,cctv_rekam_layar,prefiks frame_* (rekam layar penampil CCTV),.png
frame_002280_png.rf.6omGz25D3l5TusL9WGrH.png,train,cctv_rekam_layar,prefiks frame_* (rekam layar penampil CCTV),.png
frame_002280_png.rf.SmXBKZPi78F0NnozcRM7.png,train,cctv_rekam_layar,prefiks frame_* (rekam layar penampil CCTV),.png
frame_002280_png.rf.gKJ4kZrcPp7YSF2ZEJIt.jpg,train,cctv_rekam_layar,prefiks frame_* (rekam layar penampil CCTV),.jpg
frame_002288_png.rf.GqqsCdHQM5IIIgbJhtLS.png,train,cctv_rekam_layar,prefiks frame_* (rekam layar penampil CCTV),.png
frame_002295_png.rf.jSQeI7BM9TSay3WqQ4OW.png,train,cctv_rekam_layar,prefiks frame_* (rekam layar penampil CCTV),.png
frame_002295_png.rf.nWxhDKUCs1NsHeikVHm4.png,train,cctv_rekam_layar,prefiks frame_* (rekam layar penampil CCTV),.png
frame_002300_png.rf.TWDyWLomthpfNQnSmxTr.jpg,train,cctv_rekam_layar,prefiks frame_* (rekam layar penampil CCTV),.jpg
frame_002300_png.rf.up3mla7IQ8iteMrlvjO8.png,train,cctv_rekam_layar,prefiks frame_* (rekam layar penampil CCTV),.png
frame_002304_png.rf.fyhMdwV1AeLNod5tviGw.png,train,cctv_rekam_layar,prefiks frame_* (rekam layar penampil CCTV),.png
frame_002320_png.rf.TZZ3Byp9xpMFzNG5MKCU.png,train,cctv_rekam_layar,prefiks frame_* (rekam layar penampil CCTV),.png
frame_002320_png.rf.qQcrvaSnJRfyA6KgvZOr.jpg,train,cctv_rekam_layar,prefiks frame_* (rekam layar penampil CCTV),.jpg
frame_002332_png.rf.YSMj4MKjFTUyjESB2KmJ.png,train,cctv_rekam_layar,prefiks frame_* (rekam layar penampil CCTV),.png
frame_002340_jpg.rf.cInC42Njcvw2bWCGbvxI.jpg,train,cctv_rekam_layar,prefiks frame_* (rekam layar penampil CCTV),.jpg
frame_002340_jpg.rf.nrCkFBE2agK5aEBJG4I4.jpg,train,cctv_rekam_layar,prefiks frame_* (rekam layar penampil CCTV),.jpg
frame_002340_png.rf.6V1hk8WbOM21YQnQJWKY.png,train,cctv_rekam_layar,prefiks frame_* (rekam layar penampil CCTV),.png
frame_002340_png.rf.X5e5AclcEnHU73Zl5yqg.png,train,cctv_rekam_layar,prefiks frame_* (rekam layar penampil CCTV),.png
frame_002340_png.rf.guYe3IBPdRS15jrRo4hl.jpg,train,cctv_rekam_layar,prefiks frame_* (rekam layar penampil CCTV),.jpg
frame_002360_png.rf.xZz0maqiqcBzDFcCagRe.png,train,cctv_rekam_layar,prefiks frame_* (rekam layar penampil CCTV),.png
frame_002360_png.rf.yZJgrvpn0YEFd9ul0wec.jpg,train,cctv_rekam_layar,prefiks frame_* (rekam layar penampil CCTV),.jpg
frame_002373_png.rf.qR1VL8cnG8rKwuxRctHE.jpg,train,cctv_rekam_layar,prefiks frame_* (rekam layar penampil CCTV),.jpg
frame_002376_jpg.rf.ZojalZgpaOQoLsQSUfwQ.jpg,train,cctv_rekam_layar,prefiks frame_* (rekam layar penampil CCTV),.jpg
frame_002376_png.rf.eQi9yfbGSiOWXzRvw2Uw.png,train,cctv_rekam_layar,prefiks frame_* (rekam layar penampil CCTV),.png
frame_002376_png.rf.lRSPQEOJC0abd5qsyxme.png,train,cctv_rekam_layar,prefiks frame_* (rekam layar penampil CCTV),.png
frame_002380_png.rf.06blgmsJ63kLu1PYu8UK.png,train,cctv_rekam_layar,prefiks frame_* (rekam layar penampil CCTV),.png
frame_002380_png.rf.1GKiGagZBh7RSt6uKjT6.jpg,train,cctv_rekam_layar,prefiks frame_* (rekam layar penampil CCTV),.jpg
frame_002385_png.rf.L9soc1AkW7yx0CU33epM.png,train,cctv_rekam_layar,prefiks frame_* (rekam layar penampil CCTV),.png
frame_002385_png.rf.bGpt5HDSclGpnCrnaIBb.png,train,cctv_rekam_layar,prefiks frame_* (rekam layar penampil CCTV),.png
frame_002385_png.rf.zk5KXlrr8wJvvDtXXHCj.png,train,cctv_rekam_layar,prefiks frame_* (rekam layar penampil CCTV),.png
frame_002400_png.rf.By02DoW1wq6HifcYFUYV.jpg,train,cctv_rekam_layar,prefiks frame_* (rekam layar penampil CCTV),.jpg
frame_002400_png.rf.YP0k4SrvubBu56aiYQKn.png,train,cctv_rekam_layar,prefiks frame_* (rekam layar penampil CCTV),.png
frame_002400_png.rf.kjvGS9GaxqQtMHnAqoY0.png,train,cctv_rekam_layar,prefiks frame_* (rekam layar penampil CCTV),.png
frame_002415_png.rf.yi0hTTA6y0BLKUGPpuE3.png,train,cctv_rekam_layar,prefiks frame_* (rekam layar penampil CCTV),.png
frame_002420_png.rf.ReUGVKeBAX5cHGKuo5sm.jpg,train,cctv_rekam_layar,prefiks frame_* (rekam layar penampil CCTV),.jpg
frame_002420_png.rf.qmpmQFxcUDj4hoNhVGHs.png,train,cctv_rekam_layar,prefiks frame_* (rekam layar penampil CCTV),.png
frame_002430_png.rf.dCpslAs4tNuUIqcj3nVX.png,train,cctv_rekam_layar,prefiks frame_* (rekam layar penampil CCTV),.png
frame_002430_png.rf.mvZqni13t8Oex7F1cc4A.png,train,cctv_rekam_layar,prefiks frame_* (rekam layar penampil CCTV),.png
frame_002438_png.rf.LuKmYTbVtutc5lFd993E.png,train,cctv_rekam_layar,prefiks frame_* (rekam layar penampil CCTV),.png
frame_002440_png.rf.PCa34TIbF0PgOp1ldudQ.jpg,train,cctv_rekam_layar,prefiks frame_* (rekam layar penampil CCTV),.jpg
frame_002440_png.rf.ZSHigAYlw7MW1RtoeoOC.png,train,cctv_rekam_layar,prefiks frame_* (rekam layar penampil CCTV),.png
frame_002448_png.rf.lPBpO8BYLICcos3bshyF.png,train,cctv_rekam_layar,prefiks frame_* (rekam layar penampil CCTV),.png
frame_002451_png.rf.HwEfHY2Oh5EKj7dl09xq.png,train,cctv_rekam_layar,prefiks frame_* (rekam layar penampil CCTV),.png
frame_002460_png.rf.CnQmxRDy0QDUVPNFLh37.png,train,cctv_rekam_layar,prefiks frame_* (rekam layar penampil CCTV),.png
frame_002460_png.rf.xIXViAUqhnLPubIao2qU.jpg,train,cctv_rekam_layar,prefiks frame_* (rekam layar penampil CCTV),.jpg
frame_002464_png.rf.qFv90EqC7zpOhbCMbeXR.png,train,cctv_rekam_layar,prefiks frame_* (rekam layar penampil CCTV),.png
frame_002475_png.rf.Cjl1Pi9EazVtKBanRdA6.png,train,cctv_rekam_layar,prefiks frame_* (rekam layar penampil CCTV),.png
frame_002475_png.rf.nB1rqCRCXJwJNLOVXiGJ.png,train,cctv_rekam_layar,prefiks frame_* (rekam layar penampil CCTV),.png
frame_002480_png.rf.BPZBa3v5qdHw7Y5BWXDK.png,train,cctv_rekam_layar,prefiks frame_* (rekam layar penampil CCTV),.png
frame_002480_png.rf.icEk890HyfM3NaZfKvlZ.jpg,train,cctv_rekam_layar,prefiks frame_* (rekam layar penampil CCTV),.jpg
frame_002484_jpg.rf.C9cuI5E3MnTbHjG8mq4p.jpg,train,cctv_rekam_layar,prefiks frame_* (rekam layar penampil CCTV),.jpg
frame_002484_png.rf.PRhFAKuOqzDPA2WpRiCO.png,train,cctv_rekam_layar,prefiks frame_* (rekam layar penampil CCTV),.png
frame_002486_png.rf.HYcDfz7v7g300VEqGSED.jpg,train,cctv_rekam_layar,prefiks frame_* (rekam layar penampil CCTV),.jpg
frame_002491_png.rf.2EbTPmTmqg7U3hEIOaQK.png,train,cctv_rekam_layar,prefiks frame_* (rekam layar penampil CCTV),.png
frame_002500_png.rf.1hnLZ1YEjzPnkAhm4k7q.jpg,train,cctv_rekam_layar,prefiks frame_* (rekam layar penampil CCTV),.jpg
frame_002500_png.rf.oXUp7ev3uuO9EVFPn2RZ.png,train,cctv_rekam_layar,prefiks frame_* (rekam layar penampil CCTV),.png
frame_002508_png.rf.JjJxRgqILldP2Y5paA4v.png,train,cctv_rekam_layar,prefiks frame_* (rekam layar penampil CCTV),.png
frame_002520_jpg.rf.4n7NzJ5X3W0KhoxGpW8j.jpg,train,cctv_rekam_layar,prefiks frame_* (rekam layar penampil CCTV),.jpg
frame_002520_jpg.rf.QxKJEkURkIXMmHGrVGxY.jpg,train,cctv_rekam_layar,prefiks frame_* (rekam layar penampil CCTV),.jpg
frame_002520_png.rf.9FSnGoyfg3vRtxFjS4t8.png,train,cctv_rekam_layar,prefiks frame_* (rekam layar penampil CCTV),.png
frame_002520_png.rf.CbiAVaNzk85cy6LPreco.jpg,train,cctv_rekam_layar,prefiks frame_* (rekam layar penampil CCTV),.jpg
frame_002520_png.rf.RoRBGNzDgLH6oFYdgz8f.png,train,cctv_rekam_layar,prefiks frame_* (rekam layar penampil CCTV),.png
frame_002520_png.rf.TC74UkQLGRTiS868UpIA.png,train,cctv_rekam_layar,prefiks frame_* (rekam layar penampil CCTV),.png
frame_002520_png.rf.lwBOfYsqjPwjtM9ezEIp.png,train,cctv_rekam_layar,prefiks frame_* (rekam layar penampil CCTV),.png
frame_002520_png.rf.sEPt43zU38f3dLhHZaKi.png,train,cctv_rekam_layar,prefiks frame_* (rekam layar penampil CCTV),.png
frame_002540_png.rf.okvQn61GnwlKolkXvr82.png,train,cctv_rekam_layar,prefiks frame_* (rekam layar penampil CCTV),.png
frame_002540_png.rf.t4vKORvGC7NOk6WVlcnn.jpg,train,cctv_rekam_layar,prefiks frame_* (rekam layar penampil CCTV),.jpg
frame_002544_png.rf.TafvDIOKv7touJAgdus6.png,train,cctv_rekam_layar,prefiks frame_* (rekam layar penampil CCTV),.png
frame_002560_png.rf.RvaMocD0T1b9P0rF9HV4.png,train,cctv_rekam_layar,prefiks frame_* (rekam layar penampil CCTV),.png
frame_002560_png.rf.rwBJktDvlJYO1i3Q088l.jpg,train,cctv_rekam_layar,prefiks frame_* (rekam layar penampil CCTV),.jpg
frame_002565_png.rf.HRYO3TK6iUT5IqXuMKWS.png,train,cctv_rekam_layar,prefiks frame_* (rekam layar penampil CCTV),.png
frame_002565_png.rf.PQC1t2VdZ3dcq8kmHGxU.png,train,cctv_rekam_layar,prefiks frame_* (rekam layar penampil CCTV),.png
frame_002565_png.rf.c0kZdjppJ0iP7SliOot4.png,train,cctv_rekam_layar,prefiks frame_* (rekam layar penampil CCTV),.png
frame_002576_png.rf.SLMywDWwDaEHZvN0wxov.png,train,cctv_rekam_layar,prefiks frame_* (rekam layar penampil CCTV),.png
frame_002580_png.rf.5pfGOYMEgLbGpnIc30xI.jpg,train,cctv_rekam_layar,prefiks frame_* (rekam layar penampil CCTV),.jpg
frame_002580_png.rf.bemV6H9bWuQof1bTVa5s.png,train,cctv_rekam_layar,prefiks frame_* (rekam layar penampil CCTV),.png
frame_002592_jpg.rf.gK1yFSQ0AvRRmEy7DNhY.jpg,train,cctv_rekam_layar,prefiks frame_* (rekam layar penampil CCTV),.jpg
frame_002592_png.rf.6qGoezugVXDaGT2fK1Wn.png,train,cctv_rekam_layar,prefiks frame_* (rekam layar penampil CCTV),.png
frame_002592_png.rf.w8JqFxHXDd7yl9iRVeMZ.png,train,cctv_rekam_layar,prefiks frame_* (rekam layar penampil CCTV),.png
frame_002597_png.rf.VYvMCVptwBdS4dWBRFsa.png,train,cctv_rekam_layar,prefiks frame_* (rekam layar penampil CCTV),.png
frame_002599_png.rf.HIvSfRflM6KBfmzn6N1T.jpg,train,cctv_rekam_layar,prefiks frame_* (rekam layar penampil CCTV),.jpg
frame_002600_png.rf.NUhzcptAEx3dFxkGhTgM.jpg,train,cctv_rekam_layar,prefiks frame_* (rekam layar penampil CCTV),.jpg
frame_002600_png.rf.lJzvRDXQBpCCN1TQCJd0.png,train,cctv_rekam_layar,prefiks frame_* (rekam layar penampil CCTV),.png
frame_002610_png.rf.CruJtOa1WMzqcpQcL6Qb.png,train,cctv_rekam_layar,prefiks frame_* (rekam layar penampil CCTV),.png
frame_002610_png.rf.For4OTYfatsg5JZIg6kh.png,train,cctv_rekam_layar,prefiks frame_* (rekam layar penampil CCTV),.png
frame_002620_png.rf.50MHwE3tcvuhSj9fWLPN.jpg,train,cctv_rekam_layar,prefiks frame_* (rekam layar penampil CCTV),.jpg
frame_002620_png.rf.oPxTc2feYCS7AGLc7lV3.png,train,cctv_rekam_layar,prefiks frame_* (rekam layar penampil CCTV),.png
frame_002640_png.rf.3bgdjgf8oUUCnIdUUz3N.png,train,cctv_rekam_layar,prefiks frame_* (rekam layar penampil CCTV),.png
frame_002640_png.rf.D4INvuFJafGVFdna5v0a.png,train,cctv_rekam_layar,prefiks frame_* (rekam layar penampil CCTV),.png
frame_002640_png.rf.VEGNd1ljZUQLYpgu9GI9.jpg,train,cctv_rekam_layar,prefiks frame_* (rekam layar penampil CCTV),.jpg
frame_002640_png.rf.khdhYo2NUeio5EsoYDlr.png,train,cctv_rekam_layar,prefiks frame_* (rekam layar penampil CCTV),.png
frame_002650_png.rf.dH6Pal83e6DPUuoZ8qLs.png,train,cctv_rekam_layar,prefiks frame_* (rekam layar penampil CCTV),.png
frame_002655_png.rf.a80Z8uBleb0XPVSISHCO.png,train,cctv_rekam_layar,prefiks frame_* (rekam layar penampil CCTV),.png
frame_002655_png.rf.zxWLmBXqRFSUCLh2tLjL.png,train,cctv_rekam_layar,prefiks frame_* (rekam layar penampil CCTV),.png
frame_002660_png.rf.1OirET4a2UN48qJGw1Qo.png,train,cctv_rekam_layar,prefiks frame_* (rekam layar penampil CCTV),.png
frame_002660_png.rf.paVtjP3Gp2q2oFop7bUV.jpg,train,cctv_rekam_layar,prefiks frame_* (rekam layar penampil CCTV),.jpg
frame_002664_png.rf.FaDpUNPJ9hIrwLfdFVEy.png,train,cctv_rekam_layar,prefiks frame_* (rekam layar penampil CCTV),.png
frame_002680_png.rf.ClFIrm4rwS3pDeHCXQKx.png,train,cctv_rekam_layar,prefiks frame_* (rekam layar penampil CCTV),.png
frame_002680_png.rf.kysnn6rFx1TF96lVldJD.jpg,train,cctv_rekam_layar,prefiks frame_* (rekam layar penampil CCTV),.jpg
frame_002700_jpg.rf.W8WTKmMM83wo9VYx6NM5.jpg,train,cctv_rekam_layar,prefiks frame_* (rekam layar penampil CCTV),.jpg
frame_002700_jpg.rf.Yu9pIrCIXcsHcCJfdDwn.jpg,train,cctv_rekam_layar,prefiks frame_* (rekam layar penampil CCTV),.jpg
frame_002700_jpg.rf.zHoVFbfTCo2FfacElJ2k.jpg,train,cctv_rekam_layar,prefiks frame_* (rekam layar penampil CCTV),.jpg
frame_002700_png.rf.DJw8WGd8JvHL2TzQfjkf.jpg,train,cctv_rekam_layar,prefiks frame_* (rekam layar penampil CCTV),.jpg
frame_002700_png.rf.JykjJAjj1y7k9gS7uZM3.png,train,cctv_rekam_layar,prefiks frame_* (rekam layar penampil CCTV),.png
frame_002700_png.rf.kjkCJtDww9XV6VVOqDEO.png,train,cctv_rekam_layar,prefiks frame_* (rekam layar penampil CCTV),.png
frame_002700_png.rf.pxdW3ZPpW5s13LPwpjmz.png,train,cctv_rekam_layar,prefiks frame_* (rekam layar penampil CCTV),.png
frame_002700_png.rf.wXyopEEnNnRE5Zxk248t.png,train,cctv_rekam_layar,prefiks frame_* (rekam layar penampil CCTV),.png
frame_002712_png.rf.wIpaitxlwH1Znpp3vbN6.jpg,train,cctv_rekam_layar,prefiks frame_* (rekam layar penampil CCTV),.jpg
frame_002720_png.rf.N233QATNRXzR8uIj4vbR.jpg,train,cctv_rekam_layar,prefiks frame_* (rekam layar penampil CCTV),.jpg
frame_002720_png.rf.vqQ6sSLEXx38w8LKmftd.png,train,cctv_rekam_layar,prefiks frame_* (rekam layar penampil CCTV),.png
frame_002736_png.rf.FFP2Tl7wCchIKtg6ru3p.png,train,cctv_rekam_layar,prefiks frame_* (rekam layar penampil CCTV),.png
frame_002737_png.rf.14YKvGi52s19fHgcCPya.png,train,cctv_rekam_layar,prefiks frame_* (rekam layar penampil CCTV),.png
frame_002740_png.rf.RixzZRhWYOOOg90LcEi6.jpg,train,cctv_rekam_layar,prefiks frame_* (rekam layar penampil CCTV),.jpg
frame_002740_png.rf.t114PxVpTf9JIBZAz1yO.png,train,cctv_rekam_layar,prefiks frame_* (rekam layar penampil CCTV),.png
frame_002745_png.rf.Skx75dlU4qOPtJqRJiZF.png,train,cctv_rekam_layar,prefiks frame_* (rekam layar penampil CCTV),.png
frame_002745_png.rf.XWxhgW2f7FmQ6NZfuvQY.png,train,cctv_rekam_layar,prefiks frame_* (rekam layar penampil CCTV),.png
frame_002760_png.rf.m6moRa86fnMDFk49eGHm.png,train,cctv_rekam_layar,prefiks frame_* (rekam layar penampil CCTV),.png
frame_002760_png.rf.ryS2uA70hfJiY4ugfttf.png,train,cctv_rekam_layar,prefiks frame_* (rekam layar penampil CCTV),.png
frame_002780_png.rf.dphJEyERb20DmVPf7at1.png,train,cctv_rekam_layar,prefiks frame_* (rekam layar penampil CCTV),.png
frame_002790_png.rf.V9HUza70SwxyAtrkEB7M.png,train,cctv_rekam_layar,prefiks frame_* (rekam layar penampil CCTV),.png
frame_002790_png.rf.omBLQL40y499PfGvTDca.png,train,cctv_rekam_layar,prefiks frame_* (rekam layar penampil CCTV),.png
frame_002800_png.rf.GTkVxqwfFurcIBMvWyCr.png,train,cctv_rekam_layar,prefiks frame_* (rekam layar penampil CCTV),.png
frame_002808_jpg.rf.CcIwSyPybNpoJtKqP3aH.jpg,train,cctv_rekam_layar,prefiks frame_* (rekam layar penampil CCTV),.jpg
frame_002808_png.rf.WfgsD8XptR6h6seWpQtW.png,train,cctv_rekam_layar,prefiks frame_* (rekam layar penampil CCTV),.png
frame_002808_png.rf.gPn0ZinDROcf75PyMc39.png,train,cctv_rekam_layar,prefiks frame_* (rekam layar penampil CCTV),.png
frame_002816_png.rf.pg93lm06ETIZb1kUM1za.png,train,cctv_rekam_layar,prefiks frame_* (rekam layar penampil CCTV),.png
frame_002820_png.rf.6bcnsH7jgSn4WBYUzRc3.png,train,cctv_rekam_layar,prefiks frame_* (rekam layar penampil CCTV),.png
frame_002825_png.rf.u57BTTGRGEPq2ZblIByp.jpg,train,cctv_rekam_layar,prefiks frame_* (rekam layar penampil CCTV),.jpg
frame_002835_png.rf.HViu0QlA0f0ZpiCMd6tS.png,train,cctv_rekam_layar,prefiks frame_* (rekam layar penampil CCTV),.png
frame_002835_png.rf.fvc1CKA9YLL6Y9VYccKH.png,train,cctv_rekam_layar,prefiks frame_* (rekam layar penampil CCTV),.png
frame_002840_png.rf.LYmtrc8D57CL5MYrJUat.png,train,cctv_rekam_layar,prefiks frame_* (rekam layar penampil CCTV),.png
frame_002860_png.rf.9lOenTDgRxKWFSjPLBvI.png,train,cctv_rekam_layar,prefiks frame_* (rekam layar penampil CCTV),.png
frame_002880_jpg.rf.MQDaqJXo8u5zItYAe911.jpg,train,cctv_rekam_layar,prefiks frame_* (rekam layar penampil CCTV),.jpg
frame_002880_jpg.rf.km6ufqdSa3jJN4ai7j1y.jpg,train,cctv_rekam_layar,prefiks frame_* (rekam layar penampil CCTV),.jpg
frame_002880_png.rf.1RP7ZHWFxMNtnCiZgRQv.png,train,cctv_rekam_layar,prefiks frame_* (rekam layar penampil CCTV),.png
frame_002880_png.rf.Ji1E7U9DOOxPgzqdtGkA.png,train,cctv_rekam_layar,prefiks frame_* (rekam layar penampil CCTV),.png
frame_002880_png.rf.U7Oz8w7Ziu8Sd0jVvsIj.png,train,cctv_rekam_layar,prefiks frame_* (rekam layar penampil CCTV),.png
frame_002880_png.rf.u7agMVveF7ssYQvwJ62Q.png,train,cctv_rekam_layar,prefiks frame_* (rekam layar penampil CCTV),.png
frame_002880_png.rf.yo5Zt5T1RUfQHz0GtOOI.png,train,cctv_rekam_layar,prefiks frame_* (rekam layar penampil CCTV),.png
frame_002898_png.rf.ytmGAjapsg57a0rZWdaU.png,train,cctv_rekam_layar,prefiks frame_* (rekam layar penampil CCTV),.png
frame_002900_png.rf.iHZBtbtnttzZJtE2hxhY.png,train,cctv_rekam_layar,prefiks frame_* (rekam layar penampil CCTV),.png
frame_002916_jpg.rf.qJSknyXxi2aVs4HZ0ZIQ.jpg,train,cctv_rekam_layar,prefiks frame_* (rekam layar penampil CCTV),.jpg
frame_002916_png.rf.KsBHm1LUCxr5pTx8lNu4.png,train,cctv_rekam_layar,prefiks frame_* (rekam layar penampil CCTV),.png
frame_002920_png.rf.6ewS6aLbPTEz8bDbfYgx.png,train,cctv_rekam_layar,prefiks frame_* (rekam layar penampil CCTV),.png
frame_002925_png.rf.3JVVu2D9fCe3IGVAQYjG.png,train,cctv_rekam_layar,prefiks frame_* (rekam layar penampil CCTV),.png
frame_002925_png.rf.todY6ijhoYJRbb7cnCXF.png,train,cctv_rekam_layar,prefiks frame_* (rekam layar penampil CCTV),.png
frame_002938_png.rf.Le9DMI7F9ZB7M6AyihRY.jpg,train,cctv_rekam_layar,prefiks frame_* (rekam layar penampil CCTV),.jpg
frame_002940_png.rf.OILr0jXJ5SZxNQiEhlgS.png,train,cctv_rekam_layar,prefiks frame_* (rekam layar penampil CCTV),.png
frame_002952_png.rf.WZPddqzIDXOmH9iuR2GG.png,train,cctv_rekam_layar,prefiks frame_* (rekam layar penampil CCTV),.png
frame_002960_png.rf.t9vuMxpBrW4Xisol41dn.png,train,cctv_rekam_layar,prefiks frame_* (rekam layar penampil CCTV),.png
frame_002970_png.rf.7xQf2vFmCi7RzPfr5R2v.png,train,cctv_rekam_layar,prefiks frame_* (rekam layar penampil CCTV),.png
frame_002970_png.rf.HjZ7pPVIKbtLjxfDGBQp.png,train,cctv_rekam_layar,prefiks frame_* (rekam layar penampil CCTV),.png
frame_002980_png.rf.Y5UQc87M992PBx3NG2jN.png,train,cctv_rekam_layar,prefiks frame_* (rekam layar penampil CCTV),.png
frame_002992_png.rf.MDkBEJKm1mZ3BEKlz4Ce.png,train,cctv_rekam_layar,prefiks frame_* (rekam layar penampil CCTV),.png
frame_003000_png.rf.IJJbqkdVLiUuSsyJ9ZR0.png,train,cctv_rekam_layar,prefiks frame_* (rekam layar penampil CCTV),.png
frame_003000_png.rf.THxcMjnlhejsu1NgSbyT.png,train,cctv_rekam_layar,prefiks frame_* (rekam layar penampil CCTV),.png
frame_003015_png.rf.Xl3PhWVWmM8KO8nGNqbP.png,train,cctv_rekam_layar,prefiks frame_* (rekam layar penampil CCTV),.png
frame_003015_png.rf.cctRzayHu1ZkREpbF7PP.png,train,cctv_rekam_layar,prefiks frame_* (rekam layar penampil CCTV),.png
frame_003020_png.rf.k4twr8foWXlmX2IDk4II.png,train,cctv_rekam_layar,prefiks frame_* (rekam layar penampil CCTV),.png
frame_003024_jpg.rf.6bPwobBa2rlxreQJqvZp.jpg,train,cctv_rekam_layar,prefiks frame_* (rekam layar penampil CCTV),.jpg
frame_003024_png.rf.mDKSO4YngjkNZ1YN03QJ.png,train,cctv_rekam_layar,prefiks frame_* (rekam layar penampil CCTV),.png
frame_003024_png.rf.t0OBTwrbdJWmnwu7JiI1.png,train,cctv_rekam_layar,prefiks frame_* (rekam layar penampil CCTV),.png
frame_003040_png.rf.k1gPYydMiQSPeipa6nEJ.png,train,cctv_rekam_layar,prefiks frame_* (rekam layar penampil CCTV),.png
frame_003051_png.rf.40iuLD2bXycXFfl4emPo.jpg,train,cctv_rekam_layar,prefiks frame_* (rekam layar penampil CCTV),.jpg
frame_003059_png.rf.dvKBkUu4xZDjH0gYSZ9Y.png,train,cctv_rekam_layar,prefiks frame_* (rekam layar penampil CCTV),.png
frame_003060_jpg.rf.d6820sbMUtmvEX4QagQq.jpg,train,cctv_rekam_layar,prefiks frame_* (rekam layar penampil CCTV),.jpg
frame_003060_jpg.rf.qvarBDW1zXl6sUmhKeSq.jpg,train,cctv_rekam_layar,prefiks frame_* (rekam layar penampil CCTV),.jpg
frame_003060_png.rf.2GovTRPtYZ2B4TvblU32.png,train,cctv_rekam_layar,prefiks frame_* (rekam layar penampil CCTV),.png
frame_003060_png.rf.A2VkOn8Y3E8zjQXgNMeY.png,train,cctv_rekam_layar,prefiks frame_* (rekam layar penampil CCTV),.png
frame_003060_png.rf.t0FLiWPDQPPUJqs4lgPP.png,train,cctv_rekam_layar,prefiks frame_* (rekam layar penampil CCTV),.png
frame_003080_png.rf.dK19ItolZcKjlr4qGXCI.png,train,cctv_rekam_layar,prefiks frame_* (rekam layar penampil CCTV),.png
frame_003096_png.rf.Wt6PviaebXRLbQaLE6ey.png,train,cctv_rekam_layar,prefiks frame_* (rekam layar penampil CCTV),.png
frame_003100_png.rf.3zhUJWcN4oZYac7Feefw.png,train,cctv_rekam_layar,prefiks frame_* (rekam layar penampil CCTV),.png
frame_003105_png.rf.AdYiGGwm3oBKg5CfoUW9.png,train,cctv_rekam_layar,prefiks frame_* (rekam layar penampil CCTV),.png
frame_003105_png.rf.M7l59eVzWtv9pdfFOtkX.png,train,cctv_rekam_layar,prefiks frame_* (rekam layar penampil CCTV),.png
frame_003120_png.rf.61nKOFcUaqyay9119O9R.png,train,cctv_rekam_layar,prefiks frame_* (rekam layar penampil CCTV),.png
frame_003120_png.rf.laFmZan1HVHY04y7k5d2.png,train,cctv_rekam_layar,prefiks frame_* (rekam layar penampil CCTV),.png
frame_003132_jpg.rf.9r6MCgUmMlTD3t8BKb9S.jpg,train,cctv_rekam_layar,prefiks frame_* (rekam layar penampil CCTV),.jpg
frame_003132_png.rf.XFzgOaPNx7fWIubphm0j.png,train,cctv_rekam_layar,prefiks frame_* (rekam layar penampil CCTV),.png
frame_003140_png.rf.Vn4BkhUJqyoakfSwu81P.png,train,cctv_rekam_layar,prefiks frame_* (rekam layar penampil CCTV),.png
frame_003150_png.rf.cRNoMef52I0a0duOW8ai.png,train,cctv_rekam_layar,prefiks frame_* (rekam layar penampil CCTV),.png
frame_003160_png.rf.MU2cardpEvKt0rcNh8Sy.png,train,cctv_rekam_layar,prefiks frame_* (rekam layar penampil CCTV),.png
frame_003164_png.rf.Fj86TlOLGLOXEG32EcRX.jpg,train,cctv_rekam_layar,prefiks frame_* (rekam layar penampil CCTV),.jpg
frame_003168_png.rf.1qvp2DnGAorPv48ChN7W.png,train,cctv_rekam_layar,prefiks frame_* (rekam layar penampil CCTV),.png
frame_003168_png.rf.5CuUHk8RNRk2OMyIOyiD.png,train,cctv_rekam_layar,prefiks frame_* (rekam layar penampil CCTV),.png
frame_003180_png.rf.WACxW09QogDKiR1soqQs.png,train,cctv_rekam_layar,prefiks frame_* (rekam layar penampil CCTV),.png
frame_003195_png.rf.MX3g1aP0coMAPOPPnDqD.png,train,cctv_rekam_layar,prefiks frame_* (rekam layar penampil CCTV),.png
frame_003200_png.rf.MpK957h5663XtsUfL6HC.png,train,cctv_rekam_layar,prefiks frame_* (rekam layar penampil CCTV),.png
frame_003220_png.rf.IxbvMJ5MNJiEYhmuNWSP.png,train,cctv_rekam_layar,prefiks frame_* (rekam layar penampil CCTV),.png
frame_003220_png.rf.LGR6D9DnCcrKoeR87BYY.png,train,cctv_rekam_layar,prefiks frame_* (rekam layar penampil CCTV),.png
frame_003240_jpg.rf.EvBSmKLNYzkaZAjCZgKw.jpg,train,cctv_rekam_layar,prefiks frame_* (rekam layar penampil CCTV),.jpg
frame_003240_jpg.rf.MevVI8hBvHSi2FXUKB3U.jpg,train,cctv_rekam_layar,prefiks frame_* (rekam layar penampil CCTV),.jpg
frame_003240_jpg.rf.TLMo25ixkQqCh6QkbMI3.jpg,train,cctv_rekam_layar,prefiks frame_* (rekam layar penampil CCTV),.jpg
frame_003240_png.rf.Hz4upQ0644kkIpoxMQK0.png,train,cctv_rekam_layar,prefiks frame_* (rekam layar penampil CCTV),.png
frame_003240_png.rf.O3M9rRkaztieSH2ZrKZU.png,train,cctv_rekam_layar,prefiks frame_* (rekam layar penampil CCTV),.png
frame_003240_png.rf.g64WfoGnFQpLCFkGQNKB.png,train,cctv_rekam_layar,prefiks frame_* (rekam layar penampil CCTV),.png
frame_003240_png.rf.hfy63xA80aZuGNasO2hv.png,train,cctv_rekam_layar,prefiks frame_* (rekam layar penampil CCTV),.png
frame_003240_png.rf.ijZNAKRTmg2N9X6C3SGa.png,train,cctv_rekam_layar,prefiks frame_* (rekam layar penampil CCTV),.png
frame_003249_png.rf.JsvdAdTAEupy39zBztGN.png,train,cctv_rekam_layar,prefiks frame_* (rekam layar penampil CCTV),.png
frame_003260_png.rf.UmfUw5WWKbPw5z1tA0PI.png,train,cctv_rekam_layar,prefiks frame_* (rekam layar penampil CCTV),.png
frame_003277_png.rf.64J8UY0mzbjC9jCtqMVR.jpg,train,cctv_rekam_layar,prefiks frame_* (rekam layar penampil CCTV),.jpg
frame_003280_png.rf.0FpOM6mWRlLubUfLGkzC.png,train,cctv_rekam_layar,prefiks frame_* (rekam layar penampil CCTV),.png
frame_003285_png.rf.IGPfm6sNjm0oNGK8SY0y.png,train,cctv_rekam_layar,prefiks frame_* (rekam layar penampil CCTV),.png
frame_003285_png.rf.w7ntJSRJGHlTD2xqhGbI.png,train,cctv_rekam_layar,prefiks frame_* (rekam layar penampil CCTV),.png
frame_003300_png.rf.QOqGDXbnqSzjyWIGUfDH.png,train,cctv_rekam_layar,prefiks frame_* (rekam layar penampil CCTV),.png
frame_003312_png.rf.qhFCPgMiM5APVhPwqLPw.png,train,cctv_rekam_layar,prefiks frame_* (rekam layar penampil CCTV),.png
frame_003320_png.rf.jXDR5mfH130rE5k9tuBB.png,train,cctv_rekam_layar,prefiks frame_* (rekam layar penampil CCTV),.png
frame_003330_png.rf.UrXgKCeOe0rc2bxSPGTn.png,train,cctv_rekam_layar,prefiks frame_* (rekam layar penampil CCTV),.png
frame_003340_png.rf.jarBVbn2UjfLERcB4pJl.png,train,cctv_rekam_layar,prefiks frame_* (rekam layar penampil CCTV),.png
frame_003344_png.rf.JN3bSXDkd6KSXLueyFHO.png,train,cctv_rekam_layar,prefiks frame_* (rekam layar penampil CCTV),.png
frame_003348_jpg.rf.6HxPU5H5VTJtJEKU9RFb.jpg,train,cctv_rekam_layar,prefiks frame_* (rekam layar penampil CCTV),.jpg
frame_003348_png.rf.bmDhWHUPfJ8n7Nes2jtu.png,train,cctv_rekam_layar,prefiks frame_* (rekam layar penampil CCTV),.png
frame_003360_png.rf.LZiyAxi4vMHlgWRWjfT7.png,train,cctv_rekam_layar,prefiks frame_* (rekam layar penampil CCTV),.png
frame_003360_png.rf.kG0Oe2yy5rxaK53RtIeh.png,train,cctv_rekam_layar,prefiks frame_* (rekam layar penampil CCTV),.png
frame_003375_png.rf.jt2R6f79MEpl6ovERfhZ.png,train,cctv_rekam_layar,prefiks frame_* (rekam layar penampil CCTV),.png
frame_003380_png.rf.vNth7r93MVjVWVrvQC0j.png,train,cctv_rekam_layar,prefiks frame_* (rekam layar penampil CCTV),.png
frame_003381_png.rf.VE98AVKRYoTf5z87vBM0.png,train,cctv_rekam_layar,prefiks frame_* (rekam layar penampil CCTV),.png
frame_003384_png.rf.obRBO4ZPZsoimxhPiMGT.png,train,cctv_rekam_layar,prefiks frame_* (rekam layar penampil CCTV),.png
frame_003390_png.rf.1gIQIqnRXMx0nCUVH0SJ.jpg,train,cctv_rekam_layar,prefiks frame_* (rekam layar penampil CCTV),.jpg
frame_003400_png.rf.VTYS2y1r6KaU7NELjkBU.png,train,cctv_rekam_layar,prefiks frame_* (rekam layar penampil CCTV),.png
frame_003420_jpg.rf.ENsS1qvAPHAJFcCX4aOE.jpg,train,cctv_rekam_layar,prefiks frame_* (rekam layar penampil CCTV),.jpg
frame_003420_jpg.rf.oemiowiPyhJMq6idoAIG.jpg,train,cctv_rekam_layar,prefiks frame_* (rekam layar penampil CCTV),.jpg
frame_003420_png.rf.4PmzOaIDToaUSBKqXmxU.png,train,cctv_rekam_layar,prefiks frame_* (rekam layar penampil CCTV),.png
frame_003420_png.rf.Uh8ETgfGzyf60CEj371q.png,train,cctv_rekam_layar,prefiks frame_* (rekam layar penampil CCTV),.png
frame_003440_png.rf.8kkCnuVk0AUZRxCw8ijo.png,train,cctv_rekam_layar,prefiks frame_* (rekam layar penampil CCTV),.png
frame_003440_png.rf.MAgghv5Dv0hPYKmIJQU1.jpg,train,cctv_rekam_layar,prefiks frame_* (rekam layar penampil CCTV),.jpg
frame_003456_jpg.rf.VeT4c2FrfpM11t4UTT3Q.jpg,train,cctv_rekam_layar,prefiks frame_* (rekam layar penampil CCTV),.jpg
frame_003456_png.rf.6PGgYO0up3stA6CIkc5U.png,train,cctv_rekam_layar,prefiks frame_* (rekam layar penampil CCTV),.png
frame_003456_png.rf.uWEmcoJfzaCBpmZe5UgS.png,train,cctv_rekam_layar,prefiks frame_* (rekam layar penampil CCTV),.png
frame_003460_png.rf.VS9qTTbkehN6ixYhyztJ.jpg,train,cctv_rekam_layar,prefiks frame_* (rekam layar penampil CCTV),.jpg
frame_003460_png.rf.fHnoMJrtaUWvDnWg7A9B.png,train,cctv_rekam_layar,prefiks frame_* (rekam layar penampil CCTV),.png
frame_003465_png.rf.PrVVl8XChYxs3H6ucLYY.png,train,cctv_rekam_layar,prefiks frame_* (rekam layar penampil CCTV),.png
frame_003465_png.rf.ZT2mG4q4WREtd0bkP5BS.png,train,cctv_rekam_layar,prefiks frame_* (rekam layar penampil CCTV),.png
frame_003480_png.rf.2121OJsxLUrvO3wXKvzD.png,train,cctv_rekam_layar,prefiks frame_* (rekam layar penampil CCTV),.png
frame_003480_png.rf.bPEwIBRZCS3lx0jDijfC.png,train,cctv_rekam_layar,prefiks frame_* (rekam layar penampil CCTV),.png
frame_003480_png.rf.f3GtgfLxX3Lt72t1VLxf.jpg,train,cctv_rekam_layar,prefiks frame_* (rekam layar penampil CCTV),.jpg
frame_003500_png.rf.8he1PNmj5krCIubrRjzc.jpg,train,cctv_rekam_layar,prefiks frame_* (rekam layar penampil CCTV),.jpg
frame_003500_png.rf.iUbNf0GhlKFUXSt4Unfb.png,train,cctv_rekam_layar,prefiks frame_* (rekam layar penampil CCTV),.png
frame_003503_png.rf.FYbV7iHufmk2nZcxHttU.jpg,train,cctv_rekam_layar,prefiks frame_* (rekam layar penampil CCTV),.jpg
frame_003510_png.rf.IsVVqFAdGwpokOPLlqOO.png,train,cctv_rekam_layar,prefiks frame_* (rekam layar penampil CCTV),.png
frame_003510_png.rf.OIvvaC4mFkXAzSqfdzlA.png,train,cctv_rekam_layar,prefiks frame_* (rekam layar penampil CCTV),.png
frame_003520_png.rf.0D61tVPIimUsjhP7519d.jpg,train,cctv_rekam_layar,prefiks frame_* (rekam layar penampil CCTV),.jpg
frame_003520_png.rf.izRbfbSs60r6wTM1RlJd.png,train,cctv_rekam_layar,prefiks frame_* (rekam layar penampil CCTV),.png
frame_003520_png.rf.kQMtjcBzAPr4E8AB8B6x.png,train,cctv_rekam_layar,prefiks frame_* (rekam layar penampil CCTV),.png
frame_003528_png.rf.ppKgwYMNTTBC7qqsshK9.png,train,cctv_rekam_layar,prefiks frame_* (rekam layar penampil CCTV),.png
frame_003540_png.rf.7O7yVfIdRYVpuDbtFTxN.jpg,train,cctv_rekam_layar,prefiks frame_* (rekam layar penampil CCTV),.jpg
frame_003540_png.rf.aMXa4sF0UJRKjzpth1Ng.png,train,cctv_rekam_layar,prefiks frame_* (rekam layar penampil CCTV),.png
frame_003542_png.rf.Kc5gmgLEr6i8BMNyVofB.png,train,cctv_rekam_layar,prefiks frame_* (rekam layar penampil CCTV),.png
frame_003555_png.rf.84uLnjJUTswyVRoDz2en.png,train,cctv_rekam_layar,prefiks frame_* (rekam layar penampil CCTV),.png
frame_003555_png.rf.jk8Kjd5I9YuyFmeYFFAu.png,train,cctv_rekam_layar,prefiks frame_* (rekam layar penampil CCTV),.png
frame_003560_png.rf.O8YGhHZV5VIeGidg5UvT.png,train,cctv_rekam_layar,prefiks frame_* (rekam layar penampil CCTV),.png
frame_003560_png.rf.SeZRpD3RiH6wJZyMycwU.jpg,train,cctv_rekam_layar,prefiks frame_* (rekam layar penampil CCTV),.jpg
frame_003564_jpg.rf.k5UJCMNc2bggMVnTWTZz.jpg,train,cctv_rekam_layar,prefiks frame_* (rekam layar penampil CCTV),.jpg
frame_003564_png.rf.pDSKqEbxlUKmhwvPYUc3.png,train,cctv_rekam_layar,prefiks frame_* (rekam layar penampil CCTV),.png
frame_003580_png.rf.mT4IMqcUUjauQInGjCpj.jpg,train,cctv_rekam_layar,prefiks frame_* (rekam layar penampil CCTV),.jpg
frame_003580_png.rf.z2HyWzmv3Zi3kcdhkpZF.png,train,cctv_rekam_layar,prefiks frame_* (rekam layar penampil CCTV),.png
frame_003600_jpg.rf.VGa9Y2rguIk4fQrO0lz3.jpg,train,cctv_rekam_layar,prefiks frame_* (rekam layar penampil CCTV),.jpg
frame_003600_jpg.rf.ZAo0suWIpisDPhl2JK53.jpg,train,cctv_rekam_layar,prefiks frame_* (rekam layar penampil CCTV),.jpg
frame_003600_png.rf.8J3gRCvF6btWTDgLMcFw.png,train,cctv_rekam_layar,prefiks frame_* (rekam layar penampil CCTV),.png
frame_003600_png.rf.E8DhgGkGKYMGu5YZsSHD.png,train,cctv_rekam_layar,prefiks frame_* (rekam layar penampil CCTV),.png
frame_003600_png.rf.Rd6V8Mu87KUaL7JPZ2T5.png,train,cctv_rekam_layar,prefiks frame_* (rekam layar penampil CCTV),.png
frame_003600_png.rf.VxdIKYwjLTfjPLFlkeAR.jpg,train,cctv_rekam_layar,prefiks frame_* (rekam layar penampil CCTV),.jpg
frame_003600_png.rf.aAtoSWgQIwDfaq7dJjFa.png,train,cctv_rekam_layar,prefiks frame_* (rekam layar penampil CCTV),.png
frame_003616_png.rf.EgaNWM9KNEMdkjPqkn1l.jpg,train,cctv_rekam_layar,prefiks frame_* (rekam layar penampil CCTV),.jpg
frame_003620_png.rf.7Db5PlhngCVFniGOzvmp.jpg,train,cctv_rekam_layar,prefiks frame_* (rekam layar penampil CCTV),.jpg
frame_003620_png.rf.L0MrJl5LMt7772BPlg3d.png,train,cctv_rekam_layar,prefiks frame_* (rekam layar penampil CCTV),.png
frame_003640_png.rf.1Sz04pZSzKlaqXH5x3jG.jpg,train,cctv_rekam_layar,prefiks frame_* (rekam layar penampil CCTV),.jpg
frame_003640_png.rf.RHxbkh5dO9pJ9fnBvM1B.png,train,cctv_rekam_layar,prefiks frame_* (rekam layar penampil CCTV),.png
frame_003645_png.rf.6DOagWtG1Q6DtfjZS2F6.png,train,cctv_rekam_layar,prefiks frame_* (rekam layar penampil CCTV),.png
frame_003645_png.rf.KIPkW6boQpG1xNBSaNhd.png,train,cctv_rekam_layar,prefiks frame_* (rekam layar penampil CCTV),.png
frame_003660_png.rf.VTaLxtRpXWNey5X2ktY6.png,train,cctv_rekam_layar,prefiks frame_* (rekam layar penampil CCTV),.png
frame_003660_png.rf.a9xnMYPVorOIR0PGkn1L.jpg,train,cctv_rekam_layar,prefiks frame_* (rekam layar penampil CCTV),.jpg
frame_003672_jpg.rf.MJz46EECZLxxnXSX6WWn.jpg,train,cctv_rekam_layar,prefiks frame_* (rekam layar penampil CCTV),.jpg
frame_003672_png.rf.usaIlJKMIfzf9bod4KfK.png,train,cctv_rekam_layar,prefiks frame_* (rekam layar penampil CCTV),.png
frame_003680_png.rf.h9Ep53IiShNjVxaWfzPI.jpg,train,cctv_rekam_layar,prefiks frame_* (rekam layar penampil CCTV),.jpg
frame_003690_png.rf.LV9LplQ454uI0VDySQdF.png,train,cctv_rekam_layar,prefiks frame_* (rekam layar penampil CCTV),.png
frame_003690_png.rf.SPFfAmW7iQDVvV4z5byF.png,train,cctv_rekam_layar,prefiks frame_* (rekam layar penampil CCTV),.png
frame_003696_png.rf.qACPxNnQPlR9BCD5MkFz.png,train,cctv_rekam_layar,prefiks frame_* (rekam layar penampil CCTV),.png
frame_003700_png.rf.cP01ITG61J6x3COUnLnx.jpg,train,cctv_rekam_layar,prefiks frame_* (rekam layar penampil CCTV),.jpg
frame_003703_png.rf.JnPumZm1xSxYBgZpNEK7.png,train,cctv_rekam_layar,prefiks frame_* (rekam layar penampil CCTV),.png
frame_003720_png.rf.5Aj2mCAfP9VUB3t5xtDc.png,train,cctv_rekam_layar,prefiks frame_* (rekam layar penampil CCTV),.png
frame_003720_png.rf.WONGZ9uM9m8GmtqwRyf5.jpg,train,cctv_rekam_layar,prefiks frame_* (rekam layar penampil CCTV),.jpg
frame_003729_png.rf.fP1voy8k8RYh1O2lirn8.jpg,train,cctv_rekam_layar,prefiks frame_* (rekam layar penampil CCTV),.jpg
frame_003735_png.rf.EhFC5iC0MYCjn1FtDUxQ.png,train,cctv_rekam_layar,prefiks frame_* (rekam layar penampil CCTV),.png
frame_003735_png.rf.eYnWFXy9bUOuqfIsRQRb.png,train,cctv_rekam_layar,prefiks frame_* (rekam layar penampil CCTV),.png
frame_003740_png.rf.eihjUAtfihGH6FBRcTBS.jpg,train,cctv_rekam_layar,prefiks frame_* (rekam layar penampil CCTV),.jpg
frame_003760_png.rf.YDzlyW0rO9FSMuuWtKJs.jpg,train,cctv_rekam_layar,prefiks frame_* (rekam layar penampil CCTV),.jpg
frame_003780_jpg.rf.8WRKoJn6dxs9X2g31h08.jpg,train,cctv_rekam_layar,prefiks frame_* (rekam layar penampil CCTV),.jpg
frame_003780_jpg.rf.CELoXuAlaKEIKe5zDt9Y.jpg,train,cctv_rekam_layar,prefiks frame_* (rekam layar penampil CCTV),.jpg
frame_003780_jpg.rf.Wsg554Mq5XHx67uugEcV.jpg,train,cctv_rekam_layar,prefiks frame_* (rekam layar penampil CCTV),.jpg
frame_003780_png.rf.VFbPQkdtEDUn9PinV1Ew.png,train,cctv_rekam_layar,prefiks frame_* (rekam layar penampil CCTV),.png
frame_003780_png.rf.qJQleGPiT46oYK9vwwbT.png,train,cctv_rekam_layar,prefiks frame_* (rekam layar penampil CCTV),.png
frame_003780_png.rf.v5tzPFk2pDY5MlDP3csx.png,train,cctv_rekam_layar,prefiks frame_* (rekam layar penampil CCTV),.png
frame_003780_png.rf.vqwKP9gQEvvsH4f9sR7u.jpg,train,cctv_rekam_layar,prefiks frame_* (rekam layar penampil CCTV),.jpg
frame_003800_png.rf.yJDe0or5mfsnf9JxJoVH.jpg,train,cctv_rekam_layar,prefiks frame_* (rekam layar penampil CCTV),.jpg
frame_003820_png.rf.ZtxiYPou9dVVALC4O3Se.jpg,train,cctv_rekam_layar,prefiks frame_* (rekam layar penampil CCTV),.jpg
frame_003825_png.rf.aBkRd6hh8FApcahWdodV.png,train,cctv_rekam_layar,prefiks frame_* (rekam layar penampil CCTV),.png
frame_003825_png.rf.lerfS1UOiR2t5LebiJw0.png,train,cctv_rekam_layar,prefiks frame_* (rekam layar penampil CCTV),.png
frame_003840_png.rf.azNvnLfRo6TfLYSeNb22.jpg,train,cctv_rekam_layar,prefiks frame_* (rekam layar penampil CCTV),.jpg
frame_003840_png.rf.uD0s1rFTtuNBno5FvAZD.png,train,cctv_rekam_layar,prefiks frame_* (rekam layar penampil CCTV),.png
frame_003842_png.rf.DcqVnSrkhClYLfHWQl3V.jpg,train,cctv_rekam_layar,prefiks frame_* (rekam layar penampil CCTV),.jpg
frame_003860_png.rf.jg6Vd62QwVF0ZIbXZlg3.jpg,train,cctv_rekam_layar,prefiks frame_* (rekam layar penampil CCTV),.jpg
frame_003864_png.rf.Qdjqaxytmmfi4unEVJeN.png,train,cctv_rekam_layar,prefiks frame_* (rekam layar penampil CCTV),.png
frame_003870_png.rf.E7wC9NxUoFZLIC1eQZyP.png,train,cctv_rekam_layar,prefiks frame_* (rekam layar penampil CCTV),.png
frame_003870_png.rf.L1DyxFbUHEFneX16yfIP.png,train,cctv_rekam_layar,prefiks frame_* (rekam layar penampil CCTV),.png
frame_003872_png.rf.yt02fumFStbKuouBC0Uh.png,train,cctv_rekam_layar,prefiks frame_* (rekam layar penampil CCTV),.png
frame_003880_png.rf.joAhPbdPKeMDw7pQGkJ9.jpg,train,cctv_rekam_layar,prefiks frame_* (rekam layar penampil CCTV),.jpg
frame_003888_jpg.rf.noeBMaolUJwYW3HI3Uly.jpg,train,cctv_rekam_layar,prefiks frame_* (rekam layar penampil CCTV),.jpg
frame_003888_png.rf.LMl7D3CWT5UqVZFDtqhB.png,train,cctv_rekam_layar,prefiks frame_* (rekam layar penampil CCTV),.png
frame_003900_png.rf.6VuDNuLuQ8v9cT7X7vHl.jpg,train,cctv_rekam_layar,prefiks frame_* (rekam layar penampil CCTV),.jpg
frame_003915_png.rf.Zx1z00X7Py3vytdByO1M.png,train,cctv_rekam_layar,prefiks frame_* (rekam layar penampil CCTV),.png
frame_003915_png.rf.ot3apojzN7LFzwLRv7bg.png,train,cctv_rekam_layar,prefiks frame_* (rekam layar penampil CCTV),.png
frame_003920_png.rf.s2LdEup06xraE7PDJiPz.jpg,train,cctv_rekam_layar,prefiks frame_* (rekam layar penampil CCTV),.jpg
frame_003940_png.rf.Sl2M5os1EJr4Q9vy4ctm.jpg,train,cctv_rekam_layar,prefiks frame_* (rekam layar penampil CCTV),.jpg
frame_003955_png.rf.DvQB8vAT6ObCOLysQslp.jpg,train,cctv_rekam_layar,prefiks frame_* (rekam layar penampil CCTV),.jpg
frame_003960_jpg.rf.btxsuFlTDdb3L6SkVMJ6.jpg,train,cctv_rekam_layar,prefiks frame_* (rekam layar penampil CCTV),.jpg
frame_003960_jpg.rf.v1gV5qtfIsdAyw5pKMqd.jpg,train,cctv_rekam_layar,prefiks frame_* (rekam layar penampil CCTV),.jpg
frame_003960_png.rf.8Xae8tdTzYcN5H7cQwes.jpg,train,cctv_rekam_layar,prefiks frame_* (rekam layar penampil CCTV),.jpg
frame_003960_png.rf.NFUyoMh3Up6jS1VydhnE.png,train,cctv_rekam_layar,prefiks frame_* (rekam layar penampil CCTV),.png
frame_003960_png.rf.YVHEEnyoCRCrUDEH2Ynf.png,train,cctv_rekam_layar,prefiks frame_* (rekam layar penampil CCTV),.png
frame_003960_png.rf.yGjnc7PSPDebHcjA1d56.png,train,cctv_rekam_layar,prefiks frame_* (rekam layar penampil CCTV),.png
frame_003980_png.rf.phd0Vf4sbtGeNrQ7FInF.jpg,train,cctv_rekam_layar,prefiks frame_* (rekam layar penampil CCTV),.jpg
frame_003996_jpg.rf.08lSqzdIFJR2xJRoMNlD.jpg,train,cctv_rekam_layar,prefiks frame_* (rekam layar penampil CCTV),.jpg
frame_003996_png.rf.TKU87iKUm7jqMpLg2OXh.png,train,cctv_rekam_layar,prefiks frame_* (rekam layar penampil CCTV),.png
frame_003996_png.rf.WcwL5rG5hWerG847ARD9.png,train,cctv_rekam_layar,prefiks frame_* (rekam layar penampil CCTV),.png
frame_004000_png.rf.s5lhTHek9QG81sicD24i.png,train,cctv_rekam_layar,prefiks frame_* (rekam layar penampil CCTV),.png
frame_004000_png.rf.tGCqL7DAP1ecVL3O4WTm.jpg,train,cctv_rekam_layar,prefiks frame_* (rekam layar penampil CCTV),.jpg
frame_004005_png.rf.4SP43gTYfKSBkh59WUk0.png,train,cctv_rekam_layar,prefiks frame_* (rekam layar penampil CCTV),.png
frame_004020_png.rf.4EntBMYbmUyKHSo5yV7M.png,train,cctv_rekam_layar,prefiks frame_* (rekam layar penampil CCTV),.png
frame_004020_png.rf.O2i65q7N6Rz8HmuouO72.jpg,train,cctv_rekam_layar,prefiks frame_* (rekam layar penampil CCTV),.jpg
frame_004025_png.rf.zGrpMB3Yb3bDmfFjKvgJ.png,train,cctv_rekam_layar,prefiks frame_* (rekam layar penampil CCTV),.png
frame_004048_png.rf.e2Zs7egOv1pg6IeLeL86.png,train,cctv_rekam_layar,prefiks frame_* (rekam layar penampil CCTV),.png
frame_004050_png.rf.Dr175Zxwv8P7VttnS18r.png,train,cctv_rekam_layar,prefiks frame_* (rekam layar penampil CCTV),.png
frame_004068_png.rf.RpiI6PNsTIJqfgFiNPfI.jpg,train,cctv_rekam_layar,prefiks frame_* (rekam layar penampil CCTV),.jpg
frame_004080_png.rf.C3fXIwhz482F4ykQhotv.png,train,cctv_rekam_layar,prefiks frame_* (rekam layar penampil CCTV),.png
frame_004095_png.rf.NiuX3txgw90K2Ov5wuqD.png,train,cctv_rekam_layar,prefiks frame_* (rekam layar penampil CCTV),.png
frame_004095_png.rf.nMG2rzVtRCFPhXSMSRf1.png,train,cctv_rekam_layar,prefiks frame_* (rekam layar penampil CCTV),.png
frame_004104_jpg.rf.nxkrELpqlLvRDZZus53k.jpg,train,cctv_rekam_layar,prefiks frame_* (rekam layar penampil CCTV),.jpg
frame_004104_png.rf.ZHbG5C8eyBWYVFDywXdv.png,train,cctv_rekam_layar,prefiks frame_* (rekam layar penampil CCTV),.png
frame_004140_jpg.rf.3OxhobUxQUKv7pwpqExJ.jpg,train,cctv_rekam_layar,prefiks frame_* (rekam layar penampil CCTV),.jpg
frame_004140_jpg.rf.gGxJrFNScce3Vt7ODs0P.jpg,train,cctv_rekam_layar,prefiks frame_* (rekam layar penampil CCTV),.jpg
frame_004140_png.rf.NcWHIw02iGifl8CWZPqZ.png,train,cctv_rekam_layar,prefiks frame_* (rekam layar penampil CCTV),.png
frame_004140_png.rf.onBUDWZGmfJkSFiiZoUH.png,train,cctv_rekam_layar,prefiks frame_* (rekam layar penampil CCTV),.png
frame_004181_png.rf.xSrAPXyGSEeRqeHgZi8h.jpg,train,cctv_rekam_layar,prefiks frame_* (rekam layar penampil CCTV),.jpg
frame_004185_png.rf.ru4nvW9tdCUalEN6Y08R.png,train,cctv_rekam_layar,prefiks frame_* (rekam layar penampil CCTV),.png
frame_004186_png.rf.xvEdyax01koRTbkHVTSh.png,train,cctv_rekam_layar,prefiks frame_* (rekam layar penampil CCTV),.png
frame_004200_png.rf.w0DswxU5VEAbvgDqnk4N.png,train,cctv_rekam_layar,prefiks frame_* (rekam layar penampil CCTV),.png
frame_004212_jpg.rf.44a0QkcZixAbK5QbzwVW.jpg,train,cctv_rekam_layar,prefiks frame_* (rekam layar penampil CCTV),.jpg
frame_004212_png.rf.kKe4UOKrXVaUe3DWmXAF.png,train,cctv_rekam_layar,prefiks frame_* (rekam layar penampil CCTV),.png
frame_004224_png.rf.4aMNEaAi7rOYZ401R7c1.png,train,cctv_rekam_layar,prefiks frame_* (rekam layar penampil CCTV),.png
frame_004230_png.rf.xEpP1sDMsC4v86NAuRkL.png,train,cctv_rekam_layar,prefiks frame_* (rekam layar penampil CCTV),.png
frame_004275_png.rf.3ad7cvp4Bx6IQlnFn0xC.png,train,cctv_rekam_layar,prefiks frame_* (rekam layar penampil CCTV),.png
frame_004294_png.rf.fDIrdLUCpFEUOv7mrJjZ.jpg,train,cctv_rekam_layar,prefiks frame_* (rekam layar penampil CCTV),.jpg
frame_004320_jpg.rf.0BTYufDhwZWicmZFZNJP.jpg,train,cctv_rekam_layar,prefiks frame_* (rekam layar penampil CCTV),.jpg
frame_004320_jpg.rf.7UikAWEYdf3ai7TWeZdL.jpg,train,cctv_rekam_layar,prefiks frame_* (rekam layar penampil CCTV),.jpg
frame_004320_jpg.rf.AcZrQAqpa2fVuiLJIABa.jpg,train,cctv_rekam_layar,prefiks frame_* (rekam layar penampil CCTV),.jpg
frame_004320_png.rf.87HPCfQM0w1EXvpNpbYa.png,train,cctv_rekam_layar,prefiks frame_* (rekam layar penampil CCTV),.png
frame_004320_png.rf.MAt3jsxluc8UNdPTJHee.png,train,cctv_rekam_layar,prefiks frame_* (rekam layar penampil CCTV),.png
frame_004320_png.rf.yRsESZOCtaYixLOnQE7V.png,train,cctv_rekam_layar,prefiks frame_* (rekam layar penampil CCTV),.png
frame_004347_png.rf.SXxSZKRaWlvbuiaXaqK0.png,train,cctv_rekam_layar,prefiks frame_* (rekam layar penampil CCTV),.png
frame_004365_png.rf.cvO9vikWdSGx5RgNjsq6.png,train,cctv_rekam_layar,prefiks frame_* (rekam layar penampil CCTV),.png
frame_004400_png.rf.saB04kIEz7z2KcUia4q7.png,train,cctv_rekam_layar,prefiks frame_* (rekam layar penampil CCTV),.png
frame_004407_png.rf.AwZlSg40jXlL6GettCkF.jpg,train,cctv_rekam_layar,prefiks frame_* (rekam layar penampil CCTV),.jpg
frame_004410_png.rf.foM0ZN0ay09LOfi19grp.png,train,cctv_rekam_layar,prefiks frame_* (rekam layar penampil CCTV),.png
frame_004410_png.rf.xr2Ba4ChIAoYYxxmtvJa.png,train,cctv_rekam_layar,prefiks frame_* (rekam layar penampil CCTV),.png
frame_004428_jpg.rf.7FFHTbSEZzAmnTVtRuqm.jpg,train,cctv_rekam_layar,prefiks frame_* (rekam layar penampil CCTV),.jpg
frame_004428_png.rf.giSIBJcYiQPf6ac9tdgQ.png,train,cctv_rekam_layar,prefiks frame_* (rekam layar penampil CCTV),.png
frame_004440_png.rf.ihUkZTzEK3UVoFL0B1Bu.png,train,cctv_rekam_layar,prefiks frame_* (rekam layar penampil CCTV),.png
frame_004455_png.rf.d4vlHqUGKVM5b06788vm.png,train,cctv_rekam_layar,prefiks frame_* (rekam layar penampil CCTV),.png
frame_004500_jpg.rf.6cfsLSp4r5PEzKdmtMMO.jpg,train,cctv_rekam_layar,prefiks frame_* (rekam layar penampil CCTV),.jpg
frame_004500_jpg.rf.Dld5NlPsywtkDQBXbJdn.jpg,train,cctv_rekam_layar,prefiks frame_* (rekam layar penampil CCTV),.jpg
frame_004500_png.rf.hjUTsCkettIkH4mJznEF.png,train,cctv_rekam_layar,prefiks frame_* (rekam layar penampil CCTV),.png
frame_004500_png.rf.sxYPI8qXkHNGs2eVNsVT.png,train,cctv_rekam_layar,prefiks frame_* (rekam layar penampil CCTV),.png
frame_004520_png.rf.V8J74QJe64XXdC9BTeuV.jpg,train,cctv_rekam_layar,prefiks frame_* (rekam layar penampil CCTV),.jpg
frame_004520_png.rf.ZEttl6aqafs7vWJjCeA9.jpg,train,cctv_rekam_layar,prefiks frame_* (rekam layar penampil CCTV),.jpg
frame_004536_jpg.rf.Qv2klR8riQpXJdwKXXOQ.jpg,train,cctv_rekam_layar,prefiks frame_* (rekam layar penampil CCTV),.jpg
frame_004536_png.rf.Dw1uFi876RW5EiudH8uV.png,train,cctv_rekam_layar,prefiks frame_* (rekam layar penampil CCTV),.png
frame_004540_png.rf.Z6i2tTCenpsGZscTBz7W.jpg,train,cctv_rekam_layar,prefiks frame_* (rekam layar penampil CCTV),.jpg
frame_004560_png.rf.ESH59l24Np51n8Oaa4aG.png,train,cctv_rekam_layar,prefiks frame_* (rekam layar penampil CCTV),.png
frame_004560_png.rf.cyDKSMMfnUutTSR1qYkD.jpg,train,cctv_rekam_layar,prefiks frame_* (rekam layar penampil CCTV),.jpg
frame_004576_png.rf.JiMcgQmQ1PgKmtInAlJN.png,train,cctv_rekam_layar,prefiks frame_* (rekam layar penampil CCTV),.png
frame_004580_png.rf.MuitydFyXfpkvP2oK2pN.jpg,train,cctv_rekam_layar,prefiks frame_* (rekam layar penampil CCTV),.jpg
frame_004633_png.rf.kBnwMz5guQiPnZLhgLV2.jpg,train,cctv_rekam_layar,prefiks frame_* (rekam layar penampil CCTV),.jpg
frame_004644_jpg.rf.D70Ntq8naCRLXKyLkFWI.jpg,train,cctv_rekam_layar,prefiks frame_* (rekam layar penampil CCTV),.jpg
frame_004644_png.rf.6iCwiv8yln0ZQpBflI0g.png,train,cctv_rekam_layar,prefiks frame_* (rekam layar penampil CCTV),.png
frame_004680_jpg.rf.5OGn0HNdkFURpNy7Nk39.jpg,train,cctv_rekam_layar,prefiks frame_* (rekam layar penampil CCTV),.jpg
frame_004680_jpg.rf.aGxqEy7wxLp9VYXfTJk1.jpg,train,cctv_rekam_layar,prefiks frame_* (rekam layar penampil CCTV),.jpg
frame_004680_png.rf.US1nKVgu0Sq4QDiQMnmm.png,train,cctv_rekam_layar,prefiks frame_* (rekam layar penampil CCTV),.png
frame_004746_png.rf.6jhprroeSgkIuY4steSi.jpg,train,cctv_rekam_layar,prefiks frame_* (rekam layar penampil CCTV),.jpg
frame_004752_jpg.rf.QeD9hICr5W12Ejc2BdiQ.jpg,train,cctv_rekam_layar,prefiks frame_* (rekam layar penampil CCTV),.jpg
frame_004752_png.rf.0ruF34p7ltQqKi0h7T7a.png,train,cctv_rekam_layar,prefiks frame_* (rekam layar penampil CCTV),.png
frame_004752_png.rf.uCxrWUJ6WtxJSD59CpwJ.png,train,cctv_rekam_layar,prefiks frame_* (rekam layar penampil CCTV),.png
frame_004800_png.rf.66fLaLHrzWTKkRkityyN.png,train,cctv_rekam_layar,prefiks frame_* (rekam layar penampil CCTV),.png
frame_004830_png.rf.DPzg28DO7xmbNjeowEgJ.png,train,cctv_rekam_layar,prefiks frame_* (rekam layar penampil CCTV),.png
frame_004859_png.rf.j8LjAIh6oiVffg0CISpY.jpg,train,cctv_rekam_layar,prefiks frame_* (rekam layar penampil CCTV),.jpg
frame_004860_jpg.rf.61kuU75kKTtKWuQhtdR7.jpg,train,cctv_rekam_layar,prefiks frame_* (rekam layar penampil CCTV),.jpg
frame_004860_jpg.rf.ptvCgOph4KLsHXq2ujWf.jpg,train,cctv_rekam_layar,prefiks frame_* (rekam layar penampil CCTV),.jpg
frame_004860_jpg.rf.x6OESBq4CAo52guUBwLc.jpg,train,cctv_rekam_layar,prefiks frame_* (rekam layar penampil CCTV),.jpg
frame_004860_png.rf.dHd4ul2YcfNExeByaUPI.png,train,cctv_rekam_layar,prefiks frame_* (rekam layar penampil CCTV),.png
frame_004920_png.rf.JxAOyL88BL1PqlNkQTfM.png,train,cctv_rekam_layar,prefiks frame_* (rekam layar penampil CCTV),.png
frame_004920_png.rf.kUH0bM87DhRB2sj42Pst.jpg,train,cctv_rekam_layar,prefiks frame_* (rekam layar penampil CCTV),.jpg
frame_004928_png.rf.WCElYGu6Sqz1hHNhYrEb.png,train,cctv_rekam_layar,prefiks frame_* (rekam layar penampil CCTV),.png
frame_004940_png.rf.Qs570Hij5yNzQPaUDZSM.jpg,train,cctv_rekam_layar,prefiks frame_* (rekam layar penampil CCTV),.jpg
frame_004960_png.rf.uioWJB7YYdkZnyT8T6uJ.jpg,train,cctv_rekam_layar,prefiks frame_* (rekam layar penampil CCTV),.jpg
frame_004968_jpg.rf.1EW1k07Ug0WKMdBQLY34.jpg,train,cctv_rekam_layar,prefiks frame_* (rekam layar penampil CCTV),.jpg
frame_004968_png.rf.za8gPNsaPkOD9ZNmWjtk.png,train,cctv_rekam_layar,prefiks frame_* (rekam layar penampil CCTV),.png
frame_004972_png.rf.32ATNz5RKFRsh59arerL.jpg,train,cctv_rekam_layar,prefiks frame_* (rekam layar penampil CCTV),.jpg
frame_004980_png.rf.5wdI0N1WMZph6OgOXYrQ.jpg,train,cctv_rekam_layar,prefiks frame_* (rekam layar penampil CCTV),.jpg
frame_004991_png.rf.hhRcZgpWv3j0eFLZcT81.png,train,cctv_rekam_layar,prefiks frame_* (rekam layar penampil CCTV),.png
frame_005000_png.rf.1wtix8NJwMNCtQAeSFKr.jpg,train,cctv_rekam_layar,prefiks frame_* (rekam layar penampil CCTV),.jpg
frame_005040_jpg.rf.9Ct8f8Si2ya5gRksdIow.jpg,train,cctv_rekam_layar,prefiks frame_* (rekam layar penampil CCTV),.jpg
frame_005040_jpg.rf.nykpeB8txPDSbSqCBTwy.jpg,train,cctv_rekam_layar,prefiks frame_* (rekam layar penampil CCTV),.jpg
frame_005040_png.rf.Q57y3QA5WloGHSBrMizJ.png,train,cctv_rekam_layar,prefiks frame_* (rekam layar penampil CCTV),.png
frame_005060_png.rf.HnFkOBx9Jn4ldoIcyaRu.png,train,cctv_rekam_layar,prefiks frame_* (rekam layar penampil CCTV),.png
frame_005076_jpg.rf.l01hNcOWvvsAuvveic9C.jpg,train,cctv_rekam_layar,prefiks frame_* (rekam layar penampil CCTV),.jpg
frame_005076_png.rf.fjYoB2VhxCQ7AxoIdiaj.png,train,cctv_rekam_layar,prefiks frame_* (rekam layar penampil CCTV),.png
frame_005080_png.rf.knUKTuSExVmBP3iP1HDr.png,train,cctv_rekam_layar,prefiks frame_* (rekam layar penampil CCTV),.png
frame_005085_png.rf.JcD5xc3eew8SDeuPCBdI.jpg,train,cctv_rekam_layar,prefiks frame_* (rekam layar penampil CCTV),.jpg
frame_005100_png.rf.x8zlzGPtJeFyU9XMLV3o.png,train,cctv_rekam_layar,prefiks frame_* (rekam layar penampil CCTV),.png
frame_005104_png.rf.UUyoDnMAHRNjBCOM2wGa.png,train,cctv_rekam_layar,prefiks frame_* (rekam layar penampil CCTV),.png
frame_005152_png.rf.dh7OXcXIOoAEF2fwDzwY.png,train,cctv_rekam_layar,prefiks frame_* (rekam layar penampil CCTV),.png
frame_005160_png.rf.5FrejsOWjrLwQS5b6SHh.png,train,cctv_rekam_layar,prefiks frame_* (rekam layar penampil CCTV),.png
frame_005160_png.rf.PVtXPg4G61K3VBV0joMo.png,train,cctv_rekam_layar,prefiks frame_* (rekam layar penampil CCTV),.png
frame_005180_png.rf.o8FQNsQ9FNJqwK5dWQHY.png,train,cctv_rekam_layar,prefiks frame_* (rekam layar penampil CCTV),.png
frame_005184_jpg.rf.Ox0Or838W5dIVtr3dQxe.jpg,train,cctv_rekam_layar,prefiks frame_* (rekam layar penampil CCTV),.jpg
frame_005184_png.rf.ys2OdNgqBKUYXlyJXWxf.png,train,cctv_rekam_layar,prefiks frame_* (rekam layar penampil CCTV),.png
frame_005198_png.rf.gJhWsA1QRud40PvSHEh0.jpg,train,cctv_rekam_layar,prefiks frame_* (rekam layar penampil CCTV),.jpg
frame_005200_png.rf.H1t5nVhYnAK4nC2nxuPC.png,train,cctv_rekam_layar,prefiks frame_* (rekam layar penampil CCTV),.png
frame_005220_jpg.rf.Eh46KqCqO2JCbqzS3apu.jpg,train,cctv_rekam_layar,prefiks frame_* (rekam layar penampil CCTV),.jpg
frame_005220_jpg.rf.pwGK2T9ba8jBrMUld7V1.jpg,train,cctv_rekam_layar,prefiks frame_* (rekam layar penampil CCTV),.jpg
frame_005220_png.rf.JkNZYslcfbnvXfIwsX9r.png,train,cctv_rekam_layar,prefiks frame_* (rekam layar penampil CCTV),.png
frame_005240_png.rf.kwd7glSIN6VPzninEFoj.png,train,cctv_rekam_layar,prefiks frame_* (rekam layar penampil CCTV),.png
frame_005260_png.rf.Bh188hAff3UQtzmq2j31.png,train,cctv_rekam_layar,prefiks frame_* (rekam layar penampil CCTV),.png
frame_005280_png.rf.WKbsSwU5KIaW6AE4R1Fp.png,train,cctv_rekam_layar,prefiks frame_* (rekam layar penampil CCTV),.png
frame_005280_png.rf.a2ssDjTa7X2e2GNakDUK.png,train,cctv_rekam_layar,prefiks frame_* (rekam layar penampil CCTV),.png
frame_005280_png.rf.jZ1dHx75SsJrdmRKDu1D.png,train,cctv_rekam_layar,prefiks frame_* (rekam layar penampil CCTV),.png
frame_005292_jpg.rf.45ILSvX67Zmn5sYiFMNY.jpg,train,cctv_rekam_layar,prefiks frame_* (rekam layar penampil CCTV),.jpg
frame_005292_png.rf.UQXQ2KUAmfpYS4HXCsjC.png,train,cctv_rekam_layar,prefiks frame_* (rekam layar penampil CCTV),.png
frame_005300_png.rf.wAVkVfA0e5s5Oe0XGKRD.png,train,cctv_rekam_layar,prefiks frame_* (rekam layar penampil CCTV),.png
frame_005311_png.rf.7wCGP33H2cu5OQ9wwH9G.jpg,train,cctv_rekam_layar,prefiks frame_* (rekam layar penampil CCTV),.jpg
frame_005313_png.rf.g5t98cDvAmj8a3KXz0MF.png,train,cctv_rekam_layar,prefiks frame_* (rekam layar penampil CCTV),.png
frame_005320_png.rf.XQyl8TsLJOzzxWF65i69.png,train,cctv_rekam_layar,prefiks frame_* (rekam layar penampil CCTV),.png
frame_005340_png.rf.MSLOTnEu4Oc678Z33r8X.png,train,cctv_rekam_layar,prefiks frame_* (rekam layar penampil CCTV),.png
frame_005360_png.rf.qrtc6JIpikBiJ9SJSApX.png,train,cctv_rekam_layar,prefiks frame_* (rekam layar penampil CCTV),.png
frame_005380_png.rf.AR7uwk5WAS69T2NkwIz9.png,train,cctv_rekam_layar,prefiks frame_* (rekam layar penampil CCTV),.png
frame_005400_jpg.rf.Pv2dXLUvtdbQYoaSqIsa.jpg,train,cctv_rekam_layar,prefiks frame_* (rekam layar penampil CCTV),.jpg
frame_005400_jpg.rf.heJXmJQfhYTtf2RjW1Zk.jpg,train,cctv_rekam_layar,prefiks frame_* (rekam layar penampil CCTV),.jpg
frame_005400_jpg.rf.qRQKcCnZFdJTJgf68jOG.jpg,train,cctv_rekam_layar,prefiks frame_* (rekam layar penampil CCTV),.jpg
frame_005400_png.rf.ScfTtPnVVhfSeWaYC1Ex.png,train,cctv_rekam_layar,prefiks frame_* (rekam layar penampil CCTV),.png
frame_005400_png.rf.dr54YaOqQKAVZE0w58X3.png,train,cctv_rekam_layar,prefiks frame_* (rekam layar penampil CCTV),.png
frame_005400_png.rf.qPcoGnoGUjFQaQLXaq1f.png,train,cctv_rekam_layar,prefiks frame_* (rekam layar penampil CCTV),.png
frame_005420_png.rf.cbXKPBFMq2eNPuKKGpzJ.png,train,cctv_rekam_layar,prefiks frame_* (rekam layar penampil CCTV),.png
frame_005424_png.rf.CsZH1IOzrEA2a14CWRrX.jpg,train,cctv_rekam_layar,prefiks frame_* (rekam layar penampil CCTV),.jpg
frame_005440_png.rf.BFiVL9WTVWeL4goGj8Ta.png,train,cctv_rekam_layar,prefiks frame_* (rekam layar penampil CCTV),.png
frame_005456_png.rf.Rt2mFTqeOfDmOnILhSIv.png,train,cctv_rekam_layar,prefiks frame_* (rekam layar penampil CCTV),.png
frame_005474_png.rf.UsxQaNfDpI8wQSe4EjkH.png,train,cctv_rekam_layar,prefiks frame_* (rekam layar penampil CCTV),.png
frame_005520_png.rf.KttWRcr9FkxTtzTJ2N8j.png,train,cctv_rekam_layar,prefiks frame_* (rekam layar penampil CCTV),.png
frame_005537_png.rf.3McRJ8xfhnqMuvAIflpp.jpg,train,cctv_rekam_layar,prefiks frame_* (rekam layar penampil CCTV),.jpg
frame_005580_jpg.rf.KsDPyWbGjDCAdKb3ybDs.jpg,train,cctv_rekam_layar,prefiks frame_* (rekam layar penampil CCTV),.jpg
frame_005580_jpg.rf.vYvTvX6PmzZdC7ecjq5A.jpg,train,cctv_rekam_layar,prefiks frame_* (rekam layar penampil CCTV),.jpg
frame_005632_png.rf.MPqiUD85v9z4GEFGAO2L.png,train,cctv_rekam_layar,prefiks frame_* (rekam layar penampil CCTV),.png
frame_005635_png.rf.cuhUgOOmI4oX1HYilrCy.png,train,cctv_rekam_layar,prefiks frame_* (rekam layar penampil CCTV),.png
frame_005640_png.rf.MJj7b0t0BS9QPWgtutAh.png,train,cctv_rekam_layar,prefiks frame_* (rekam layar penampil CCTV),.png
frame_005650_png.rf.vuOFiAViM1seeghlkTHo.jpg,train,cctv_rekam_layar,prefiks frame_* (rekam layar penampil CCTV),.jpg
frame_005760_jpg.rf.c5QEWAQgs9kRAoXZKbCL.jpg,train,cctv_rekam_layar,prefiks frame_* (rekam layar penampil CCTV),.jpg
frame_005760_jpg.rf.phdlIqceGGzgLfKBeafz.jpg,train,cctv_rekam_layar,prefiks frame_* (rekam layar penampil CCTV),.jpg
frame_005760_png.rf.HysuEDVNVSxv49nseNBl.png,train,cctv_rekam_layar,prefiks frame_* (rekam layar penampil CCTV),.png
frame_005796_png.rf.eXPBbhoXsltQxtWLkYwz.png,train,cctv_rekam_layar,prefiks frame_* (rekam layar penampil CCTV),.png
frame_005808_png.rf.yyW63htFTjnHPNddyFy3.png,train,cctv_rekam_layar,prefiks frame_* (rekam layar penampil CCTV),.png
frame_005880_png.rf.OTuG2teCFI2hKhz5DWI6.png,train,cctv_rekam_layar,prefiks frame_* (rekam layar penampil CCTV),.png
frame_005940_jpg.rf.N5ILd3LtnInqjx8Maltu.jpg,train,cctv_rekam_layar,prefiks frame_* (rekam layar penampil CCTV),.jpg
frame_005940_jpg.rf.rf8Tjj0DBfjOXw2FCDYG.jpg,train,cctv_rekam_layar,prefiks frame_* (rekam layar penampil CCTV),.jpg
frame_005957_png.rf.0HUIvz6rnqa2nJUcLYnJ.png,train,cctv_rekam_layar,prefiks frame_* (rekam layar penampil CCTV),.png
frame_005984_png.rf.O99IhvaUQfEJ73aAKTUC.png,train,cctv_rekam_layar,prefiks frame_* (rekam layar penampil CCTV),.png
frame_006000_png.rf.vcy2vYG5U7h28qC3tGJH.png,train,cctv_rekam_layar,prefiks frame_* (rekam layar penampil CCTV),.png
frame_006118_png.rf.Bm0IKgwaO1JA1LXlGcw6.png,train,cctv_rekam_layar,prefiks frame_* (rekam layar penampil CCTV),.png
frame_006120_jpg.rf.LCUBc2h80cja66L5oflB.jpg,train,cctv_rekam_layar,prefiks frame_* (rekam layar penampil CCTV),.jpg
frame_006120_jpg.rf.QZ6qnhcYpyrFdxdcPfcx.jpg,train,cctv_rekam_layar,prefiks frame_* (rekam layar penampil CCTV),.jpg
frame_006160_png.rf.hU9ARzxvPXvXtjyWwrVA.png,train,cctv_rekam_layar,prefiks frame_* (rekam layar penampil CCTV),.png
frame_006279_png.rf.3DAf1bI46xV0klL3L9ww.png,train,cctv_rekam_layar,prefiks frame_* (rekam layar penampil CCTV),.png
frame_006300_jpg.rf.9kevBVlqNZmjOjMomWDo.jpg,train,cctv_rekam_layar,prefiks frame_* (rekam layar penampil CCTV),.jpg
frame_006300_jpg.rf.oSQmfF4BUhgbRPOONwhx.jpg,train,cctv_rekam_layar,prefiks frame_* (rekam layar penampil CCTV),.jpg
frame_006336_png.rf.GxRMXb3BcTH7XcunH0hi.png,train,cctv_rekam_layar,prefiks frame_* (rekam layar penampil CCTV),.png
frame_006440_png.rf.NlFNZ2fNvhrwCpFSUuDw.png,train,cctv_rekam_layar,prefiks frame_* (rekam layar penampil CCTV),.png
frame_006480_jpg.rf.c2hUJxb3umDQRhwq0iHq.jpg,train,cctv_rekam_layar,prefiks frame_* (rekam layar penampil CCTV),.jpg
frame_006480_jpg.rf.x9OhgTfymiJaeY7pEmUE.jpg,train,cctv_rekam_layar,prefiks frame_* (rekam layar penampil CCTV),.jpg
frame_006512_png.rf.bCRSZeEwlKCmrPtarNmu.png,train,cctv_rekam_layar,prefiks frame_* (rekam layar penampil CCTV),.png
frame_006601_png.rf.V5S4CKHZU1AYJXoTxnWI.png,train,cctv_rekam_layar,prefiks frame_* (rekam layar penampil CCTV),.png
frame_006660_jpg.rf.JE376A1ZOA76K6yU26tX.jpg,train,cctv_rekam_layar,prefiks frame_* (rekam layar penampil CCTV),.jpg
frame_006660_jpg.rf.gLf8ZmjEK2o825IpMZrO.jpg,train,cctv_rekam_layar,prefiks frame_* (rekam layar penampil CCTV),.jpg
frame_006688_png.rf.fKVEPkGNezRECCORt3KV.png,train,cctv_rekam_layar,prefiks frame_* (rekam layar penampil CCTV),.png
frame_006762_png.rf.v137g8blDf2poW95l8ey.png,train,cctv_rekam_layar,prefiks frame_* (rekam layar penampil CCTV),.png
frame_006840_jpg.rf.YxSNfl09AleTbZwCcCQO.jpg,train,cctv_rekam_layar,prefiks frame_* (rekam layar penampil CCTV),.jpg
frame_006840_jpg.rf.jv3wOtq5Q1zuC29IlBgK.jpg,train,cctv_rekam_layar,prefiks frame_* (rekam layar penampil CCTV),.jpg
frame_006864_png.rf.z6PkRbmvvIFrCWstKq6T.png,train,cctv_rekam_layar,prefiks frame_* (rekam layar penampil CCTV),.png
frame_006923_png.rf.SVpYJspnqYMAo2Q3jyjX.png,train,cctv_rekam_layar,prefiks frame_* (rekam layar penampil CCTV),.png
frame_007020_jpg.rf.IQBGoxfmGODKYH3vi2Hw.jpg,train,cctv_rekam_layar,prefiks frame_* (rekam layar penampil CCTV),.jpg
frame_007020_jpg.rf.hLuaB6z34Y3lgfwJaBtp.jpg,train,cctv_rekam_layar,prefiks frame_* (rekam layar penampil CCTV),.jpg
frame_007040_png.rf.oz3TSsIH71X6A6eDmZAc.png,train,cctv_rekam_layar,prefiks frame_* (rekam layar penampil CCTV),.png
frame_007084_png.rf.FrWesYqhHe7v65vzTwWl.png,train,cctv_rekam_layar,prefiks frame_* (rekam layar penampil CCTV),.png
frame_007200_jpg.rf.w0uG4L65YFEpNAdg6x47.jpg,train,cctv_rekam_layar,prefiks frame_* (rekam layar penampil CCTV),.jpg
frame_007216_png.rf.mujh8ErzQiAIoihUJQDx.png,train,cctv_rekam_layar,prefiks frame_* (rekam layar penampil CCTV),.png
frame_007245_png.rf.A10IISXEYSHQVxXyJStj.png,train,cctv_rekam_layar,prefiks frame_* (rekam layar penampil CCTV),.png
frame_007380_jpg.rf.nwea5cZJBGI0GbUaDuZI.jpg,train,cctv_rekam_layar,prefiks frame_* (rekam layar penampil CCTV),.jpg
frame_007392_png.rf.sCHOAms0BNn2VZUtcBf8.png,train,cctv_rekam_layar,prefiks frame_* (rekam layar penampil CCTV),.png
frame_007406_png.rf.TUyWTP2QNKuYgSAKkwxE.png,train,cctv_rekam_layar,prefiks frame_* (rekam layar penampil CCTV),.png
frame_007560_jpg.rf.KujlvBdNDJ9dxDRfb7kj.jpg,train,cctv_rekam_layar,prefiks frame_* (rekam layar penampil CCTV),.jpg
frame_007560_jpg.rf.PoPi0jNEfHEkuKfsJqAd.jpg,train,cctv_rekam_layar,prefiks frame_* (rekam layar penampil CCTV),.jpg
frame_007568_png.rf.nfpqrxBAJ1XbtuxbFoLr.png,train,cctv_rekam_layar,prefiks frame_* (rekam layar penampil CCTV),.png
frame_007728_png.rf.mecohxvPt9vFPOBNw5ym.png,train,cctv_rekam_layar,prefiks frame_* (rekam layar penampil CCTV),.png
frame_007740_jpg.rf.GKyLfy3PBR5Qz28woyR0.jpg,train,cctv_rekam_layar,prefiks frame_* (rekam layar penampil CCTV),.jpg
frame_007740_jpg.rf.ZixZmgYBV33MbXhX2uCd.jpg,train,cctv_rekam_layar,prefiks frame_* (rekam layar penampil CCTV),.jpg
frame_007744_png.rf.JcEJ9NT9oyELn72RHF9C.png,train,cctv_rekam_layar,prefiks frame_* (rekam layar penampil CCTV),.png
frame_007889_png.rf.iU7z9WH3l6ILvp74EHin.png,train,cctv_rekam_layar,prefiks frame_* (rekam layar penampil CCTV),.png
frame_007920_jpg.rf.A1GsAgHjCGXe1QkQRrOs.jpg,train,cctv_rekam_layar,prefiks frame_* (rekam layar penampil CCTV),.jpg
frame_007920_jpg.rf.KWhVyz8j8y77CpNxgA9K.jpg,train,cctv_rekam_layar,prefiks frame_* (rekam layar penampil CCTV),.jpg
frame_007920_png.rf.EtdTLnoMzSW89rOcvbcq.png,train,cctv_rekam_layar,prefiks frame_* (rekam layar penampil CCTV),.png
frame_008050_png.rf.tlCa0ohwQDMSmQCIqh5y.png,train,cctv_rekam_layar,prefiks frame_* (rekam layar penampil CCTV),.png
frame_008096_png.rf.G1Yz4l1XKXO0U8I5C8fq.png,train,cctv_rekam_layar,prefiks frame_* (rekam layar penampil CCTV),.png
frame_008100_jpg.rf.5VWrT3tz4pmqOIRXgCvb.jpg,train,cctv_rekam_layar,prefiks frame_* (rekam layar penampil CCTV),.jpg
frame_008100_jpg.rf.eKsc0cpiQ0wdsjwiA7RT.jpg,train,cctv_rekam_layar,prefiks frame_* (rekam layar penampil CCTV),.jpg
frame_008272_png.rf.FaOanrJMhxj4lHszfRpj.png,train,cctv_rekam_layar,prefiks frame_* (rekam layar penampil CCTV),.png
frame_008280_jpg.rf.R6IqFh9xreXlUZJFBBC3.jpg,train,cctv_rekam_layar,prefiks frame_* (rekam layar penampil CCTV),.jpg
frame_008280_jpg.rf.SGWWV37PgRwjeyE7FJC1.jpg,train,cctv_rekam_layar,prefiks frame_* (rekam layar penampil CCTV),.jpg
frame_008448_png.rf.fm0doRuXoBIedvhlj0aH.png,train,cctv_rekam_layar,prefiks frame_* (rekam layar penampil CCTV),.png
frame_008460_jpg.rf.Cmq8EFjxqf3i6JbPrgI2.jpg,train,cctv_rekam_layar,prefiks frame_* (rekam layar penampil CCTV),.jpg
frame_008460_jpg.rf.FOBFFNEz40nGtpxEeQzC.jpg,train,cctv_rekam_layar,prefiks frame_* (rekam layar penampil CCTV),.jpg
frame_008624_png.rf.3mxBaOjQNaGkhchduVHV.png,train,cctv_rekam_layar,prefiks frame_* (rekam layar penampil CCTV),.png
frame_008640_jpg.rf.6xPMPFExZTzBJN5kYGJO.jpg,train,cctv_rekam_layar,prefiks frame_* (rekam layar penampil CCTV),.jpg
frame_008640_jpg.rf.Ldpw8DXYu5ez8s1D5yxo.jpg,train,cctv_rekam_layar,prefiks frame_* (rekam layar penampil CCTV),.jpg
frame_008800_png.rf.wHDbC5laTRniCnb33qLk.png,train,cctv_rekam_layar,prefiks frame_* (rekam layar penampil CCTV),.png
frame_008820_jpg.rf.IThhmjmXWbdIBiyB55zu.jpg,train,cctv_rekam_layar,prefiks frame_* (rekam layar penampil CCTV),.jpg
frame_008820_jpg.rf.JmnvBshlTMcjraSdNHPK.jpg,train,cctv_rekam_layar,prefiks frame_* (rekam layar penampil CCTV),.jpg
frame_009000_jpg.rf.iASph68oLLDH8qk5HlF2.jpg,train,cctv_rekam_layar,prefiks frame_* (rekam layar penampil CCTV),.jpg
frame_009000_jpg.rf.jhsFjRYovHirs81vvRJm.jpg,train,cctv_rekam_layar,prefiks frame_* (rekam layar penampil CCTV),.jpg
fuso-34tb_jpg.rf.eTL5dlNshS75H7INFdWx.jpg,train,web_katalog,tidak cocok pola CCTV mana pun (citra web/katalog),.jpg
gambar-20200102_925154_jpg.rf.A76EDmxfSk6OOb7ew3dL.jpg,train,web_katalog,tidak cocok pola CCTV mana pun (citra web/katalog),.jpg
gol2_10_jpg.rf.YD8dydeyxugef07qKW7c.jpg,train,web_katalog,tidak cocok pola CCTV mana pun (citra web/katalog),.jpg
gol2_11_jpg.rf.XrzuzIPLCLxYaQwIHR8a.jpg,train,web_katalog,tidak cocok pola CCTV mana pun (citra web/katalog),.jpg
gol2_13_jpg.rf.9whYiL8Ceqq93qMYkuqT.jpg,train,web_katalog,tidak cocok pola CCTV mana pun (citra web/katalog),.jpg
gol2_14_jpg.rf.NtrQQKf6G7OITHPM9bVV.jpg,train,web_katalog,tidak cocok pola CCTV mana pun (citra web/katalog),.jpg
gol2_15_jpg.rf.hxdGMeEIIcqZlDnot8Qi.jpg,train,web_katalog,tidak cocok pola CCTV mana pun (citra web/katalog),.jpg
gol2_16_jpg.rf.ti3DaZ145qvizivEpre3.jpg,train,web_katalog,tidak cocok pola CCTV mana pun (citra web/katalog),.jpg
gol2_17_jpg.rf.Ll71pVtTW6HlzV5auEcA.jpg,train,web_katalog,tidak cocok pola CCTV mana pun (citra web/katalog),.jpg
gol2_18_jpg.rf.MC6XwxWda47SN6t55ckf.jpg,train,web_katalog,tidak cocok pola CCTV mana pun (citra web/katalog),.jpg
gol2_19_jpg.rf.lNt7txk64RTjIeZHb4RY.jpg,train,web_katalog,tidak cocok pola CCTV mana pun (citra web/katalog),.jpg
gol2_1_jpg.rf.OriHAdtKhyc5ajqHS49b.jpg,train,web_katalog,tidak cocok pola CCTV mana pun (citra web/katalog),.jpg
gol2_20_jpg.rf.C28nLfUmNq7t364EheHv.jpg,train,web_katalog,tidak cocok pola CCTV mana pun (citra web/katalog),.jpg
gol2_21_jpg.rf.vdXODALCSA5AZE1iGihj.jpg,train,web_katalog,tidak cocok pola CCTV mana pun (citra web/katalog),.jpg
gol2_22_jpg.rf.Bjo6ZfZayiRqiixENJWx.jpg,train,web_katalog,tidak cocok pola CCTV mana pun (citra web/katalog),.jpg
gol2_23_jpg.rf.Hm5mK25GwBMKKd86omUH.jpg,train,web_katalog,tidak cocok pola CCTV mana pun (citra web/katalog),.jpg
gol2_24_jpg.rf.se2rKpXBRdF3joABPEjR.jpg,train,web_katalog,tidak cocok pola CCTV mana pun (citra web/katalog),.jpg
gol2_25_jpg.rf.MYu4T5pRv3BtKd83tOGl.jpg,train,web_katalog,tidak cocok pola CCTV mana pun (citra web/katalog),.jpg
gol2_26_jpg.rf.ETWsxnIwUyBHp2Wga8Mp.jpg,train,web_katalog,tidak cocok pola CCTV mana pun (citra web/katalog),.jpg
gol2_27_jpg.rf.fLIyuKSaled4Nxe59GwI.jpg,train,web_katalog,tidak cocok pola CCTV mana pun (citra web/katalog),.jpg
gol2_28_jpg.rf.m0EsH1BwBz5OiFnb0lUX.jpg,train,web_katalog,tidak cocok pola CCTV mana pun (citra web/katalog),.jpg
gol2_29_jpg.rf.WOobQZ1hneAwWXgRKvAb.jpg,train,web_katalog,tidak cocok pola CCTV mana pun (citra web/katalog),.jpg
gol2_2_jpg.rf.ZRlJDwFTajDWQX8DgqiI.jpg,train,web_katalog,tidak cocok pola CCTV mana pun (citra web/katalog),.jpg
gol2_30_jpg.rf.y6GQj2rWDXQf5dvB4qpv.jpg,train,web_katalog,tidak cocok pola CCTV mana pun (citra web/katalog),.jpg
gol2_31_jpg.rf.kVbdYrKgjTua9soOxqMQ.jpg,train,web_katalog,tidak cocok pola CCTV mana pun (citra web/katalog),.jpg
gol2_33_jpg.rf.5aR5MVaYVQWDVnUiGNFH.jpg,train,web_katalog,tidak cocok pola CCTV mana pun (citra web/katalog),.jpg
gol2_34_jpg.rf.pFqjIRh4WMSPiAiNbwwT.jpg,train,web_katalog,tidak cocok pola CCTV mana pun (citra web/katalog),.jpg
gol2_38_jpg.rf.Y1egQSDzjOGvPWkS0xIb.jpg,train,web_katalog,tidak cocok pola CCTV mana pun (citra web/katalog),.jpg
gol2_39_jpg.rf.3fUbrMMbP2ugFWSXvBrm.jpg,train,web_katalog,tidak cocok pola CCTV mana pun (citra web/katalog),.jpg
gol2_3_jpg.rf.W3Gv14guRmwEe8uyk23E.jpg,train,web_katalog,tidak cocok pola CCTV mana pun (citra web/katalog),.jpg
gol2_40_jpg.rf.qwhKpszTCumxtwNjm2zS.jpg,train,web_katalog,tidak cocok pola CCTV mana pun (citra web/katalog),.jpg
gol2_42_jpg.rf.cAjSrmnKiIJwTHGZxhma.jpg,train,web_katalog,tidak cocok pola CCTV mana pun (citra web/katalog),.jpg
gol2_43_jpg.rf.h39lyIBHHhDRKei0N8Iv.jpg,train,web_katalog,tidak cocok pola CCTV mana pun (citra web/katalog),.jpg
gol2_44_jpg.rf.QgqVSf4uTHUxuJ2y8iwh.jpg,train,web_katalog,tidak cocok pola CCTV mana pun (citra web/katalog),.jpg
gol2_47_jpg.rf.5Dxr2B9lsPkZrUIYNAAK.jpg,train,web_katalog,tidak cocok pola CCTV mana pun (citra web/katalog),.jpg
gol2_49_jpg.rf.K8z5AWjP5dzhBW7KUl9b.jpg,train,web_katalog,tidak cocok pola CCTV mana pun (citra web/katalog),.jpg
gol2_4_jpg.rf.6Wy0Zw2ToCsi0BaT19l7.jpg,train,web_katalog,tidak cocok pola CCTV mana pun (citra web/katalog),.jpg
gol2_50_jpg.rf.I14cMI425rhbj4sg9jcr.jpg,train,web_katalog,tidak cocok pola CCTV mana pun (citra web/katalog),.jpg
gol2_53_jpg.rf.cFiTHuSwKegi5cPM4zj5.jpg,train,web_katalog,tidak cocok pola CCTV mana pun (citra web/katalog),.jpg
gol2_54_jpg.rf.LAOjkPVqnT8viToX4Z31.jpg,train,web_katalog,tidak cocok pola CCTV mana pun (citra web/katalog),.jpg
gol2_55_jpg.rf.9yMhSDolqibeJH4C9ofC.jpg,train,web_katalog,tidak cocok pola CCTV mana pun (citra web/katalog),.jpg
gol2_56_jpg.rf.Q46HKM7QiL7pKY9gbGTy.jpg,train,web_katalog,tidak cocok pola CCTV mana pun (citra web/katalog),.jpg
gol2_57_jpg.rf.Ldv12i4hZvGJlRJlm2Zc.jpg,train,web_katalog,tidak cocok pola CCTV mana pun (citra web/katalog),.jpg
gol2_59_jpg.rf.UlcbLWpvESekUgvpiYOq.jpg,train,web_katalog,tidak cocok pola CCTV mana pun (citra web/katalog),.jpg
gol2_62_jpg.rf.tzrC0joEvyTaLOeATpYB.jpg,train,web_katalog,tidak cocok pola CCTV mana pun (citra web/katalog),.jpg
gol2_63_jpg.rf.OT4WrzpKOsXBgt1QFeeA.jpg,train,web_katalog,tidak cocok pola CCTV mana pun (citra web/katalog),.jpg
gol2_64_jpg.rf.B1oCnvprc8XjWLRfQPws.jpg,train,web_katalog,tidak cocok pola CCTV mana pun (citra web/katalog),.jpg
gol2_65_jpg.rf.vPKXFTGtzEC7uvqjp2Y5.jpg,train,web_katalog,tidak cocok pola CCTV mana pun (citra web/katalog),.jpg
gol2_66_jpg.rf.ntMlcr5gbyTxKPVnd3lg.jpg,train,web_katalog,tidak cocok pola CCTV mana pun (citra web/katalog),.jpg
gol2_68_jpg.rf.Cz96G4XpATJFfZ7wmo8y.jpg,train,web_katalog,tidak cocok pola CCTV mana pun (citra web/katalog),.jpg
gol2_69_jpg.rf.ef86F0LHicL8dY0LlVDF.jpg,train,web_katalog,tidak cocok pola CCTV mana pun (citra web/katalog),.jpg
gol2_6_jpg.rf.KtQ8qgek9agjneqPXCQf.jpg,train,web_katalog,tidak cocok pola CCTV mana pun (citra web/katalog),.jpg
gol2_8_jpg.rf.2gRcjnD05MwAyxASfWxN.jpg,train,web_katalog,tidak cocok pola CCTV mana pun (citra web/katalog),.jpg
green502-140719_jpg.rf.fMjZNwfQTGYXlj2eVtvG.jpg,train,web_katalog,tidak cocok pola CCTV mana pun (citra web/katalog),.jpg
harga-tiket-bus-damri_jpg.rf.P2ByMCqnwHWqU7V733ZI.jpg,train,web_katalog,tidak cocok pola CCTV mana pun (citra web/katalog),.jpg
hi-edm-greyhound-852-cp-7257820_jpg.rf.306idYtMOEmLVwkxR7hq.jpg,train,web_katalog,tidak cocok pola CCTV mana pun (citra web/katalog),.jpg
ilustrasi-armada-damri_jpg.rf.Oxg0sAE5jznC7PGIZngf.jpg,train,web_katalog,tidak cocok pola CCTV mana pun (citra web/katalog),.jpg
img-20200305-wa00143333_jpg.rf.gmag3w2D6wf5cOb5XP7k.jpg,train,web_katalog,tidak cocok pola CCTV mana pun (citra web/katalog),.jpg
img-20200806-1345571666_jpg.rf.aYD35NEObVgZMD8fIXTO.jpg,train,web_katalog,tidak cocok pola CCTV mana pun (citra web/katalog),.jpg
img20171128141346_jpg.rf.BX1YGze5DJWDEKI1wFUK.jpg,train,web_katalog,tidak cocok pola CCTV mana pun (citra web/katalog),.jpg
indonesia_bus-58ae9d1f5f9b58a3c9cbca_jpg.rf.mbx8DoYOoYXY45f8GsMA.jpg,train,web_katalog,tidak cocok pola CCTV mana pun (citra web/katalog),.jpg
irsyadputrakaroseri_20210128_4_jpg.rf.bu5tBRu86DCpFHrzcp5j.jpg,train,web_katalog,tidak cocok pola CCTV mana pun (citra web/katalog),.jpg
jadwal-2Bdamri-2Bbandung-2Bindramayu_jpg.rf.uXWv43sHZkhT1gh6FDGZ.jpg,train,web_katalog,tidak cocok pola CCTV mana pun (citra web/katalog),.jpg
jadwal-bus-damri-bandara-seokarno-ha_jpg.rf.ZDRyxjTRRDxYhxrD8yne.jpg,train,web_katalog,tidak cocok pola CCTV mana pun (citra web/katalog),.jpg
jadwal-bus-damri-bandara-supadio-ke-_jpg.rf.A1PdJlm4mmU4Jgyhvpmo.jpg,train,web_katalog,tidak cocok pola CCTV mana pun (citra web/katalog),.jpg
jadwal-bus-damri-gambir-kotabumi_jpg.rf.n2UfFHftL7iSfFas0tKa.jpg,train,web_katalog,tidak cocok pola CCTV mana pun (citra web/katalog),.jpg
jadwal-bus-damri-kemayoran-purworejo_jpg.rf.iJqtjTH2aWRm9o9KrM9t.jpg,train,web_katalog,tidak cocok pola CCTV mana pun (citra web/katalog),.jpg
jadwal-bus-damri-lampung-jakarta_jpg.rf.vmWYd6dFZFWQcBsjhf83.jpg,train,web_katalog,tidak cocok pola CCTV mana pun (citra web/katalog),.jpg
jadwal-bus-damri-semarang_jpg.rf.vWNKOSYWWxxqmIMNyM7D.jpg,train,web_katalog,tidak cocok pola CCTV mana pun (citra web/katalog),.jpg
jadwal-bus-damri-solo-jakarta-630x38_jpg.rf.Ul9mnqwtA1et8cHN87GJ.jpg,train,web_katalog,tidak cocok pola CCTV mana pun (citra web/katalog),.jpg
jadwal-damri-bandara-karawaci_jpg.rf.DE6Yr0lmsxWAVn9SuZbq.jpg,train,web_katalog,tidak cocok pola CCTV mana pun (citra web/katalog),.jpg
jadwal-damri-bandara-karawang-barat_jpg.rf.zvGTIMkXOwQaQmdyqA9z.jpg,train,web_katalog,tidak cocok pola CCTV mana pun (citra web/katalog),.jpg
jadwal-damri-bandara-merak_jpg.rf.zmOmYERVPCEhlXGv2eQQ.jpg,train,web_katalog,tidak cocok pola CCTV mana pun (citra web/katalog),.jpg
jadwal-damri-bandara-rawamangun_jpg.rf.wFap4d6xjDsw7jpoBdvp.jpg,train,web_katalog,tidak cocok pola CCTV mana pun (citra web/katalog),.jpg
jadwal-damri-brebes-jakarta-630x380_jpg.rf.HvfwMq8NcqIM2RiQLDYE.jpg,train,web_katalog,tidak cocok pola CCTV mana pun (citra web/katalog),.jpg
jadwal-damri-cilacap-jakarta_jpg.rf.Hmb41PmxJyVPIRiq9RB0.jpg,train,web_katalog,tidak cocok pola CCTV mana pun (citra web/katalog),.jpg
jadwal-damri-gambir-bandar-lampung_jpg.rf.fY8cIFu5w6A1cND2RkS7.jpg,train,web_katalog,tidak cocok pola CCTV mana pun (citra web/katalog),.jpg
jadwal-damri-gambir-rumbia_jpg.rf.TusalCmGNLVCvmWPtZyq.jpg,train,web_katalog,tidak cocok pola CCTV mana pun (citra web/katalog),.jpg
jadwal-damri-gambir-simpang-randu_jpg.rf.m3UtaPFz2L3zRDOe4970.jpg,train,web_katalog,tidak cocok pola CCTV mana pun (citra web/katalog),.jpg
jadwal-damri-gayabaru-gambir-jakarta_jpg.rf.ClMHuP89tpE3rXNWdkiP.jpg,train,web_katalog,tidak cocok pola CCTV mana pun (citra web/katalog),.jpg
jadwal-damri-karawang-bandara_jpg.rf.ttjqzXghhwld53cQTb3d.jpg,train,web_katalog,tidak cocok pola CCTV mana pun (citra web/katalog),.jpg
jadwal-damri-kebumen-jakarta_jpg.rf.p2Kw1OIg9BVwFRmY0eAr.jpg,train,web_katalog,tidak cocok pola CCTV mana pun (citra web/katalog),.jpg
jadwal-damri-kotabumi-gambir-jakarta_jpg.rf.kr5MC6GI44WL6f4XZmB8.jpg,train,web_katalog,tidak cocok pola CCTV mana pun (citra web/katalog),.jpg
jadwal-damri-purwokerto-jakarta-630x_jpg.rf.chBQQ1IEAQ8k2vQOkDRZ.jpg,train,web_katalog,tidak cocok pola CCTV mana pun (citra web/katalog),.jpg
jadwal-damri-sukadana-gambir-jakarta_jpg.rf.WQ7Ui0OtUikRfYCSXPWo.jpg,train,web_katalog,tidak cocok pola CCTV mana pun (citra web/katalog),.jpg
k6cBjVZqR5aixX0X56pkOA_jpg.rf.etR6Ri7UkFvACyXFmoHJ.jpg,train,web_katalog,tidak cocok pola CCTV mana pun (citra web/katalog),.jpg
mitsubishi-canter-339fdca1_jpg.rf.wJZvLjDMEghdgsnsZ8ji.jpg,train,web_katalog,tidak cocok pola CCTV mana pun (citra web/katalog),.jpg
mitsubishi-fuso-cab-over-diesel-12-s_jpg.rf.YXyvD1TfUXo12wk4wGn2.jpg,train,web_katalog,tidak cocok pola CCTV mana pun (citra web/katalog),.jpg
mitsubishi-fuso-canter-4x4-chassis-t_jpg.rf.MZFGEX3fQHl6xg21KbcF.jpg,train,web_katalog,tidak cocok pola CCTV mana pun (citra web/katalog),.jpg
mitsubishi-fuso-canter-fg-dump-truck_jpg.rf.AzzhD2p0akBWyjHS0jtw.jpg,train,web_katalog,tidak cocok pola CCTV mana pun (citra web/katalog),.jpg
mitsubishi-fuso-fe180-diesel-20ft-bo_jpg.rf.nkFdhBmhe85iQt4SbSCy.jpg,train,web_katalog,tidak cocok pola CCTV mana pun (citra web/katalog),.jpg
mitsubishi-fuso-fighter-44d7e0a36f_jpg.rf.4QuQLuWZabrfrgF6DuXM.jpg,train,web_katalog,tidak cocok pola CCTV mana pun (citra web/katalog),.jpg
mitsubishi-fuso-fighter-962c80103b_jpg.rf.gZUGQ2LnT673ej5IC2r2.jpg,train,web_katalog,tidak cocok pola CCTV mana pun (citra web/katalog),.jpg
mitsubishi-fuso-truck-64f23fb463_t_jpg.rf.hbizlqPHFLOlOEf1EyCO.jpg,train,web_katalog,tidak cocok pola CCTV mana pun (citra web/katalog),.jpg
mitsubishi-fuso-truck-dbcd4d269d_jpg.rf.Lng6yAIAiMSClbJkkVxj.jpg,train,web_katalog,tidak cocok pola CCTV mana pun (citra web/katalog),.jpg
mitsubishi-refrigerated-trucks-cante_jpg.rf.V85kAKsNbPvXZLEL4Gb6.jpg,train,web_katalog,tidak cocok pola CCTV mana pun (citra web/katalog),.jpg
mitsubishi_fuso_2535998_orig_jpg.rf.0h2PLPPmLMGOSQLfcp5a.jpg,train,web_katalog,tidak cocok pola CCTV mana pun (citra web/katalog),.jpg
mitsubishi_fuso_2552923_orig_jpg.rf.d9m0v7dyQDKpOw9w5HYl.jpg,train,web_katalog,tidak cocok pola CCTV mana pun (citra web/katalog),.jpg
modifikasi-2Bbak-2Btruk-2Bcanter_jpg.rf.h9TCbZ4z4gubZnsFL2bz.jpg,train,web_katalog,tidak cocok pola CCTV mana pun (citra web/katalog),.jpg
modifikasi-2Btruk-2Bcanter-2Bterbaru_jpg.rf.OhxRgY4Qu2mHGh8JooSm.jpg,train,web_katalog,tidak cocok pola CCTV mana pun (citra web/katalog),.jpg
modifikasi-2Btruk-2Bdan-2Bvariasi-2B_jpg.rf.bnXzDWRTSBi0Ym43BC9q.jpg,train,web_katalog,tidak cocok pola CCTV mana pun (citra web/katalog),.jpg
modifikasi-2Btruk-2Bdan-2Bvariasi_jpg.rf.eomFzLZYWEFcbv4RotbF.jpg,train,web_katalog,tidak cocok pola CCTV mana pun (citra web/katalog),.jpg
old-private-mitsubishi-fuso-dump-tru-2_jpg.rf.ZxZTXdPDTxuQxVVUPCOV.jpg,train,web_katalog,tidak cocok pola CCTV mana pun (citra web/katalog),.jpg
pl20751532-sinotruk_homan_4x2_10_ton_jpg.rf.INomUqKrq1kiqfZtpF9v.jpg,train,web_katalog,tidak cocok pola CCTV mana pun (citra web/katalog),.jpg
sg_vehicles-17366-1_jpg.rf.uYvNGrUTLHPXQCg3PXJq.jpg,train,web_katalog,tidak cocok pola CCTV mana pun (citra web/katalog),.jpg
show_800_jpg.rf.c2wWp9PBDyr4ceQIyvuw.jpg,train,web_katalog,tidak cocok pola CCTV mana pun (citra web/katalog),.jpg
sold-19-12-12-1120192a_jpg.rf.hSDdeKdJCUtB42EYGMGL.jpg,train,web_katalog,tidak cocok pola CCTV mana pun (citra web/katalog),.jpg
sold-20-09-10-0730193a_jpg.rf.tEidfS9879lrOGcZQjR5.jpg,train,web_katalog,tidak cocok pola CCTV mana pun (citra web/katalog),.jpg
thumb2_3c6f302cc1ac614c6408b3828bc73_jpg.rf.qEvmQMmBbDrE5fKgpTx7.jpg,train,web_katalog,tidak cocok pola CCTV mana pun (citra web/katalog),.jpg
truk-2Bsawit-2Boleng_jpg.rf.OJ6YEJbmXHgAcA32iSvk.jpg,train,web_katalog,tidak cocok pola CCTV mana pun (citra web/katalog),.jpg
truk-isuzu-cdd-elf-nk-mobil-isuzu-21_jpg.rf.jybzyQEzqXlxe3z7kPeg.jpg,train,web_katalog,tidak cocok pola CCTV mana pun (citra web/katalog),.jpg
used-2003-mitsubishi-fuso-fe-hd-box-_jpg.rf.zKFXJjfNKTEC38UqD8s8.jpg,train,web_katalog,tidak cocok pola CCTV mana pun (citra web/katalog),.jpg
used-2013-fuso-box-truck-dutchess-co_jpg.rf.dniBbqvJwhSii3SWldq7.jpg,train,web_katalog,tidak cocok pola CCTV mana pun (citra web/katalog),.jpg
xe-tai-mitsubishi-fuso-canter-12-8-4_jpg.rf.t9mzpFY3OSat7hnk0BVe.jpg,train,web_katalog,tidak cocok pola CCTV mana pun (citra web/katalog),.jpg
2005-mitsubishi-fuso-fm260-24ft-box-2_jpg.rf.u4LU8hgcYzCidsXYCW3p.jpg,valid,web_katalog,tidak cocok pola CCTV mana pun (citra web/katalog),.jpg
2005-mitsubishi-fuso-fm260-24ft-box-4_jpg.rf.22KOGNT2wAmhJ3yL384l.jpg,valid,web_katalog,tidak cocok pola CCTV mana pun (citra web/katalog),.jpg
2012-mitsubishi-fuso-fe160-16ft-dump-1_jpg.rf.I8uAfUgJeJhU21uSQOq0.jpg,valid,web_katalog,tidak cocok pola CCTV mana pun (citra web/katalog),.jpg
2012-mitsubishi-fuso-fe160-16ft-dump-2_jpg.rf.gMf0kMtzrIUh6P97pcM6.jpg,valid,web_katalog,tidak cocok pola CCTV mana pun (citra web/katalog),.jpg
201802083530877_jpg.rf.N398cQQZh7Ra5zEwilB8.jpg,valid,web_katalog,tidak cocok pola CCTV mana pun (citra web/katalog),.jpg
201802083545072_jpg.rf.dkn9v0Xhqm2IQAlPUAC6.jpg,valid,web_katalog,tidak cocok pola CCTV mana pun (citra web/katalog),.jpg
201802083545087_jpg.rf.quWqiF8mukNZ9U57dnkE.jpg,valid,web_katalog,tidak cocok pola CCTV mana pun (citra web/katalog),.jpg
2018_07_16_49373_1531739307-_large_jpg.rf.pDPvRxaSSVvnMw0Aksc1.jpg,valid,web_katalog,tidak cocok pola CCTV mana pun (citra web/katalog),.jpg
202002117212341_jpg.rf.gDXe9FL8PHZj3UQtzifB.jpg,valid,web_katalog,tidak cocok pola CCTV mana pun (citra web/katalog),.jpg
202010235351057_jpg.rf.EGo7u1vKlcd2fksLadWz.jpg,valid,web_katalog,tidak cocok pola CCTV mana pun (citra web/katalog),.jpg
202010235353490_jpg.rf.axjYxEZNJWcppEHHDy8t.jpg,valid,web_katalog,tidak cocok pola CCTV mana pun (citra web/katalog),.jpg
202010295574060_jpg.rf.XVYXTMD3JD138afEGhx6.jpg,valid,web_katalog,tidak cocok pola CCTV mana pun (citra web/katalog),.jpg
202010295584564_jpg.rf.mj2mCdbtX3oUJnhN9iL0.jpg,valid,web_katalog,tidak cocok pola CCTV mana pun (citra web/katalog),.jpg
202011206322946_jpg.rf.ftSNv5zYKGOhuXQ3rAjN.jpg,valid,web_katalog,tidak cocok pola CCTV mana pun (citra web/katalog),.jpg
202011206323102_jpg.rf.IQ6GeUPRkBcyVJ04OFs6.jpg,valid,web_katalog,tidak cocok pola CCTV mana pun (citra web/katalog),.jpg
202011206323116_jpg.rf.surGKwwNeMOH0K5wDaLw.jpg,valid,web_katalog,tidak cocok pola CCTV mana pun (citra web/katalog),.jpg
202012096922082_jpg.rf.9cpKxP1kpezlLOXRHrnP.jpg,valid,web_katalog,tidak cocok pola CCTV mana pun (citra web/katalog),.jpg
202012096936189_jpg.rf.Neg46p88HJnGCPFtpjUZ.jpg,valid,web_katalog,tidak cocok pola CCTV mana pun (citra web/katalog),.jpg
202101087755642_jpg.rf.d7PGU0rN1L7UmNsR5Mat.jpg,valid,web_katalog,tidak cocok pola CCTV mana pun (citra web/katalog),.jpg
202101087761540_jpg.rf.u4MNu1jAgd1kd99mzXon.jpg,valid,web_katalog,tidak cocok pola CCTV mana pun (citra web/katalog),.jpg
202101087761588_jpg.rf.PpB8Y0EpbiuCalv1X59Q.jpg,valid,web_katalog,tidak cocok pola CCTV mana pun (citra web/katalog),.jpg
202101208162338_jpg.rf.96kI1g8wpsIOdMI4cK5U.jpg,valid,web_katalog,tidak cocok pola CCTV mana pun (citra web/katalog),.jpg
202101208164791_jpg.rf.Zg2wvJGtSdWldVMPYErZ.jpg,valid,web_katalog,tidak cocok pola CCTV mana pun (citra web/katalog),.jpg
202101268351623_jpg.rf.UQBaAl0ZkEh1hlNT9CAY.jpg,valid,web_katalog,tidak cocok pola CCTV mana pun (citra web/katalog),.jpg
202101268371469_jpg.rf.L2xtk4HDxX3ZSGMd14nS.jpg,valid,web_katalog,tidak cocok pola CCTV mana pun (citra web/katalog),.jpg
202101308505080_jpg.rf.i432peH9qX0B41YwISYR.jpg,valid,web_katalog,tidak cocok pola CCTV mana pun (citra web/katalog),.jpg
202101308506701_jpg.rf.jBQ2aLs3lW0ja5rH2o9e.jpg,valid,web_katalog,tidak cocok pola CCTV mana pun (citra web/katalog),.jpg
202101308524403_jpg.rf.jrtdXzgNoFMvP6ZKr8s1.jpg,valid,web_katalog,tidak cocok pola CCTV mana pun (citra web/katalog),.jpg
202101308527130_jpg.rf.gwahiRUSFbUN5Tfbt1Vi.jpg,valid,web_katalog,tidak cocok pola CCTV mana pun (citra web/katalog),.jpg
202102038642374_jpg.rf.mjQIktX3Uj9NB7723JAP.jpg,valid,web_katalog,tidak cocok pola CCTV mana pun (citra web/katalog),.jpg
202102038642647_jpg.rf.X1sXB5VO5Zbbh15O6Gqc.jpg,valid,web_katalog,tidak cocok pola CCTV mana pun (citra web/katalog),.jpg
202102038646744_jpg.rf.JQ1CLbBa3hvw3aka8Agy.jpg,valid,web_katalog,tidak cocok pola CCTV mana pun (citra web/katalog),.jpg
202102038667486_jpg.rf.TWCm1xRYAQ92JRbqaqfu.jpg,valid,web_katalog,tidak cocok pola CCTV mana pun (citra web/katalog),.jpg
202102048687441_jpg.rf.bXLuffdrRPxT90C7b8tH.jpg,valid,web_katalog,tidak cocok pola CCTV mana pun (citra web/katalog),.jpg
202102048700285_jpg.rf.SLWjSjVIVmbl0sSPesgK.jpg,valid,web_katalog,tidak cocok pola CCTV mana pun (citra web/katalog),.jpg
202103069805244_jpg.rf.cINKftrnadHUeNqUhoa8.jpg,valid,web_katalog,tidak cocok pola CCTV mana pun (citra web/katalog),.jpg
202103069821663_jpg.rf.tQeCtM5pcvVkRRsUtNAi.jpg,valid,web_katalog,tidak cocok pola CCTV mana pun (citra web/katalog),.jpg
202103089871151_jpg.rf.WNpuBixwshZ6VLJ3a9yg.jpg,valid,web_katalog,tidak cocok pola CCTV mana pun (citra web/katalog),.jpg
202103089885056_jpg.rf.LOmCNeYThNb0VziUODuu.jpg,valid,web_katalog,tidak cocok pola CCTV mana pun (citra web/katalog),.jpg
202103089885369_jpg.rf.kDeIdKzM9sPGYviTO80r.jpg,valid,web_katalog,tidak cocok pola CCTV mana pun (citra web/katalog),.jpg
202103099926100_jpg.rf.llg5l3XsVnCFY4ZhMCjX.jpg,valid,web_katalog,tidak cocok pola CCTV mana pun (citra web/katalog),.jpg
202103099936040_jpg.rf.kwoujfNEnOheScVaX1TR.jpg,valid,web_katalog,tidak cocok pola CCTV mana pun (citra web/katalog),.jpg
202103099936611_jpg.rf.L3hXND1qxolxqGEqirGM.jpg,valid,web_katalog,tidak cocok pola CCTV mana pun (citra web/katalog),.jpg
202103120051617_jpg.rf.K6sVvafMasIm25Ta0vzb.jpg,valid,web_katalog,tidak cocok pola CCTV mana pun (citra web/katalog),.jpg
202103120061414_jpg.rf.zrgld1RvlfJobw0avIq8.jpg,valid,web_katalog,tidak cocok pola CCTV mana pun (citra web/katalog),.jpg
202103120063538_jpg.rf.IysOOxphf3WwJSxQfji2.jpg,valid,web_katalog,tidak cocok pola CCTV mana pun (citra web/katalog),.jpg
202103120063538_jpg.rf.sqyEmsLQQgVNunxkmyt4.jpg,valid,web_katalog,tidak cocok pola CCTV mana pun (citra web/katalog),.jpg
202103170252826_jpg.rf.uQcUoi8JzJh4hXXx8P5q.jpg,valid,web_katalog,tidak cocok pola CCTV mana pun (citra web/katalog),.jpg
202103170257043_jpg.rf.DkSyR1sUno5NqMLS4Iyw.jpg,valid,web_katalog,tidak cocok pola CCTV mana pun (citra web/katalog),.jpg
202103170271873_jpg.rf.qDFtJDIg7O5DROsCRnd7.jpg,valid,web_katalog,tidak cocok pola CCTV mana pun (citra web/katalog),.jpg
202103220442866_jpg.rf.V1tLW5HlNxsv7oAf4uIj.jpg,valid,web_katalog,tidak cocok pola CCTV mana pun (citra web/katalog),.jpg
202103220444249_jpg.rf.NS4w5SmMpFadIIgPakfi.jpg,valid,web_katalog,tidak cocok pola CCTV mana pun (citra web/katalog),.jpg
202103220447177_jpg.rf.H6Prb05opnsXvqGUhfs1.jpg,valid,web_katalog,tidak cocok pola CCTV mana pun (citra web/katalog),.jpg
202103220449514_jpg.rf.nlRaK6zpOvj7LHIaN6Ab.jpg,valid,web_katalog,tidak cocok pola CCTV mana pun (citra web/katalog),.jpg
202103240540837_jpg.rf.AAp41w6and0cBJiLUVgH.jpg,valid,web_katalog,tidak cocok pola CCTV mana pun (citra web/katalog),.jpg
202103240549716_jpg.rf.Cerx0dLzffUpZqqs5CK2.jpg,valid,web_katalog,tidak cocok pola CCTV mana pun (citra web/katalog),.jpg
202103260609081_jpg.rf.KZivLLjgpFfbbt62MLAL.jpg,valid,web_katalog,tidak cocok pola CCTV mana pun (citra web/katalog),.jpg
202103260617510_jpg.rf.suewF7B54vxSkJFYm5gP.jpg,valid,web_katalog,tidak cocok pola CCTV mana pun (citra web/katalog),.jpg
202103270646404_jpg.rf.0Mw1xyZ4Ac4APQO3TauW.jpg,valid,web_katalog,tidak cocok pola CCTV mana pun (citra web/katalog),.jpg
202103270647566_jpg.rf.RGF6CBZxQMiaeNBdUJUD.jpg,valid,web_katalog,tidak cocok pola CCTV mana pun (citra web/katalog),.jpg
202103290714143_jpg.rf.PMd2WM0dTuPZNuaadjDM.jpg,valid,web_katalog,tidak cocok pola CCTV mana pun (citra web/katalog),.jpg
202103290719104_jpg.rf.I2t29v4Y3g6Q7OIOQfxp.jpg,valid,web_katalog,tidak cocok pola CCTV mana pun (citra web/katalog),.jpg
202103310811847_jpg.rf.fdpvvxmnmwaDjbKfaJbr.jpg,valid,web_katalog,tidak cocok pola CCTV mana pun (citra web/katalog),.jpg
202103310819389_jpg.rf.XTzziYq2L1XFBzRlXPcO.jpg,valid,web_katalog,tidak cocok pola CCTV mana pun (citra web/katalog),.jpg
202103310823697_jpg.rf.g0bgJHSazHGLdR0Qkksu.jpg,valid,web_katalog,tidak cocok pola CCTV mana pun (citra web/katalog),.jpg
202104081105471_jpg.rf.CEHcrzK4lySxm6eKjH1L.jpg,valid,web_katalog,tidak cocok pola CCTV mana pun (citra web/katalog),.jpg
202104081122225_jpg.rf.txtVyeWvwFW58jYriPCB.jpg,valid,web_katalog,tidak cocok pola CCTV mana pun (citra web/katalog),.jpg
202104081126657_jpg.rf.N7jsup9kLfRGB1jcqppy.jpg,valid,web_katalog,tidak cocok pola CCTV mana pun (citra web/katalog),.jpg
202104151394763_jpg.rf.PNtnaRJ6qWGJsj0rjASH.jpg,valid,web_katalog,tidak cocok pola CCTV mana pun (citra web/katalog),.jpg
202104151406739_jpg.rf.xKTNuZpDee2g9UvgEFGN.jpg,valid,web_katalog,tidak cocok pola CCTV mana pun (citra web/katalog),.jpg
202104171475819_jpg.rf.zSxkcvZO6bqCbVYYfISE.jpg,valid,web_katalog,tidak cocok pola CCTV mana pun (citra web/katalog),.jpg
202104171477264_jpg.rf.HkjHnXOp9W3TjjT35SBy.jpg,valid,web_katalog,tidak cocok pola CCTV mana pun (citra web/katalog),.jpg
202104171481792_jpg.rf.5ET2HMHl0U6VU71RRunH.jpg,valid,web_katalog,tidak cocok pola CCTV mana pun (citra web/katalog),.jpg
202104211628852_jpg.rf.7JS4VgrRoxiNos5sW1wE.jpg,valid,web_katalog,tidak cocok pola CCTV mana pun (citra web/katalog),.jpg
202104211629498_jpg.rf.Vc0yvT1xzJTFWdtarY0L.jpg,valid,web_katalog,tidak cocok pola CCTV mana pun (citra web/katalog),.jpg
202104211633772_jpg.rf.O9ERTEuRN7NwRYzXQWB6.jpg,valid,web_katalog,tidak cocok pola CCTV mana pun (citra web/katalog),.jpg
500th-BYD-ADL-electric-bus-1-resized_jpg.rf.99e65G8IHRQp8qwe3NXT.jpg,valid,web_katalog,tidak cocok pola CCTV mana pun (citra web/katalog),.jpg
Cutting-Sticker-Truck-Canter-Hijau-T-1_jpg.rf.zjCjaQiYdPp8zRHLlJMm.jpg,valid,web_katalog,tidak cocok pola CCTV mana pun (citra web/katalog),.jpg
Cutting-Sticker-Truck-Canter-Hijau-T_jpg.rf.5A9w10zhbIKiA1r088DP.jpg,valid,web_katalog,tidak cocok pola CCTV mana pun (citra web/katalog),.jpg
Cutting-Sticker-Truk-Canter-Variasi-1_jpg.rf.r7GFTol7QHfzcPQabQCZ.jpg,valid,web_katalog,tidak cocok pola CCTV mana pun (citra web/katalog),.jpg
Cutting-Sticker-Truk-Canter-Variasi-2_jpg.rf.fYQjsySKDKi1NaoN3i6g.jpg,valid,web_katalog,tidak cocok pola CCTV mana pun (citra web/katalog),.jpg
Cutting-Sticker-Truk-Canter-Variasi-3_jpg.rf.OMBxab3zl5vJflGaqwu8.jpg,valid,web_katalog,tidak cocok pola CCTV mana pun (citra web/katalog),.jpg
DAMRI-1_jpg.rf.AT7bV1prNajcmJp7ePpw.jpg,valid,web_katalog,tidak cocok pola CCTV mana pun (citra web/katalog),.jpg
DAMRI-6_jpg.rf.bny8umx3YqTnhcCdFr93.jpg,valid,web_katalog,tidak cocok pola CCTV mana pun (citra web/katalog),.jpg
Image_013192_jpg.rf.iqjD9l4intVfwXVeVl8m.jpg,valid,web_katalog,tidak cocok pola CCTV mana pun (citra web/katalog),.jpg
Image_013193_jpg.rf.SmHvFJY901ALhWaefWdk.jpg,valid,web_katalog,tidak cocok pola CCTV mana pun (citra web/katalog),.jpg
Image_013195_jpg.rf.NGV9uJwTELlMgkmlK322.jpg,valid,web_katalog,tidak cocok pola CCTV mana pun (citra web/katalog),.jpg
Image_013198_jpg.rf.lC7ZsMk9jiNwD22bwl1P.jpg,valid,web_katalog,tidak cocok pola CCTV mana pun (citra web/katalog),.jpg
Image_013203_jpg.rf.U02pMo1ywahiyDlWc0i1.jpg,valid,web_katalog,tidak cocok pola CCTV mana pun (citra web/katalog),.jpg
Image_013204_jpg.rf.Upjnlr0qT0d784pmy6cO.jpg,valid,web_katalog,tidak cocok pola CCTV mana pun (citra web/katalog),.jpg
Image_013207_jpg.rf.0DgkXFn0jlReH3ymvNRB.jpg,valid,web_katalog,tidak cocok pola CCTV mana pun (citra web/katalog),.jpg
Image_013208_jpg.rf.G3QDJZVEn7MgQoP9cgO3.jpg,valid,web_katalog,tidak cocok pola CCTV mana pun (citra web/katalog),.jpg
Image_013209_jpg.rf.HYdwY1T7bJ9Sbyjsum49.jpg,valid,web_katalog,tidak cocok pola CCTV mana pun (citra web/katalog),.jpg
Image_013215_jpg.rf.8rAafl65NMlJP0HhWDDp.jpg,valid,web_katalog,tidak cocok pola CCTV mana pun (citra web/katalog),.jpg
Image_013220_jpg.rf.8XBXDmri6GGDgjZiTQjT.jpg,valid,web_katalog,tidak cocok pola CCTV mana pun (citra web/katalog),.jpg
Image_013221_jpg.rf.IYs7U9DOxvD9s6yQWaQa.jpg,valid,web_katalog,tidak cocok pola CCTV mana pun (citra web/katalog),.jpg
Image_013224_jpg.rf.gs5lpRqloRJrz3owUuzT.jpg,valid,web_katalog,tidak cocok pola CCTV mana pun (citra web/katalog),.jpg
Image_013225_jpg.rf.BfN12ARxfelgiVlDR9Se.jpg,valid,web_katalog,tidak cocok pola CCTV mana pun (citra web/katalog),.jpg
Image_013226_jpg.rf.8oQcwip03N6Xs6zFiqsU.jpg,valid,web_katalog,tidak cocok pola CCTV mana pun (citra web/katalog),.jpg
Image_013230_jpg.rf.WCwYNlQ7xMFUKHwAIVoz.jpg,valid,web_katalog,tidak cocok pola CCTV mana pun (citra web/katalog),.jpg
Image_013232_jpg.rf.3UpoqqYWOQ6LEiXgWWoT.jpg,valid,web_katalog,tidak cocok pola CCTV mana pun (citra web/katalog),.jpg
Image_013236_jpg.rf.eJjyn968R5fcCpDaSK7p.jpg,valid,web_katalog,tidak cocok pola CCTV mana pun (citra web/katalog),.jpg
Image_013238_jpg.rf.fr9ujExIjWIoFr6CG3J0.jpg,valid,web_katalog,tidak cocok pola CCTV mana pun (citra web/katalog),.jpg
Image_013240_jpg.rf.29goYFIrxpTUY3r7H0AK.jpg,valid,web_katalog,tidak cocok pola CCTV mana pun (citra web/katalog),.jpg
Image_013242_jpg.rf.40C1AgcJwR6FdXlD9bpX.jpg,valid,web_katalog,tidak cocok pola CCTV mana pun (citra web/katalog),.jpg
Image_013247_jpg.rf.sdYtUsZ8ZSY2yTWzo9cO.jpg,valid,web_katalog,tidak cocok pola CCTV mana pun (citra web/katalog),.jpg
Image_013249_jpg.rf.vveQGaQyB0V7hOaBueVG.jpg,valid,web_katalog,tidak cocok pola CCTV mana pun (citra web/katalog),.jpg
Image_013251_jpg.rf.tZ7YwiaSMzjbL8kUts9B.jpg,valid,web_katalog,tidak cocok pola CCTV mana pun (citra web/katalog),.jpg
Image_013253_jpg.rf.k5X5XTsbyvkFYZ1zRi4C.jpg,valid,web_katalog,tidak cocok pola CCTV mana pun (citra web/katalog),.jpg
Image_013254_jpg.rf.0zagJTdhDSisqknJ63Uj.jpg,valid,web_katalog,tidak cocok pola CCTV mana pun (citra web/katalog),.jpg
Image_013256_jpg.rf.WOWUg6iO61xA4Wwhvigu.jpg,valid,web_katalog,tidak cocok pola CCTV mana pun (citra web/katalog),.jpg
Image_013257_jpg.rf.ILedzGlXcW2vm5TJ19SJ.jpg,valid,web_katalog,tidak cocok pola CCTV mana pun (citra web/katalog),.jpg
Image_013259_jpg.rf.kHKBXbww9tYZYN2gyhFH.jpg,valid,web_katalog,tidak cocok pola CCTV mana pun (citra web/katalog),.jpg
Image_013260_jpg.rf.a25hLQGJYoLgeQ6mOEuD.jpg,valid,web_katalog,tidak cocok pola CCTV mana pun (citra web/katalog),.jpg
Image_013266_jpg.rf.SEdB9dBYHNtqoQ2vHYm7.jpg,valid,web_katalog,tidak cocok pola CCTV mana pun (citra web/katalog),.jpg
Image_013269_jpg.rf.SlMjZOcx99fq1OzJcrQq.jpg,valid,web_katalog,tidak cocok pola CCTV mana pun (citra web/katalog),.jpg
Image_013271_jpg.rf.80USfF4SnEo8XEsKt8sX.jpg,valid,web_katalog,tidak cocok pola CCTV mana pun (citra web/katalog),.jpg
Image_013274_jpg.rf.TWPzO1Enko47IW29k3c1.jpg,valid,web_katalog,tidak cocok pola CCTV mana pun (citra web/katalog),.jpg
Image_013276_jpg.rf.pRzd0WuGCHXFOKd9x7gR.jpg,valid,web_katalog,tidak cocok pola CCTV mana pun (citra web/katalog),.jpg
Image_013281_jpg.rf.icCvD3ZBKW10YQhuwE3O.jpg,valid,web_katalog,tidak cocok pola CCTV mana pun (citra web/katalog),.jpg
Image_013288_jpg.rf.JIlbTZuAIhGXxZKGFi7P.jpg,valid,web_katalog,tidak cocok pola CCTV mana pun (citra web/katalog),.jpg
Image_013289_jpg.rf.enbCaPtZWexWeHrHmfB4.jpg,valid,web_katalog,tidak cocok pola CCTV mana pun (citra web/katalog),.jpg
Image_013291_jpg.rf.NbYWf0t8snRrDMOJmvil.jpg,valid,web_katalog,tidak cocok pola CCTV mana pun (citra web/katalog),.jpg
Image_013292_jpg.rf.QZKXphtJtWNHawYUQLo4.jpg,valid,web_katalog,tidak cocok pola CCTV mana pun (citra web/katalog),.jpg
Image_013293_jpg.rf.9RrPEcyBOFZt0YkVrqo0.jpg,valid,web_katalog,tidak cocok pola CCTV mana pun (citra web/katalog),.jpg
Image_013296_jpg.rf.Wxy8bqZ9rhSE3LBS7gJj.jpg,valid,web_katalog,tidak cocok pola CCTV mana pun (citra web/katalog),.jpg
Image_013299_jpg.rf.zkPcrfYrGsiYg6nEBCis.jpg,valid,web_katalog,tidak cocok pola CCTV mana pun (citra web/katalog),.jpg
Image_013302_jpg.rf.gNYsXx0xE3shRJeIjc8r.jpg,valid,web_katalog,tidak cocok pola CCTV mana pun (citra web/katalog),.jpg
Image_013303_jpg.rf.9uuvG7t8EJeKAJVMOMKg.jpg,valid,web_katalog,tidak cocok pola CCTV mana pun (citra web/katalog),.jpg
Image_013304_jpg.rf.reMYGye0n8zECruGnEmx.jpg,valid,web_katalog,tidak cocok pola CCTV mana pun (citra web/katalog),.jpg
Image_013306_jpg.rf.xL5zPjKf4DEKpMo3JRO1.jpg,valid,web_katalog,tidak cocok pola CCTV mana pun (citra web/katalog),.jpg
Image_013307_jpg.rf.vXfYNaTdUyrK7rfNJmOd.jpg,valid,web_katalog,tidak cocok pola CCTV mana pun (citra web/katalog),.jpg
Image_013311_jpg.rf.wqMgwY86S3tzq8JHwzSl.jpg,valid,web_katalog,tidak cocok pola CCTV mana pun (citra web/katalog),.jpg
Image_013313_jpg.rf.CNAmOtb9Z0FyWanBy34F.jpg,valid,web_katalog,tidak cocok pola CCTV mana pun (citra web/katalog),.jpg
Image_013315_jpg.rf.6g0fBcAOtJY2PbcWRkP6.jpg,valid,web_katalog,tidak cocok pola CCTV mana pun (citra web/katalog),.jpg
Image_013327_jpg.rf.SdLR9GXxsFLYM1c4Xe4t.jpg,valid,web_katalog,tidak cocok pola CCTV mana pun (citra web/katalog),.jpg
Image_013328_jpg.rf.SDrSdKGqHQsDwSeeGtpl.jpg,valid,web_katalog,tidak cocok pola CCTV mana pun (citra web/katalog),.jpg
Image_013331_jpg.rf.nk6xMjB8YMsRJQTSGg4V.jpg,valid,web_katalog,tidak cocok pola CCTV mana pun (citra web/katalog),.jpg
Image_013332_jpg.rf.MelvUHVvouXBM21Rnq9C.jpg,valid,web_katalog,tidak cocok pola CCTV mana pun (citra web/katalog),.jpg
Image_013333_jpg.rf.wfomrHiqdZPW8jAIq2nM.jpg,valid,web_katalog,tidak cocok pola CCTV mana pun (citra web/katalog),.jpg
Image_013336_jpg.rf.ugHmXsyXWxtPNobzr75T.jpg,valid,web_katalog,tidak cocok pola CCTV mana pun (citra web/katalog),.jpg
Image_013338_jpg.rf.vocLZb0Dw7zfGaJaZVk3.jpg,valid,web_katalog,tidak cocok pola CCTV mana pun (citra web/katalog),.jpg
Image_013339_jpg.rf.HP8SPVrtKOmNMOS8oAXF.jpg,valid,web_katalog,tidak cocok pola CCTV mana pun (citra web/katalog),.jpg
Image_013340_jpg.rf.WEBRFNiZEKFJZr6ZL24N.jpg,valid,web_katalog,tidak cocok pola CCTV mana pun (citra web/katalog),.jpg
Image_013342_jpg.rf.gFzwNk82YPQqLyMsRYGW.jpg,valid,web_katalog,tidak cocok pola CCTV mana pun (citra web/katalog),.jpg
Image_013343_jpg.rf.MNbYxjpufN12Bw3AiAJx.jpg,valid,web_katalog,tidak cocok pola CCTV mana pun (citra web/katalog),.jpg
Image_013345_jpg.rf.oltaJr4cOsYFv3O718NS.jpg,valid,web_katalog,tidak cocok pola CCTV mana pun (citra web/katalog),.jpg
Image_013347_jpg.rf.u7BbsoDgvv2dJ9R3J7XJ.jpg,valid,web_katalog,tidak cocok pola CCTV mana pun (citra web/katalog),.jpg
Image_013351_jpg.rf.HjVbYnyMDHyMwwN2AIzy.jpg,valid,web_katalog,tidak cocok pola CCTV mana pun (citra web/katalog),.jpg
Image_013357_jpg.rf.dHZ8Mszcfh2fddwdzVaK.jpg,valid,web_katalog,tidak cocok pola CCTV mana pun (citra web/katalog),.jpg
Image_013362_jpg.rf.Um72kl77xrKuk2xNtNlp.jpg,valid,web_katalog,tidak cocok pola CCTV mana pun (citra web/katalog),.jpg
Image_013363_jpg.rf.no1WyfarqjbSNPT7xULM.jpg,valid,web_katalog,tidak cocok pola CCTV mana pun (citra web/katalog),.jpg
Image_013366_jpg.rf.JOwOjUhZkqAdGXdLTqBf.jpg,valid,web_katalog,tidak cocok pola CCTV mana pun (citra web/katalog),.jpg
Image_013369_jpg.rf.o3Vv0KYTCtwVoADjrmRc.jpg,valid,web_katalog,tidak cocok pola CCTV mana pun (citra web/katalog),.jpg
Image_013371_jpg.rf.Ll3JHdsYsX7H3q6VnWjW.jpg,valid,web_katalog,tidak cocok pola CCTV mana pun (citra web/katalog),.jpg
Image_013374_jpg.rf.K2CPRmQYxtivrDYKZvQj.jpg,valid,web_katalog,tidak cocok pola CCTV mana pun (citra web/katalog),.jpg
Image_013375_jpg.rf.de2HMXho93gtBlWAsZ04.jpg,valid,web_katalog,tidak cocok pola CCTV mana pun (citra web/katalog),.jpg
Image_013378_jpg.rf.PaUN9jbFYwCSd47pFOPY.jpg,valid,web_katalog,tidak cocok pola CCTV mana pun (citra web/katalog),.jpg
Image_013385_jpg.rf.XdORE4DCipu4BGWxZXcG.jpg,valid,web_katalog,tidak cocok pola CCTV mana pun (citra web/katalog),.jpg
Image_013387_jpg.rf.9GgyPTUZRRseD91Itr1y.jpg,valid,web_katalog,tidak cocok pola CCTV mana pun (citra web/katalog),.jpg
Image_013388_jpg.rf.Go4Jd7xmtJg6GYbi1GXx.jpg,valid,web_katalog,tidak cocok pola CCTV mana pun (citra web/katalog),.jpg
Image_013389_jpg.rf.NNNnGH8GpexAkAqLh8rP.jpg,valid,web_katalog,tidak cocok pola CCTV mana pun (citra web/katalog),.jpg
Image_013390_jpg.rf.4msB0ZWmlEtnC38OKiaw.jpg,valid,web_katalog,tidak cocok pola CCTV mana pun (citra web/katalog),.jpg
Image_013391_jpg.rf.BS6n1bS8DwyTBtokqMco.jpg,valid,web_katalog,tidak cocok pola CCTV mana pun (citra web/katalog),.jpg
Image_013395_jpg.rf.ziekIiqEwmpZuktCG2tc.jpg,valid,web_katalog,tidak cocok pola CCTV mana pun (citra web/katalog),.jpg
Image_013396_jpg.rf.v5P1KFamjQZsT0TKP6gJ.jpg,valid,web_katalog,tidak cocok pola CCTV mana pun (citra web/katalog),.jpg
Image_013398_jpg.rf.MBLLHmrhfjW6QtxpsxE8.jpg,valid,web_katalog,tidak cocok pola CCTV mana pun (citra web/katalog),.jpg
Image_013404_jpg.rf.iSsK1XG58Xjz8S0YJHfs.jpg,valid,web_katalog,tidak cocok pola CCTV mana pun (citra web/katalog),.jpg
Image_013406_jpg.rf.2mid56pDh2lp1kjZAs4Q.jpg,valid,web_katalog,tidak cocok pola CCTV mana pun (citra web/katalog),.jpg
Image_013407_jpg.rf.JfyCMWGfvvYEyqMa8KI6.jpg,valid,web_katalog,tidak cocok pola CCTV mana pun (citra web/katalog),.jpg
Image_013412_jpg.rf.GGNmdV1S573QMHzPNd97.jpg,valid,web_katalog,tidak cocok pola CCTV mana pun (citra web/katalog),.jpg
Image_013413_jpg.rf.BafQ1aKBgQ4L6Psfj1nd.jpg,valid,web_katalog,tidak cocok pola CCTV mana pun (citra web/katalog),.jpg
Image_013414_jpg.rf.odUNts7tfuccgzZOO0DF.jpg,valid,web_katalog,tidak cocok pola CCTV mana pun (citra web/katalog),.jpg
Image_013415_jpg.rf.XrphinyseqDrkqzrLFTs.jpg,valid,web_katalog,tidak cocok pola CCTV mana pun (citra web/katalog),.jpg
Image_013416_jpg.rf.wnIGJJbqBELLw3fC3BIY.jpg,valid,web_katalog,tidak cocok pola CCTV mana pun (citra web/katalog),.jpg
Image_013419_jpg.rf.j7n73RaanBdwsMt2a6Vg.jpg,valid,web_katalog,tidak cocok pola CCTV mana pun (citra web/katalog),.jpg
Image_013422_jpg.rf.an9xFcZAHIxvBhK891uZ.jpg,valid,web_katalog,tidak cocok pola CCTV mana pun (citra web/katalog),.jpg
Image_013426_jpg.rf.4Z7TVkIwQFV2GELQXSGt.jpg,valid,web_katalog,tidak cocok pola CCTV mana pun (citra web/katalog),.jpg
Image_013427_jpg.rf.BuUoQMdyEfjfLxHea6Nj.jpg,valid,web_katalog,tidak cocok pola CCTV mana pun (citra web/katalog),.jpg
Image_013433_jpg.rf.sFblMlDohFL24iOE4AiS.jpg,valid,web_katalog,tidak cocok pola CCTV mana pun (citra web/katalog),.jpg
Image_013435_jpg.rf.ToxlYo7jfN7VxUgpsU7s.jpg,valid,web_katalog,tidak cocok pola CCTV mana pun (citra web/katalog),.jpg
Image_013436_jpg.rf.3w6OFnOnnLWTKuAtCx4s.jpg,valid,web_katalog,tidak cocok pola CCTV mana pun (citra web/katalog),.jpg
Image_013441_jpg.rf.Wct9TJtWrOyGIbQFfl90.jpg,valid,web_katalog,tidak cocok pola CCTV mana pun (citra web/katalog),.jpg
Image_013445_jpg.rf.mm6WBZE0TnEpQYZaUjHn.jpg,valid,web_katalog,tidak cocok pola CCTV mana pun (citra web/katalog),.jpg
Image_013446_jpg.rf.F1bpl7CkvFuU4krbXk27.jpg,valid,web_katalog,tidak cocok pola CCTV mana pun (citra web/katalog),.jpg
Image_013448_jpg.rf.opT92WBX6B6eCml6LpQa.jpg,valid,web_katalog,tidak cocok pola CCTV mana pun (citra web/katalog),.jpg
Image_013449_jpg.rf.ZL40bAi89SVC8s6Pg0ZS.jpg,valid,web_katalog,tidak cocok pola CCTV mana pun (citra web/katalog),.jpg
Image_013452_jpg.rf.vHcewDBkxIlfcPdMH8Yf.jpg,valid,web_katalog,tidak cocok pola CCTV mana pun (citra web/katalog),.jpg
Image_013453_jpg.rf.TzQXQqQ7CTJwfRPPlKnI.jpg,valid,web_katalog,tidak cocok pola CCTV mana pun (citra web/katalog),.jpg
Image_013455_jpg.rf.UlNzQGbFMQJhFOEJ9hpH.jpg,valid,web_katalog,tidak cocok pola CCTV mana pun (citra web/katalog),.jpg
Image_013456_jpg.rf.v4A8ueJeLb6AtXT8VpBB.jpg,valid,web_katalog,tidak cocok pola CCTV mana pun (citra web/katalog),.jpg
Image_013457_jpg.rf.4d28OmW72nQTtd3NaEYi.jpg,valid,web_katalog,tidak cocok pola CCTV mana pun (citra web/katalog),.jpg
Image_013458_jpg.rf.p5SzHucg0VgK9IwzA9W3.jpg,valid,web_katalog,tidak cocok pola CCTV mana pun (citra web/katalog),.jpg
Image_013462_jpg.rf.uITRLSQ8gTmAVXjTcKIj.jpg,valid,web_katalog,tidak cocok pola CCTV mana pun (citra web/katalog),.jpg
Image_013469_jpg.rf.2LfqZHJzxByqz8G12wFu.jpg,valid,web_katalog,tidak cocok pola CCTV mana pun (citra web/katalog),.jpg
Image_013470_jpg.rf.PRobJ9LnfkJNGxjHv5JK.jpg,valid,web_katalog,tidak cocok pola CCTV mana pun (citra web/katalog),.jpg
Image_013471_jpg.rf.ILaEO039D3LQEnNOjtyI.jpg,valid,web_katalog,tidak cocok pola CCTV mana pun (citra web/katalog),.jpg
Image_013473_jpg.rf.7YCmpMUVxQA4csbNh9BP.jpg,valid,web_katalog,tidak cocok pola CCTV mana pun (citra web/katalog),.jpg
Image_013475_jpg.rf.jXKu6jObqKcfuPHIjXIO.jpg,valid,web_katalog,tidak cocok pola CCTV mana pun (citra web/katalog),.jpg
Image_013476_jpg.rf.m1eua2Ghxw4nsSSQ1E2C.jpg,valid,web_katalog,tidak cocok pola CCTV mana pun (citra web/katalog),.jpg
Image_013479_jpg.rf.zOMAD6n2estHPVayNTUy.jpg,valid,web_katalog,tidak cocok pola CCTV mana pun (citra web/katalog),.jpg
Image_013480_jpg.rf.fmCjF5Kgdws9EFmLRFlE.jpg,valid,web_katalog,tidak cocok pola CCTV mana pun (citra web/katalog),.jpg
Image_013493_jpg.rf.fsso9LDamHP9DYDcEESG.jpg,valid,web_katalog,tidak cocok pola CCTV mana pun (citra web/katalog),.jpg
Image_013495_jpg.rf.fswvPS9B9PYBJihu1Cyt.jpg,valid,web_katalog,tidak cocok pola CCTV mana pun (citra web/katalog),.jpg
Image_013497_jpg.rf.MbN4PWlgKjUk4onVbsBi.jpg,valid,web_katalog,tidak cocok pola CCTV mana pun (citra web/katalog),.jpg
Image_013499_jpg.rf.BenbfFgZX4RTZJTUB9Mp.jpg,valid,web_katalog,tidak cocok pola CCTV mana pun (citra web/katalog),.jpg
Image_013499_jpg.rf.lJxhJua8lA8LHiaeffyj.jpg,valid,web_katalog,tidak cocok pola CCTV mana pun (citra web/katalog),.jpg
Image_013501_jpg.rf.gIvywbnwOr7jNwUNWoef.jpg,valid,web_katalog,tidak cocok pola CCTV mana pun (citra web/katalog),.jpg
Image_013502_jpg.rf.Xun6tWu26h2OKJ9Scx1H.jpg,valid,web_katalog,tidak cocok pola CCTV mana pun (citra web/katalog),.jpg
Image_013503_jpg.rf.y49vR1GmwjLW0sUORhgN.jpg,valid,web_katalog,tidak cocok pola CCTV mana pun (citra web/katalog),.jpg
Image_013505_jpg.rf.drTXbPR0r88OutOAuG4O.jpg,valid,web_katalog,tidak cocok pola CCTV mana pun (citra web/katalog),.jpg
Image_013508_jpg.rf.K2S49MiYHzxk8IA031aT.jpg,valid,web_katalog,tidak cocok pola CCTV mana pun (citra web/katalog),.jpg
Image_013509_jpg.rf.zGRlgjoeGiHnNEBr8VzU.jpg,valid,web_katalog,tidak cocok pola CCTV mana pun (citra web/katalog),.jpg
Image_013510_jpg.rf.bOzUXwMcLNgGluvLWqIY.jpg,valid,web_katalog,tidak cocok pola CCTV mana pun (citra web/katalog),.jpg
Image_013511_jpg.rf.o4unOEvDu00QZZQX7yVm.jpg,valid,web_katalog,tidak cocok pola CCTV mana pun (citra web/katalog),.jpg
Image_013513_jpg.rf.t4h4OWStixETF3399yA2.jpg,valid,web_katalog,tidak cocok pola CCTV mana pun (citra web/katalog),.jpg
Image_013515_jpg.rf.MbQYcqDhYrDXaMMc0fS7.jpg,valid,web_katalog,tidak cocok pola CCTV mana pun (citra web/katalog),.jpg
Image_013518_jpg.rf.IRXx6tojaXtgc0QHC49Q.jpg,valid,web_katalog,tidak cocok pola CCTV mana pun (citra web/katalog),.jpg
Image_013520_jpg.rf.kWu1LnXxaHME20B2FWdO.jpg,valid,web_katalog,tidak cocok pola CCTV mana pun (citra web/katalog),.jpg
Image_013524_jpg.rf.3EtdV3NDgihMRJ1ZWVZp.jpg,valid,web_katalog,tidak cocok pola CCTV mana pun (citra web/katalog),.jpg
Image_013539_jpg.rf.0NpQYIg8x9Oe5zIgsuR4.jpg,valid,web_katalog,tidak cocok pola CCTV mana pun (citra web/katalog),.jpg
Image_013540_jpg.rf.xTqn9QftWSsBgDkHFHW1.jpg,valid,web_katalog,tidak cocok pola CCTV mana pun (citra web/katalog),.jpg
Image_013543_jpg.rf.DOaERBzM0DfJTntxqkbW.jpg,valid,web_katalog,tidak cocok pola CCTV mana pun (citra web/katalog),.jpg
Image_013545_jpg.rf.sLQMM3OlisW0Qx7Bd2Wh.jpg,valid,web_katalog,tidak cocok pola CCTV mana pun (citra web/katalog),.jpg
Image_013550_jpg.rf.d5MhIyuu1P8moBKFc7U5.jpg,valid,web_katalog,tidak cocok pola CCTV mana pun (citra web/katalog),.jpg
Image_013556_jpg.rf.rKI5r02KGg9kpTkERTyh.jpg,valid,web_katalog,tidak cocok pola CCTV mana pun (citra web/katalog),.jpg
Image_013559_jpg.rf.MZ9ekUcAUTCWAr9BlEVq.jpg,valid,web_katalog,tidak cocok pola CCTV mana pun (citra web/katalog),.jpg
Image_013560_jpg.rf.YlS3Wu107FzXdWWGMDN0.jpg,valid,web_katalog,tidak cocok pola CCTV mana pun (citra web/katalog),.jpg
Image_013561_jpg.rf.OqIXBwyvq5PpARSqNWev.jpg,valid,web_katalog,tidak cocok pola CCTV mana pun (citra web/katalog),.jpg
Image_013567_jpg.rf.ByKlCRFEHBXDa4pYYsiu.jpg,valid,web_katalog,tidak cocok pola CCTV mana pun (citra web/katalog),.jpg
Image_013568_jpg.rf.sIq81UeHLZrNgjUQMKVB.jpg,valid,web_katalog,tidak cocok pola CCTV mana pun (citra web/katalog),.jpg
Image_013572_jpg.rf.KOAvxZoZFerTFXgZgDvN.jpg,valid,web_katalog,tidak cocok pola CCTV mana pun (citra web/katalog),.jpg
Image_013574_jpg.rf.rpDjazDLirXLziKdiHyE.jpg,valid,web_katalog,tidak cocok pola CCTV mana pun (citra web/katalog),.jpg
Image_013575_jpg.rf.N2LNHj29iYfuF1hhfwxX.jpg,valid,web_katalog,tidak cocok pola CCTV mana pun (citra web/katalog),.jpg
Image_013576_jpg.rf.n13IoVNHcgx8w5pNT59C.jpg,valid,web_katalog,tidak cocok pola CCTV mana pun (citra web/katalog),.jpg
Image_013578_jpg.rf.rK514OvGRS0eRoeQiwth.jpg,valid,web_katalog,tidak cocok pola CCTV mana pun (citra web/katalog),.jpg
Image_013580_jpg.rf.ZULcML7BxggYEQIfiih7.jpg,valid,web_katalog,tidak cocok pola CCTV mana pun (citra web/katalog),.jpg
Image_013581_jpg.rf.moUjFeOLOTj6q1G0nBC4.jpg,valid,web_katalog,tidak cocok pola CCTV mana pun (citra web/katalog),.jpg
Image_013583_jpg.rf.Wz23HbrvxBOKthFRaATB.jpg,valid,web_katalog,tidak cocok pola CCTV mana pun (citra web/katalog),.jpg
Image_013586_jpg.rf.QRn60VVnUJ5FeGvTBcXR.jpg,valid,web_katalog,tidak cocok pola CCTV mana pun (citra web/katalog),.jpg
Image_013590_jpg.rf.JyljcdoRsNIm8diJqWDV.jpg,valid,web_katalog,tidak cocok pola CCTV mana pun (citra web/katalog),.jpg
Image_013592_jpg.rf.KIOACr4rCWKjth8hj04B.jpg,valid,web_katalog,tidak cocok pola CCTV mana pun (citra web/katalog),.jpg
Image_013602_jpg.rf.CitjL8l6cjrh2Qa1Lh59.jpg,valid,web_katalog,tidak cocok pola CCTV mana pun (citra web/katalog),.jpg
Image_013604_jpg.rf.RhcoppJYW1hNazVGhZbG.jpg,valid,web_katalog,tidak cocok pola CCTV mana pun (citra web/katalog),.jpg
Image_0148_jpg.rf.rQ0yfcBfjFWOk6TNJSlT.jpg,valid,web_katalog,tidak cocok pola CCTV mana pun (citra web/katalog),.jpg
Mitsubishi-Fuso_mp36_pic_105514_jpg.rf.r5TNIr0jqlPtZh2CMxW5.jpg,valid,web_katalog,tidak cocok pola CCTV mana pun (citra web/katalog),.jpg
Mitsubishi-Fuso_mp36_pic_105517_jpg.rf.qnVE1BLxfMAGj6oCQlkS.jpg,valid,web_katalog,tidak cocok pola CCTV mana pun (citra web/katalog),.jpg
Mitsubishi-Fuso_mp36_pic_105519_jpg.rf.NTvoRzaFWljPC1GgBLJX.jpg,valid,web_katalog,tidak cocok pola CCTV mana pun (citra web/katalog),.jpg
Sejarah-Palkun-2_jpg.rf.O2VOFei4GrBoruyqxNoi.jpg,valid,web_katalog,tidak cocok pola CCTV mana pun (citra web/katalog),.jpg
Sejarah-Palkun-4_jpg.rf.S3GMPq4OubB6LPBjEJqJ.jpg,valid,web_katalog,tidak cocok pola CCTV mana pun (citra web/katalog),.jpg
autonomous-bus-3_jpg.rf.s69OmSszqcIifyIXmiGy.jpg,valid,web_katalog,tidak cocok pola CCTV mana pun (citra web/katalog),.jpg
autonomous-bus-4_jpg.rf.JwKnI1PCeHbjnBB6rvzE.jpg,valid,web_katalog,tidak cocok pola CCTV mana pun (citra web/katalog),.jpg
bus-damri-7_jpg.rf.tKAWw1e6rqRnsJ2Dorz8.jpg,valid,web_katalog,tidak cocok pola CCTV mana pun (citra web/katalog),.jpg
bus-damri-mojokerto-juanda_jpg.rf.dIpnnWPF7zPjYcskjKDC.jpg,valid,web_katalog,tidak cocok pola CCTV mana pun (citra web/katalog),.jpg
bus-damri-mojokerto-juanda_jpg.rf.eNmeNzQKkF2IzPSifS8W.jpg,valid,web_katalog,tidak cocok pola CCTV mana pun (citra web/katalog),.jpg
bus-damri_jpg.rf.RPT3dlxzK02cZLU8R9wL.jpg,valid,web_katalog,tidak cocok pola CCTV mana pun (citra web/katalog),.jpg
damri-10_jpg.rf.sxIg1A90EaF9eOinkmzc.jpg,valid,web_katalog,tidak cocok pola CCTV mana pun (citra web/katalog),.jpg
damri-3_jpg.rf.eXxIWJptdhuaw2q9N7S9.jpg,valid,web_katalog,tidak cocok pola CCTV mana pun (citra web/katalog),.jpg
damri-7_jpg.rf.5phSs4dl67Sx1gy02nyN.jpg,valid,web_katalog,tidak cocok pola CCTV mana pun (citra web/katalog),.jpg
download-game-simulasi-mengemudikan-_png.rf.2GghHe21vCsoSgACaOjc.jpg,valid,web_katalog,tidak cocok pola CCTV mana pun (citra web/katalog),.jpg
download-game-simulasi-mengemudikan-_png.rf.59dPdKKolxfTtsp5OXYw.jpg,valid,web_katalog,tidak cocok pola CCTV mana pun (citra web/katalog),.jpg
frame_000000_png.rf.6H9Hixzt1Rs5gjWEJVmH.png,valid,cctv_rekam_layar,prefiks frame_* (rekam layar penampil CCTV),.png
frame_000000_png.rf.S2rC2JIAK53Y3RE8nnOc.png,valid,cctv_rekam_layar,prefiks frame_* (rekam layar penampil CCTV),.png
frame_000005_png.rf.1gwBNT6KjIuQTJoFRKyH.png,valid,cctv_rekam_layar,prefiks frame_* (rekam layar penampil CCTV),.png
frame_000010_png.rf.vpj0DfwtuhNJALAwxjOD.png,valid,cctv_rekam_layar,prefiks frame_* (rekam layar penampil CCTV),.png
frame_000020_png.rf.JkoECWVZhyFn7JNrjBrL.png,valid,cctv_rekam_layar,prefiks frame_* (rekam layar penampil CCTV),.png
frame_000025_png.rf.KQAwXSFaSOYWSD8pPZEq.png,valid,cctv_rekam_layar,prefiks frame_* (rekam layar penampil CCTV),.png
frame_000026_png.rf.O0RGGFFs8h88JUD2RgHP.png,valid,cctv_rekam_layar,prefiks frame_* (rekam layar penampil CCTV),.png
frame_000040_png.rf.Uu3V6k9JpUiPFe0INjvZ.png,valid,cctv_rekam_layar,prefiks frame_* (rekam layar penampil CCTV),.png
frame_000041_png.rf.tIEtiDMhC3dKcsUIbmdt.png,valid,cctv_rekam_layar,prefiks frame_* (rekam layar penampil CCTV),.png
frame_000050_png.rf.IjKD6QbrHwJqzK3TGfiu.png,valid,cctv_rekam_layar,prefiks frame_* (rekam layar penampil CCTV),.png
frame_000052_png.rf.dbeOaypHTyun29yZVdZh.png,valid,cctv_rekam_layar,prefiks frame_* (rekam layar penampil CCTV),.png
frame_000055_png.rf.gL6JbMwe3nk99o0ZEm7q.png,valid,cctv_rekam_layar,prefiks frame_* (rekam layar penampil CCTV),.png
frame_000060_png.rf.1VUgljBxs3CDaz0nBXJo.png,valid,cctv_rekam_layar,prefiks frame_* (rekam layar penampil CCTV),.png
frame_000065_png.rf.iv3Uwv1CCZidhcbbVlP3.png,valid,cctv_rekam_layar,prefiks frame_* (rekam layar penampil CCTV),.png
frame_000070_png.rf.zJKVuT7AstSOO4h96m2Q.png,valid,cctv_rekam_layar,prefiks frame_* (rekam layar penampil CCTV),.png
frame_000075_png.rf.kQdSELRlnijypWJiHCnI.png,valid,cctv_rekam_layar,prefiks frame_* (rekam layar penampil CCTV),.png
frame_000078_png.rf.3RN86wHw3YcksTE8pKul.png,valid,cctv_rekam_layar,prefiks frame_* (rekam layar penampil CCTV),.png
frame_000080_png.rf.S7ljbFfNar5pWMjOvbsO.png,valid,cctv_rekam_layar,prefiks frame_* (rekam layar penampil CCTV),.png
frame_000082_png.rf.A3yfQsSTTSjthfvJwtAZ.png,valid,cctv_rekam_layar,prefiks frame_* (rekam layar penampil CCTV),.png
frame_000085_png.rf.1DzEaDGfQlCu1FhGHbPd.png,valid,cctv_rekam_layar,prefiks frame_* (rekam layar penampil CCTV),.png
frame_000095_png.rf.8h2BJ7q6nBuQfVlV25gr.png,valid,cctv_rekam_layar,prefiks frame_* (rekam layar penampil CCTV),.png
frame_000100_png.rf.z7pJmLMg2tx8HvGHDEYW.png,valid,cctv_rekam_layar,prefiks frame_* (rekam layar penampil CCTV),.png
frame_000104_png.rf.oFg4utZduFrFuEhI21fy.png,valid,cctv_rekam_layar,prefiks frame_* (rekam layar penampil CCTV),.png
frame_000105_png.rf.IZgvycHl679t0wUBb67I.png,valid,cctv_rekam_layar,prefiks frame_* (rekam layar penampil CCTV),.png
frame_000105_png.rf.hFCiUV7E2vcMFlNUP0QY.png,valid,cctv_rekam_layar,prefiks frame_* (rekam layar penampil CCTV),.png
frame_000115_png.rf.SbCxjWBpjP7u8FVID7yO.png,valid,cctv_rekam_layar,prefiks frame_* (rekam layar penampil CCTV),.png
frame_000115_png.rf.npUVFy66bS8ZjYvVBYav.png,valid,cctv_rekam_layar,prefiks frame_* (rekam layar penampil CCTV),.png
frame_000123_png.rf.jjKsgtjkMVMMtyxFG2Sv.png,valid,cctv_rekam_layar,prefiks frame_* (rekam layar penampil CCTV),.png
frame_000125_png.rf.djaBIRGC1Sa7Vo2sFLi9.png,valid,cctv_rekam_layar,prefiks frame_* (rekam layar penampil CCTV),.png
frame_000130_png.rf.sp0jMQBc124z0OQ0Yv6g.png,valid,cctv_rekam_layar,prefiks frame_* (rekam layar penampil CCTV),.png
frame_000135_png.rf.VrFy7FKoJ660GH6wbGxO.png,valid,cctv_rekam_layar,prefiks frame_* (rekam layar penampil CCTV),.png
frame_000145_png.rf.n9ucJhbRgnKU41gRE3sk.png,valid,cctv_rekam_layar,prefiks frame_* (rekam layar penampil CCTV),.png
frame_000156_png.rf.SlIzeOqNq0ywF4bsqr4N.png,valid,cctv_rekam_layar,prefiks frame_* (rekam layar penampil CCTV),.png
frame_000164_png.rf.zwz0rD1uQSF2PDCrIQWr.png,valid,cctv_rekam_layar,prefiks frame_* (rekam layar penampil CCTV),.png
frame_000175_png.rf.2iCNcxgFFykZAZnFAQBm.png,valid,cctv_rekam_layar,prefiks frame_* (rekam layar penampil CCTV),.png
frame_000175_png.rf.cfmCVLaxn87yry2mSidO.png,valid,cctv_rekam_layar,prefiks frame_* (rekam layar penampil CCTV),.png
frame_000180_png.rf.Ct8LIHv4U57NRfOwEBHW.png,valid,cctv_rekam_layar,prefiks frame_* (rekam layar penampil CCTV),.png
frame_000180_png.rf.RLBz1EHiG886AZ5b7kle.png,valid,cctv_rekam_layar,prefiks frame_* (rekam layar penampil CCTV),.png
frame_000182_png.rf.PuZulIv7Pb4v5HNjucv3.png,valid,cctv_rekam_layar,prefiks frame_* (rekam layar penampil CCTV),.png
frame_000200_png.rf.Zax3plmPPHEKNFB0Vk8i.png,valid,cctv_rekam_layar,prefiks frame_* (rekam layar penampil CCTV),.png
frame_000205_png.rf.23XjHDEPPyCRQffUgcTC.png,valid,cctv_rekam_layar,prefiks frame_* (rekam layar penampil CCTV),.png
frame_000208_png.rf.bF2ZgpXsFeuBh8W9ijgj.png,valid,cctv_rekam_layar,prefiks frame_* (rekam layar penampil CCTV),.png
frame_000215_png.rf.fAewRzBNWBQqNI2Lkipy.png,valid,cctv_rekam_layar,prefiks frame_* (rekam layar penampil CCTV),.png
frame_000220_png.rf.aOKUX9dIwz2l6CuJkRD6.png,valid,cctv_rekam_layar,prefiks frame_* (rekam layar penampil CCTV),.png
frame_000225_png.rf.3bjSOJk1lhfKjiZkdXv5.png,valid,cctv_rekam_layar,prefiks frame_* (rekam layar penampil CCTV),.png
frame_000225_png.rf.mNlKsoWSuO9hQhbhzyDa.png,valid,cctv_rekam_layar,prefiks frame_* (rekam layar penampil CCTV),.png
frame_000230_png.rf.3RMDSaUHMBFfcwjSyviI.png,valid,cctv_rekam_layar,prefiks frame_* (rekam layar penampil CCTV),.png
frame_000234_png.rf.1zRYvwqRi6JBbN0pvWPP.png,valid,cctv_rekam_layar,prefiks frame_* (rekam layar penampil CCTV),.png
frame_000235_png.rf.34VJJbGkBtVJfiFKriRL.png,valid,cctv_rekam_layar,prefiks frame_* (rekam layar penampil CCTV),.png
frame_000235_png.rf.SsXdJnFvNPfAzbPbvRvL.png,valid,cctv_rekam_layar,prefiks frame_* (rekam layar penampil CCTV),.png
frame_000246_png.rf.jNkcqTShTX9S6qRgwlgb.png,valid,cctv_rekam_layar,prefiks frame_* (rekam layar penampil CCTV),.png
frame_000255_png.rf.2rq8BDBfQxOMgrphyRki.png,valid,cctv_rekam_layar,prefiks frame_* (rekam layar penampil CCTV),.png
frame_000255_png.rf.ilnnKrGpqOTbhWscS8vb.png,valid,cctv_rekam_layar,prefiks frame_* (rekam layar penampil CCTV),.png
frame_000260_png.rf.833pqjCLBILYo9nsDXm2.png,valid,cctv_rekam_layar,prefiks frame_* (rekam layar penampil CCTV),.png
frame_000260_png.rf.ImBZPwKJDBV0aqEgRzT2.png,valid,cctv_rekam_layar,prefiks frame_* (rekam layar penampil CCTV),.png
frame_000260_png.rf.OnD95v1SZUqQfJ7lTxmY.png,valid,cctv_rekam_layar,prefiks frame_* (rekam layar penampil CCTV),.png
frame_000265_png.rf.IQzvPiwKezUL8MtIUl0p.png,valid,cctv_rekam_layar,prefiks frame_* (rekam layar penampil CCTV),.png
frame_000265_png.rf.OzgXxepy0cp6iKwVi210.png,valid,cctv_rekam_layar,prefiks frame_* (rekam layar penampil CCTV),.png
frame_000275_png.rf.aTwOKBpK6u0GDLsVnkoL.png,valid,cctv_rekam_layar,prefiks frame_* (rekam layar penampil CCTV),.png
frame_000280_png.rf.x884gHYk8WDjc6cTwD2b.png,valid,cctv_rekam_layar,prefiks frame_* (rekam layar penampil CCTV),.png
frame_000285_png.rf.Ht5Nf1ZZ7MZ9fDq6h3CQ.png,valid,cctv_rekam_layar,prefiks frame_* (rekam layar penampil CCTV),.png
frame_000286_png.rf.8rqN3clZx2TRe4CnMCU4.png,valid,cctv_rekam_layar,prefiks frame_* (rekam layar penampil CCTV),.png
frame_000287_png.rf.4Tp5kVknANAaVmQIzPMl.png,valid,cctv_rekam_layar,prefiks frame_* (rekam layar penampil CCTV),.png
frame_000290_png.rf.3FoXpoPlW58FMMo0mah9.png,valid,cctv_rekam_layar,prefiks frame_* (rekam layar penampil CCTV),.png
frame_000290_png.rf.Kvq7KS4xlCm5g8gKRdkg.png,valid,cctv_rekam_layar,prefiks frame_* (rekam layar penampil CCTV),.png
frame_000300_png.rf.0fl67wthxjqvBsj6t4fM.png,valid,cctv_rekam_layar,prefiks frame_* (rekam layar penampil CCTV),.png
frame_000300_png.rf.liQddKgHDWSsKyhzmZPn.png,valid,cctv_rekam_layar,prefiks frame_* (rekam layar penampil CCTV),.png
frame_000305_png.rf.ErcbZh3iZUY0grHe2P0v.png,valid,cctv_rekam_layar,prefiks frame_* (rekam layar penampil CCTV),.png
frame_000310_png.rf.F8ksWWvwtYsO4thABPDH.png,valid,cctv_rekam_layar,prefiks frame_* (rekam layar penampil CCTV),.png
frame_000310_png.rf.Z44IMd9uLuA9U5wbVh4G.png,valid,cctv_rekam_layar,prefiks frame_* (rekam layar penampil CCTV),.png
frame_000312_png.rf.qJdcvse3zzlGypgP4etO.png,valid,cctv_rekam_layar,prefiks frame_* (rekam layar penampil CCTV),.png
frame_000338_png.rf.tjU1bFRXvqrGsqATlxqc.png,valid,cctv_rekam_layar,prefiks frame_* (rekam layar penampil CCTV),.png
frame_000364_png.rf.3YDdmlnueGkx9bT2QEaZ.png,valid,cctv_rekam_layar,prefiks frame_* (rekam layar penampil CCTV),.png
frame_000369_png.rf.VQ0L1kXmgliBsxll4J4i.png,valid,cctv_rekam_layar,prefiks frame_* (rekam layar penampil CCTV),.png
frame_000390_png.rf.w5FweRruJC5t8M4EMQNi.png,valid,cctv_rekam_layar,prefiks frame_* (rekam layar penampil CCTV),.png
frame_000410_png.rf.5H1DgVt7gJwaX50bu7JL.png,valid,cctv_rekam_layar,prefiks frame_* (rekam layar penampil CCTV),.png
frame_000416_png.rf.aas6ZAKyPskIPsaFRfZp.png,valid,cctv_rekam_layar,prefiks frame_* (rekam layar penampil CCTV),.png
frame_000442_png.rf.kPy3N17fvKJ9uziyGG8D.png,valid,cctv_rekam_layar,prefiks frame_* (rekam layar penampil CCTV),.png
frame_000451_png.rf.dNihngRyfiBZ17yN632A.png,valid,cctv_rekam_layar,prefiks frame_* (rekam layar penampil CCTV),.png
frame_000468_png.rf.sPVXjwV9BtEhXWUxerPt.png,valid,cctv_rekam_layar,prefiks frame_* (rekam layar penampil CCTV),.png
frame_000492_png.rf.IKljb7duYrULIP7lJM7j.png,valid,cctv_rekam_layar,prefiks frame_* (rekam layar penampil CCTV),.png
frame_000494_png.rf.4CtPrUn0qFi7ocbUPHZJ.png,valid,cctv_rekam_layar,prefiks frame_* (rekam layar penampil CCTV),.png
frame_000520_png.rf.KmQx4FKNy0bQ5UTiO5Bs.png,valid,cctv_rekam_layar,prefiks frame_* (rekam layar penampil CCTV),.png
frame_000533_png.rf.wF75yPost0hS3PWBMxxZ.png,valid,cctv_rekam_layar,prefiks frame_* (rekam layar penampil CCTV),.png
frame_000546_png.rf.Kj1fSHzhoQJZ56khtMIc.png,valid,cctv_rekam_layar,prefiks frame_* (rekam layar penampil CCTV),.png
frame_000572_png.rf.Enz9zF3Hl2ydWg8ypA6U.png,valid,cctv_rekam_layar,prefiks frame_* (rekam layar penampil CCTV),.png
frame_000574_png.rf.xEjHB5xEp4jxohi8mAFA.png,valid,cctv_rekam_layar,prefiks frame_* (rekam layar penampil CCTV),.png
frame_000598_png.rf.pIa97KzhFxLS2l055nFF.png,valid,cctv_rekam_layar,prefiks frame_* (rekam layar penampil CCTV),.png
frame_000615_png.rf.pEOXYxaEGQkj4kfSmx7F.png,valid,cctv_rekam_layar,prefiks frame_* (rekam layar penampil CCTV),.png
frame_000624_png.rf.mwYCwNJvsV0X1nrKeHha.png,valid,cctv_rekam_layar,prefiks frame_* (rekam layar penampil CCTV),.png
frame_000650_png.rf.34f2VQdCLlRiFuXf8VEl.png,valid,cctv_rekam_layar,prefiks frame_* (rekam layar penampil CCTV),.png
frame_000656_png.rf.vITl2xUe3UUAsjySptKX.png,valid,cctv_rekam_layar,prefiks frame_* (rekam layar penampil CCTV),.png
frame_000676_png.rf.nbu5ayHwZ0AfWqglUlFm.png,valid,cctv_rekam_layar,prefiks frame_* (rekam layar penampil CCTV),.png
frame_000697_png.rf.u5ii6MAxJYoazUnCKCM1.png,valid,cctv_rekam_layar,prefiks frame_* (rekam layar penampil CCTV),.png
frame_000702_png.rf.6RWiszWYmeQas52IUyQL.png,valid,cctv_rekam_layar,prefiks frame_* (rekam layar penampil CCTV),.png
frame_000728_png.rf.0lZGdehiBx68D1MYh1Yz.png,valid,cctv_rekam_layar,prefiks frame_* (rekam layar penampil CCTV),.png
frame_000738_png.rf.1tFRucLcVETN1ZLWbxDr.png,valid,cctv_rekam_layar,prefiks frame_* (rekam layar penampil CCTV),.png
frame_000754_png.rf.OwAzwJmHj4ffAeGccXqR.png,valid,cctv_rekam_layar,prefiks frame_* (rekam layar penampil CCTV),.png
frame_000779_png.rf.at3dAZwbnlWBx4rGSFPN.png,valid,cctv_rekam_layar,prefiks frame_* (rekam layar penampil CCTV),.png
frame_000780_png.rf.GQUZ7JDX7QEwyXm1I6Hl.png,valid,cctv_rekam_layar,prefiks frame_* (rekam layar penampil CCTV),.png
frame_000806_png.rf.iZ4hkx0RbikQwJ3EfAMt.png,valid,cctv_rekam_layar,prefiks frame_* (rekam layar penampil CCTV),.png
frame_000820_png.rf.xsC03QjQN6ryPPaane0p.png,valid,cctv_rekam_layar,prefiks frame_* (rekam layar penampil CCTV),.png
frame_000832_png.rf.dwWPDJ40ZBNY601HmHIq.png,valid,cctv_rekam_layar,prefiks frame_* (rekam layar penampil CCTV),.png
frame_000858_png.rf.f7OGwKyfatY8jYugjDQT.png,valid,cctv_rekam_layar,prefiks frame_* (rekam layar penampil CCTV),.png
frame_000861_png.rf.NhuVUrWWhwvJ7z2EjO07.png,valid,cctv_rekam_layar,prefiks frame_* (rekam layar penampil CCTV),.png
frame_000884_png.rf.j9Z3vHWcOL2GTJMFmRJa.png,valid,cctv_rekam_layar,prefiks frame_* (rekam layar penampil CCTV),.png
frame_000902_png.rf.LpnETBeHVxVESpBl4tBG.png,valid,cctv_rekam_layar,prefiks frame_* (rekam layar penampil CCTV),.png
frame_000910_png.rf.EXKwELnJEWGu1f9IommF.png,valid,cctv_rekam_layar,prefiks frame_* (rekam layar penampil CCTV),.png
frame_000936_png.rf.oWNnHxVUpY9YYFyCTomO.png,valid,cctv_rekam_layar,prefiks frame_* (rekam layar penampil CCTV),.png
frame_000943_png.rf.c9oL5gMtHz1NPFGdBRWg.png,valid,cctv_rekam_layar,prefiks frame_* (rekam layar penampil CCTV),.png
frame_000962_png.rf.tKWsevhiHeWKz0ELSes9.png,valid,cctv_rekam_layar,prefiks frame_* (rekam layar penampil CCTV),.png
frame_000984_png.rf.8ESEaFMpeL6S8cx0waK9.png,valid,cctv_rekam_layar,prefiks frame_* (rekam layar penampil CCTV),.png
frame_000988_png.rf.ZxKvD8iaLCSKMKhIfbR5.png,valid,cctv_rekam_layar,prefiks frame_* (rekam layar penampil CCTV),.png
frame_001014_png.rf.wuEPtbESfLRGuWAWOcD1.png,valid,cctv_rekam_layar,prefiks frame_* (rekam layar penampil CCTV),.png
frame_001025_png.rf.OGsB3rDwE7bH3kMQyeRp.png,valid,cctv_rekam_layar,prefiks frame_* (rekam layar penampil CCTV),.png
frame_001040_png.rf.iok2Y2MxvHWFawb64jn5.png,valid,cctv_rekam_layar,prefiks frame_* (rekam layar penampil CCTV),.png
frame_001066_png.rf.7vr7aEJMyCNm6X8GHJkA.png,valid,cctv_rekam_layar,prefiks frame_* (rekam layar penampil CCTV),.png
frame_001066_png.rf.dk0tD6p2dWoLDlD0oE5A.png,valid,cctv_rekam_layar,prefiks frame_* (rekam layar penampil CCTV),.png
frame_001092_png.rf.PfjT8dsmdYOIAbejXCtu.png,valid,cctv_rekam_layar,prefiks frame_* (rekam layar penampil CCTV),.png
frame_001107_png.rf.NUl8P8h5X1tPGhiD7Ae9.png,valid,cctv_rekam_layar,prefiks frame_* (rekam layar penampil CCTV),.png
frame_001118_png.rf.Br89S5IHoewk5Nq5bSwr.png,valid,cctv_rekam_layar,prefiks frame_* (rekam layar penampil CCTV),.png
frame_001144_png.rf.rjjxRU67oXQEKzVMr68r.png,valid,cctv_rekam_layar,prefiks frame_* (rekam layar penampil CCTV),.png
frame_001148_png.rf.C8W0TwP0agz4CMvnLL7r.png,valid,cctv_rekam_layar,prefiks frame_* (rekam layar penampil CCTV),.png
frame_001170_png.rf.QAgflNLqua74ZC1FYvkv.png,valid,cctv_rekam_layar,prefiks frame_* (rekam layar penampil CCTV),.png
frame_001189_png.rf.A1tFjsgqj0PTEe9F7PCr.png,valid,cctv_rekam_layar,prefiks frame_* (rekam layar penampil CCTV),.png
frame_001196_png.rf.8AakVAElw1fTe655zYYx.png,valid,cctv_rekam_layar,prefiks frame_* (rekam layar penampil CCTV),.png
frame_001222_png.rf.hAonfHEq09y4EWZgelYT.png,valid,cctv_rekam_layar,prefiks frame_* (rekam layar penampil CCTV),.png
frame_001230_png.rf.Rc9CLDK3vfXqbJkcZYal.png,valid,cctv_rekam_layar,prefiks frame_* (rekam layar penampil CCTV),.png
frame_001248_png.rf.NPymShXqOeR1IBqitDg4.png,valid,cctv_rekam_layar,prefiks frame_* (rekam layar penampil CCTV),.png
frame_001271_png.rf.99lWhDChMBjI2iki74Tz.png,valid,cctv_rekam_layar,prefiks frame_* (rekam layar penampil CCTV),.png
frame_001274_png.rf.ApIN4eRFqV5LSGuCa7it.png,valid,cctv_rekam_layar,prefiks frame_* (rekam layar penampil CCTV),.png
frame_001300_png.rf.KbNLz92ExzNekv1XLcLR.png,valid,cctv_rekam_layar,prefiks frame_* (rekam layar penampil CCTV),.png
frame_001312_png.rf.iLVuijxZPLm0JnRNnWAm.png,valid,cctv_rekam_layar,prefiks frame_* (rekam layar penampil CCTV),.png
frame_001326_png.rf.fJPGy5dsNQUNH8MHhIL1.png,valid,cctv_rekam_layar,prefiks frame_* (rekam layar penampil CCTV),.png
frame_001352_png.rf.wgYcmYi3tbW8vQe6ofBe.png,valid,cctv_rekam_layar,prefiks frame_* (rekam layar penampil CCTV),.png
frame_001353_png.rf.1mkJjKJ7AuSNrUkLZKTO.png,valid,cctv_rekam_layar,prefiks frame_* (rekam layar penampil CCTV),.png
frame_001378_png.rf.14YbqTCdnDEP5X8NgyQQ.png,valid,cctv_rekam_layar,prefiks frame_* (rekam layar penampil CCTV),.png
frame_001394_png.rf.HYVYc1RdOk4IFkzVSWa4.png,valid,cctv_rekam_layar,prefiks frame_* (rekam layar penampil CCTV),.png
frame_001404_png.rf.KaYahc0d0rEE2KOzivzf.png,valid,cctv_rekam_layar,prefiks frame_* (rekam layar penampil CCTV),.png
frame_001430_png.rf.55qndGaRD8rLxyL6O5DV.png,valid,cctv_rekam_layar,prefiks frame_* (rekam layar penampil CCTV),.png
frame_001435_png.rf.v4UzW0oC6p5q2uMnhctf.png,valid,cctv_rekam_layar,prefiks frame_* (rekam layar penampil CCTV),.png
frame_001456_png.rf.mRKIy0Hp0NLUpnNVcf5p.png,valid,cctv_rekam_layar,prefiks frame_* (rekam layar penampil CCTV),.png
frame_001476_png.rf.Xfjvqxv9c3lQLDMZjCdR.png,valid,cctv_rekam_layar,prefiks frame_* (rekam layar penampil CCTV),.png
frame_001482_png.rf.bLVojfXXgb7Ns5kcT98Z.png,valid,cctv_rekam_layar,prefiks frame_* (rekam layar penampil CCTV),.png
frame_001508_png.rf.GhAmPOTZJc728uJU0sbH.png,valid,cctv_rekam_layar,prefiks frame_* (rekam layar penampil CCTV),.png
frame_001517_png.rf.ZQmgLFgWhcaXZ00PiRAq.png,valid,cctv_rekam_layar,prefiks frame_* (rekam layar penampil CCTV),.png
frame_001534_png.rf.DHzh1lCExy4Tfr5ecECH.png,valid,cctv_rekam_layar,prefiks frame_* (rekam layar penampil CCTV),.png
frame_001558_png.rf.RO1eHk5arEB9JVdZ5NKV.png,valid,cctv_rekam_layar,prefiks frame_* (rekam layar penampil CCTV),.png
frame_001560_png.rf.3T2sCwOJdlTYmI269mLp.png,valid,cctv_rekam_layar,prefiks frame_* (rekam layar penampil CCTV),.png
frame_001586_png.rf.ot31RwjuKdOREYWoU5JO.png,valid,cctv_rekam_layar,prefiks frame_* (rekam layar penampil CCTV),.png
frame_001599_png.rf.fJREUxou90X6Cdz9bOCO.png,valid,cctv_rekam_layar,prefiks frame_* (rekam layar penampil CCTV),.png
frame_001612_png.rf.S3CJSYCvoDVLKp7P2Mga.png,valid,cctv_rekam_layar,prefiks frame_* (rekam layar penampil CCTV),.png
frame_001638_png.rf.sCKViMZYo4HpUVBCtZdB.png,valid,cctv_rekam_layar,prefiks frame_* (rekam layar penampil CCTV),.png
frame_001640_png.rf.jGL0ZjlVrVo7VhoJuWwa.png,valid,cctv_rekam_layar,prefiks frame_* (rekam layar penampil CCTV),.png
frame_001664_png.rf.FyNjipmwS4FnwBJgXMzE.png,valid,cctv_rekam_layar,prefiks frame_* (rekam layar penampil CCTV),.png
frame_001681_png.rf.vMgUybrcxw5R00KQSWFz.png,valid,cctv_rekam_layar,prefiks frame_* (rekam layar penampil CCTV),.png
frame_001690_png.rf.rWPBYJz7yoNjuK196eSJ.png,valid,cctv_rekam_layar,prefiks frame_* (rekam layar penampil CCTV),.png
frame_001716_png.rf.qKSzcT9ECxm4NtX3q73g.png,valid,cctv_rekam_layar,prefiks frame_* (rekam layar penampil CCTV),.png
frame_001722_png.rf.8Lzm5f2GfKyvtgLuxWVI.png,valid,cctv_rekam_layar,prefiks frame_* (rekam layar penampil CCTV),.png
frame_001742_png.rf.P9mR6t95AA38c9xNqg1Q.png,valid,cctv_rekam_layar,prefiks frame_* (rekam layar penampil CCTV),.png
frame_001763_png.rf.ubp7SWmmlbsG8Hhcl3tf.png,valid,cctv_rekam_layar,prefiks frame_* (rekam layar penampil CCTV),.png
frame_001768_png.rf.SNnYooQGlCBibHP6nZBp.png,valid,cctv_rekam_layar,prefiks frame_* (rekam layar penampil CCTV),.png
frame_001794_png.rf.Dr1kOSjZWaP9foUg4Tor.png,valid,cctv_rekam_layar,prefiks frame_* (rekam layar penampil CCTV),.png
frame_001804_png.rf.omXIWMGfrWXJA5RaW2r5.png,valid,cctv_rekam_layar,prefiks frame_* (rekam layar penampil CCTV),.png
frame_001820_png.rf.PkzKwi7US1ZP0jtiMWPh.png,valid,cctv_rekam_layar,prefiks frame_* (rekam layar penampil CCTV),.png
frame_001845_png.rf.yKEQsl8wQifPZ8Iewk0P.png,valid,cctv_rekam_layar,prefiks frame_* (rekam layar penampil CCTV),.png
frame_001846_png.rf.kf9mDO1OXkdoCoxRWgc3.png,valid,cctv_rekam_layar,prefiks frame_* (rekam layar penampil CCTV),.png
frame_001872_png.rf.L7aNGSc9IXWncAyUFRD2.png,valid,cctv_rekam_layar,prefiks frame_* (rekam layar penampil CCTV),.png
frame_001886_png.rf.ubsAS38RYtPLz8rYqea9.png,valid,cctv_rekam_layar,prefiks frame_* (rekam layar penampil CCTV),.png
frame_001898_png.rf.jwIPhpKaAVgdKYKIwVWC.png,valid,cctv_rekam_layar,prefiks frame_* (rekam layar penampil CCTV),.png
frame_001924_png.rf.GkpHwde1Q6ttKuNjvHDD.png,valid,cctv_rekam_layar,prefiks frame_* (rekam layar penampil CCTV),.png
frame_001927_png.rf.wwhtwI2HWtsgCNS9GfZU.png,valid,cctv_rekam_layar,prefiks frame_* (rekam layar penampil CCTV),.png
frame_001950_png.rf.qiyLvI2uJS91AO0UHZlR.png,valid,cctv_rekam_layar,prefiks frame_* (rekam layar penampil CCTV),.png
frame_001968_png.rf.z53zutEcvMwaNtQmsn7X.png,valid,cctv_rekam_layar,prefiks frame_* (rekam layar penampil CCTV),.png
frame_001976_png.rf.i1xf00kGFtj6OJG3lxj6.png,valid,cctv_rekam_layar,prefiks frame_* (rekam layar penampil CCTV),.png
frame_002002_png.rf.im6sewKrSbTYDVvT9V9z.png,valid,cctv_rekam_layar,prefiks frame_* (rekam layar penampil CCTV),.png
frame_002009_png.rf.abztcHFPFZCt5AtJkidV.png,valid,cctv_rekam_layar,prefiks frame_* (rekam layar penampil CCTV),.png
frame_002028_png.rf.66rM2qmCSHnf3Gj8wqfm.png,valid,cctv_rekam_layar,prefiks frame_* (rekam layar penampil CCTV),.png
frame_002050_png.rf.NnlwcJ3j9wesOSIOZ9xE.png,valid,cctv_rekam_layar,prefiks frame_* (rekam layar penampil CCTV),.png
frame_002054_png.rf.lYq7TGXdWobVJQxk73br.png,valid,cctv_rekam_layar,prefiks frame_* (rekam layar penampil CCTV),.png
frame_002080_png.rf.ODUYfhnhQGbp49Vl6uwE.png,valid,cctv_rekam_layar,prefiks frame_* (rekam layar penampil CCTV),.png
frame_002091_png.rf.FIjyoLqewtKPYtNgBOtX.png,valid,cctv_rekam_layar,prefiks frame_* (rekam layar penampil CCTV),.png
frame_002106_png.rf.l0iKGJ94R4DOjzkeIaYA.png,valid,cctv_rekam_layar,prefiks frame_* (rekam layar penampil CCTV),.png
frame_002132_png.rf.iUkRrZzQsqxlqkoGmqgd.png,valid,cctv_rekam_layar,prefiks frame_* (rekam layar penampil CCTV),.png
frame_002132_png.rf.lTn6GCJ0Rj9FftKSta6q.png,valid,cctv_rekam_layar,prefiks frame_* (rekam layar penampil CCTV),.png
frame_002158_png.rf.wSCeZ1yV0lImk7KK4MY6.png,valid,cctv_rekam_layar,prefiks frame_* (rekam layar penampil CCTV),.png
frame_002173_png.rf.woNS55ad5oo6iZUP1Trg.png,valid,cctv_rekam_layar,prefiks frame_* (rekam layar penampil CCTV),.png
frame_002184_png.rf.TJmhOhmoAtx6Qbdzf5AA.png,valid,cctv_rekam_layar,prefiks frame_* (rekam layar penampil CCTV),.png
frame_002210_png.rf.AOLnVi0TZ8Kj9qXwNrgU.png,valid,cctv_rekam_layar,prefiks frame_* (rekam layar penampil CCTV),.png
frame_002214_png.rf.q32OELLzhN6dLPcVslOt.png,valid,cctv_rekam_layar,prefiks frame_* (rekam layar penampil CCTV),.png
frame_002236_png.rf.FeIk5d17lcRRth3me1WU.png,valid,cctv_rekam_layar,prefiks frame_* (rekam layar penampil CCTV),.png
frame_002255_png.rf.JtG2WkRPqXkvV4SQv9Y3.png,valid,cctv_rekam_layar,prefiks frame_* (rekam layar penampil CCTV),.png
frame_002262_png.rf.4cJqxhvLdK4Fg1BItyVw.png,valid,cctv_rekam_layar,prefiks frame_* (rekam layar penampil CCTV),.png
frame_002288_png.rf.rbzDMRtTX7p3e9WBP2EY.png,valid,cctv_rekam_layar,prefiks frame_* (rekam layar penampil CCTV),.png
frame_002296_png.rf.Qbh0OWlsNybCyzx03WPW.png,valid,cctv_rekam_layar,prefiks frame_* (rekam layar penampil CCTV),.png
frame_002314_png.rf.LVFAuYRn6V9Yl5xjozaM.png,valid,cctv_rekam_layar,prefiks frame_* (rekam layar penampil CCTV),.png
frame_002337_png.rf.n7V0ib0tHEulPweHclut.png,valid,cctv_rekam_layar,prefiks frame_* (rekam layar penampil CCTV),.png
frame_002340_png.rf.CsVTlVaWB3pgqeMGRIf3.png,valid,cctv_rekam_layar,prefiks frame_* (rekam layar penampil CCTV),.png
frame_002366_png.rf.yskYtHq21FzvSWivJesL.png,valid,cctv_rekam_layar,prefiks frame_* (rekam layar penampil CCTV),.png
frame_002378_png.rf.aewZZ9YeZNauZcCHZuQl.png,valid,cctv_rekam_layar,prefiks frame_* (rekam layar penampil CCTV),.png
frame_002392_png.rf.m1RyY7Z0xJa4Roiisto6.png,valid,cctv_rekam_layar,prefiks frame_* (rekam layar penampil CCTV),.png
frame_002418_png.rf.tnKNO2YocXn73Qv1Yi5Q.png,valid,cctv_rekam_layar,prefiks frame_* (rekam layar penampil CCTV),.png
frame_002419_png.rf.xid0BCMAcMcskxSfQxnq.png,valid,cctv_rekam_layar,prefiks frame_* (rekam layar penampil CCTV),.png
frame_002444_png.rf.PE9zIrosOqjRm3OHuetV.png,valid,cctv_rekam_layar,prefiks frame_* (rekam layar penampil CCTV),.png
frame_002460_png.rf.fgBcoCVTNy71cyYNHcRU.png,valid,cctv_rekam_layar,prefiks frame_* (rekam layar penampil CCTV),.png
frame_002470_png.rf.8UccBkgEcPF2UISeWP12.png,valid,cctv_rekam_layar,prefiks frame_* (rekam layar penampil CCTV),.png
frame_002496_png.rf.oCp9bTeC9RzrQ69PtmPX.png,valid,cctv_rekam_layar,prefiks frame_* (rekam layar penampil CCTV),.png
frame_002501_png.rf.0P43fxiSXPIoVPJqBgiG.png,valid,cctv_rekam_layar,prefiks frame_* (rekam layar penampil CCTV),.png
frame_002522_png.rf.rKtswerWn5DR27lT3qaP.png,valid,cctv_rekam_layar,prefiks frame_* (rekam layar penampil CCTV),.png
frame_002542_png.rf.knPYrmXh0Y69dMaQ6AHP.png,valid,cctv_rekam_layar,prefiks frame_* (rekam layar penampil CCTV),.png
frame_002548_png.rf.Lym2Z6LbGHd950ijP3bU.png,valid,cctv_rekam_layar,prefiks frame_* (rekam layar penampil CCTV),.png
frame_002574_png.rf.xr2niNdDx2ehi3Ty4X76.png,valid,cctv_rekam_layar,prefiks frame_* (rekam layar penampil CCTV),.png
frame_002583_png.rf.YPmEVu87uJ7EEExlZuWT.png,valid,cctv_rekam_layar,prefiks frame_* (rekam layar penampil CCTV),.png
frame_002600_png.rf.FQWlSc3wYrqmTkjf2ZBj.png,valid,cctv_rekam_layar,prefiks frame_* (rekam layar penampil CCTV),.png
frame_002624_png.rf.bW7PWQdRLxxtCY1dJr8y.png,valid,cctv_rekam_layar,prefiks frame_* (rekam layar penampil CCTV),.png
frame_002626_png.rf.013Ja1tj3044GBsJkvZ6.png,valid,cctv_rekam_layar,prefiks frame_* (rekam layar penampil CCTV),.png
frame_002652_png.rf.X2bxY3PaAbW2YAwJJ4bn.png,valid,cctv_rekam_layar,prefiks frame_* (rekam layar penampil CCTV),.png
frame_002665_png.rf.e68vyErsFyEfQtRPrROl.png,valid,cctv_rekam_layar,prefiks frame_* (rekam layar penampil CCTV),.png
frame_002678_png.rf.32sWxACprEwMgBTPIAgc.png,valid,cctv_rekam_layar,prefiks frame_* (rekam layar penampil CCTV),.png
frame_002704_png.rf.w0SNnRVM2d10jEfKjKh0.png,valid,cctv_rekam_layar,prefiks frame_* (rekam layar penampil CCTV),.png
frame_002706_png.rf.LzyrMWcpKL53ufrhQqq3.png,valid,cctv_rekam_layar,prefiks frame_* (rekam layar penampil CCTV),.png
frame_002747_png.rf.uPucnqjpbzpdAq3HLdf6.png,valid,cctv_rekam_layar,prefiks frame_* (rekam layar penampil CCTV),.png
frame_002788_png.rf.eOYKRLFtvxqhIkA2V3jr.png,valid,cctv_rekam_layar,prefiks frame_* (rekam layar penampil CCTV),.png
frame_002829_png.rf.SMmaS33rrKirsV5XANEq.png,valid,cctv_rekam_layar,prefiks frame_* (rekam layar penampil CCTV),.png
frame_002911_png.rf.x08jiKDV5kH2tn73F3iY.png,valid,cctv_rekam_layar,prefiks frame_* (rekam layar penampil CCTV),.png
frame_002952_png.rf.RqyoFXY0VqMNaK4S7sYB.png,valid,cctv_rekam_layar,prefiks frame_* (rekam layar penampil CCTV),.png
frame_002993_png.rf.EfKyxe8kXMfc0ywc8i1n.png,valid,cctv_rekam_layar,prefiks frame_* (rekam layar penampil CCTV),.png
frame_003034_png.rf.d3KbgYzSZnMxvhQupL3F.png,valid,cctv_rekam_layar,prefiks frame_* (rekam layar penampil CCTV),.png
frame_003075_png.rf.2r8fBlXjKEXOkVy1WyCq.png,valid,cctv_rekam_layar,prefiks frame_* (rekam layar penampil CCTV),.png
frame_003116_png.rf.sEbSMV6EHucmFHMiK9q2.png,valid,cctv_rekam_layar,prefiks frame_* (rekam layar penampil CCTV),.png
frame_003157_png.rf.sCy44p30U4omuNGAkNiz.png,valid,cctv_rekam_layar,prefiks frame_* (rekam layar penampil CCTV),.png
frame_003198_png.rf.g235TDmdqo8YL1jgtSU9.png,valid,cctv_rekam_layar,prefiks frame_* (rekam layar penampil CCTV),.png
frame_003239_png.rf.xUtuMsFCo050Ya0K4uty.png,valid,cctv_rekam_layar,prefiks frame_* (rekam layar penampil CCTV),.png
frame_003280_png.rf.67wZzIeZYAFl5d5WoVos.png,valid,cctv_rekam_layar,prefiks frame_* (rekam layar penampil CCTV),.png
frame_003321_png.rf.SA2woxmApQtG9CNS3yTp.png,valid,cctv_rekam_layar,prefiks frame_* (rekam layar penampil CCTV),.png
frame_003362_png.rf.w5r873IFIQ2CueY6bhT6.png,valid,cctv_rekam_layar,prefiks frame_* (rekam layar penampil CCTV),.png
frame_003403_png.rf.OLwdgtQiWufUod83T4e8.png,valid,cctv_rekam_layar,prefiks frame_* (rekam layar penampil CCTV),.png
frame_003444_png.rf.pyk1IwanzIhIPWj36jUp.png,valid,cctv_rekam_layar,prefiks frame_* (rekam layar penampil CCTV),.png
frame_003485_png.rf.N4mfJ6e2ztFL2im8L6AC.png,valid,cctv_rekam_layar,prefiks frame_* (rekam layar penampil CCTV),.png
frame_003526_png.rf.XQCW01uqPdiEd1XokXcd.png,valid,cctv_rekam_layar,prefiks frame_* (rekam layar penampil CCTV),.png
frame_003567_png.rf.XMOb4vse6si4cqh7JQXZ.png,valid,cctv_rekam_layar,prefiks frame_* (rekam layar penampil CCTV),.png
frame_003608_png.rf.7luvHj78JA4Awxnssh3k.png,valid,cctv_rekam_layar,prefiks frame_* (rekam layar penampil CCTV),.png
frame_003649_png.rf.KLSEYK9zajVGeNR47IeU.png,valid,cctv_rekam_layar,prefiks frame_* (rekam layar penampil CCTV),.png
frame_003690_png.rf.gVeVsvPxiufvIBkN5wJE.png,valid,cctv_rekam_layar,prefiks frame_* (rekam layar penampil CCTV),.png
frame_003813_png.rf.W05bqoMSKDDx924Nns0c.png,valid,cctv_rekam_layar,prefiks frame_* (rekam layar penampil CCTV),.png
frame_003854_png.rf.0rJ30onjERlDJ9p2lemS.png,valid,cctv_rekam_layar,prefiks frame_* (rekam layar penampil CCTV),.png
frame_003895_png.rf.TKe5UUsaQLsr9QFB6ns7.png,valid,cctv_rekam_layar,prefiks frame_* (rekam layar penampil CCTV),.png
frame_003936_png.rf.yYdPqmM0Bb0xYZOPovQx.png,valid,cctv_rekam_layar,prefiks frame_* (rekam layar penampil CCTV),.png
frame_003977_png.rf.Qa71bgBkgpQnjFJrfCnl.png,valid,cctv_rekam_layar,prefiks frame_* (rekam layar penampil CCTV),.png
frame_004018_png.rf.lWDhZjNxVghLv5ylhWKF.png,valid,cctv_rekam_layar,prefiks frame_* (rekam layar penampil CCTV),.png
frame_004059_png.rf.swJAEgDy5ng58o4KiVU8.png,valid,cctv_rekam_layar,prefiks frame_* (rekam layar penampil CCTV),.png
frame_004100_png.rf.RZyxlKuCijrcRpnXprsf.png,valid,cctv_rekam_layar,prefiks frame_* (rekam layar penampil CCTV),.png
gambar-20200225_zT2210_jpg.rf.C0MboIoDTax6rO5vrh3k.jpg,valid,web_katalog,tidak cocok pola CCTV mana pun (citra web/katalog),.jpg
gambar-20200225_zT2210_jpg.rf.goJiVOsnZO8I94phlSER.jpg,valid,web_katalog,tidak cocok pola CCTV mana pun (citra web/katalog),.jpg
gol5_10_jpg.rf.rKVKt4lJvQ3JU5ZMnrVb.jpg,valid,web_katalog,tidak cocok pola CCTV mana pun (citra web/katalog),.jpg
gol5_11_jpg.rf.kkMFxSD0gOxSck8N4BYt.jpg,valid,web_katalog,tidak cocok pola CCTV mana pun (citra web/katalog),.jpg
gol5_12_jpg.rf.odJDp97RCgyuxNE38idL.jpg,valid,web_katalog,tidak cocok pola CCTV mana pun (citra web/katalog),.jpg
gol5_13_jpg.rf.9nt7wXLTzYYthi03B969.jpg,valid,web_katalog,tidak cocok pola CCTV mana pun (citra web/katalog),.jpg
gol5_14_jpg.rf.MhJa5Kiq9WdpeFeLM1al.jpg,valid,web_katalog,tidak cocok pola CCTV mana pun (citra web/katalog),.jpg
gol5_15_jpg.rf.F0IENsJ3WF3bqABqJA4x.jpg,valid,web_katalog,tidak cocok pola CCTV mana pun (citra web/katalog),.jpg
gol5_16_jpg.rf.wUortvf4MjwPkMFKIUNV.jpg,valid,web_katalog,tidak cocok pola CCTV mana pun (citra web/katalog),.jpg
gol5_17_jpg.rf.MhpcYxouYNjSL00BiG5V.jpg,valid,web_katalog,tidak cocok pola CCTV mana pun (citra web/katalog),.jpg
gol5_18_jpg.rf.NOLmFb4crgRdELYVsa7U.jpg,valid,web_katalog,tidak cocok pola CCTV mana pun (citra web/katalog),.jpg
gol5_19_jpg.rf.550WDGKtEVS8YIGz7mBL.jpg,valid,web_katalog,tidak cocok pola CCTV mana pun (citra web/katalog),.jpg
gol5_1_jpg.rf.kUrBqLP3BI3aokQCLHg7.jpg,valid,web_katalog,tidak cocok pola CCTV mana pun (citra web/katalog),.jpg
gol5_22_jpg.rf.ApOF8M6k7IhMfjX9bh5T.jpg,valid,web_katalog,tidak cocok pola CCTV mana pun (citra web/katalog),.jpg
gol5_23_jpg.rf.PjYsNvt1Ae3lccwwtktZ.jpg,valid,web_katalog,tidak cocok pola CCTV mana pun (citra web/katalog),.jpg
gol5_26_jpg.rf.cb0WjVEdrC16R703KUem.jpg,valid,web_katalog,tidak cocok pola CCTV mana pun (citra web/katalog),.jpg
gol5_27_jpg.rf.3pMGpMNJpVUoc7DmiIWc.jpg,valid,web_katalog,tidak cocok pola CCTV mana pun (citra web/katalog),.jpg
gol5_2_jpg.rf.Q7XABdxkpBBlq81HL2TE.jpg,valid,web_katalog,tidak cocok pola CCTV mana pun (citra web/katalog),.jpg
gol5_32_jpg.rf.ADhAwuQQA9a6ip77moKv.jpg,valid,web_katalog,tidak cocok pola CCTV mana pun (citra web/katalog),.jpg
gol5_33_jpg.rf.K3DTDwm87wYxIBbIuHfi.jpg,valid,web_katalog,tidak cocok pola CCTV mana pun (citra web/katalog),.jpg
gol5_34_jpg.rf.rKKh6CTZp545skIlY5Ge.jpg,valid,web_katalog,tidak cocok pola CCTV mana pun (citra web/katalog),.jpg
gol5_35_jpg.rf.tUjdmJlKVF1yQLrQsqOO.jpg,valid,web_katalog,tidak cocok pola CCTV mana pun (citra web/katalog),.jpg
gol5_36_jpg.rf.aSBv0eSVA8AFdWjoXdMr.jpg,valid,web_katalog,tidak cocok pola CCTV mana pun (citra web/katalog),.jpg
gol5_38_jpg.rf.70RVTPo7uWe6ASGsiWLW.jpg,valid,web_katalog,tidak cocok pola CCTV mana pun (citra web/katalog),.jpg
gol5_39_jpg.rf.KVMzGjL1AHGDEa9s7vSD.jpg,valid,web_katalog,tidak cocok pola CCTV mana pun (citra web/katalog),.jpg
gol5_3_jpg.rf.yhSsykQavA77ZEHsXwjg.jpg,valid,web_katalog,tidak cocok pola CCTV mana pun (citra web/katalog),.jpg
gol5_40_jpg.rf.xLDpWUmbyuTe3GKsE72n.jpg,valid,web_katalog,tidak cocok pola CCTV mana pun (citra web/katalog),.jpg
gol5_41_jpg.rf.CKWAY1Cp7kDM47AAxwlS.jpg,valid,web_katalog,tidak cocok pola CCTV mana pun (citra web/katalog),.jpg
gol5_42_jpg.rf.abg8fsQ86DovR7uDwKSX.jpg,valid,web_katalog,tidak cocok pola CCTV mana pun (citra web/katalog),.jpg
gol5_43_jpg.rf.96bxeWBuwj3av0nArdYq.jpg,valid,web_katalog,tidak cocok pola CCTV mana pun (citra web/katalog),.jpg
gol5_44_jpg.rf.MH4oTJNqOd3AiqedERbE.jpg,valid,web_katalog,tidak cocok pola CCTV mana pun (citra web/katalog),.jpg
gol5_45_jpg.rf.Rqi8BVM7dYaEIB8jpoHk.jpg,valid,web_katalog,tidak cocok pola CCTV mana pun (citra web/katalog),.jpg
gol5_46_jpg.rf.HLgE2aRwy4F1M8bb2rmm.jpg,valid,web_katalog,tidak cocok pola CCTV mana pun (citra web/katalog),.jpg
gol5_47_jpg.rf.3TF3HJIoiH2tJwjWBoy8.jpg,valid,web_katalog,tidak cocok pola CCTV mana pun (citra web/katalog),.jpg
gol5_48_jpg.rf.sNZsYwfFJhNUYjo1g8dS.jpg,valid,web_katalog,tidak cocok pola CCTV mana pun (citra web/katalog),.jpg
gol5_49_jpg.rf.kMmGwBbcyiQjsP5rQZM2.jpg,valid,web_katalog,tidak cocok pola CCTV mana pun (citra web/katalog),.jpg
gol5_4_jpg.rf.e0EF8ZQYF9TMrrbl8Pyk.jpg,valid,web_katalog,tidak cocok pola CCTV mana pun (citra web/katalog),.jpg
gol5_51_jpg.rf.bEi9Wm5zwYPYnosJxLvf.jpg,valid,web_katalog,tidak cocok pola CCTV mana pun (citra web/katalog),.jpg
gol5_52_jpg.rf.klg7H17IdKeAHcRKox3G.jpg,valid,web_katalog,tidak cocok pola CCTV mana pun (citra web/katalog),.jpg
gol5_53_jpg.rf.9tJQTGypxqUjR6Jg7GB4.jpg,valid,web_katalog,tidak cocok pola CCTV mana pun (citra web/katalog),.jpg
gol5_54_jpg.rf.qylCd97kFARS8AwwtW2x.jpg,valid,web_katalog,tidak cocok pola CCTV mana pun (citra web/katalog),.jpg
gol5_55_jpg.rf.rT4TGBdZbhBvGYUlCH0x.jpg,valid,web_katalog,tidak cocok pola CCTV mana pun (citra web/katalog),.jpg
gol5_56_jpg.rf.hNwILuSecYHus3VCC9Qg.jpg,valid,web_katalog,tidak cocok pola CCTV mana pun (citra web/katalog),.jpg
gol5_57_jpg.rf.0DzcmYXYPqsS8KrO855z.jpg,valid,web_katalog,tidak cocok pola CCTV mana pun (citra web/katalog),.jpg
gol5_58_jpg.rf.wZMPaUQNmI7fE8ZVkrqv.jpg,valid,web_katalog,tidak cocok pola CCTV mana pun (citra web/katalog),.jpg
gol5_59_jpg.rf.XShF1TrjR0IN8bZSpg6o.jpg,valid,web_katalog,tidak cocok pola CCTV mana pun (citra web/katalog),.jpg
gol5_5_jpg.rf.ZGSrNN5iY6pSATd5UGAZ.jpg,valid,web_katalog,tidak cocok pola CCTV mana pun (citra web/katalog),.jpg
gol5_60_jpg.rf.Co0VPrrBQsDlGRapZtwx.jpg,valid,web_katalog,tidak cocok pola CCTV mana pun (citra web/katalog),.jpg
gol5_61_jpg.rf.T5kcQt6uRx279aYn8Nhw.jpg,valid,web_katalog,tidak cocok pola CCTV mana pun (citra web/katalog),.jpg
gol5_62_jpg.rf.nAYjfEdfha8R8R5w3wVt.jpg,valid,web_katalog,tidak cocok pola CCTV mana pun (citra web/katalog),.jpg
gol5_63_jpg.rf.8LT0CnbJfzMiIJtTdqXv.jpg,valid,web_katalog,tidak cocok pola CCTV mana pun (citra web/katalog),.jpg
gol5_64_jpg.rf.QZSd4gmiQ2eKywRU65fs.jpg,valid,web_katalog,tidak cocok pola CCTV mana pun (citra web/katalog),.jpg
gol5_65_jpg.rf.2DLgRlyffboOgR4neqyP.jpg,valid,web_katalog,tidak cocok pola CCTV mana pun (citra web/katalog),.jpg
gol5_66_jpg.rf.qy6pHDnwqx5aEdHIH8MS.jpg,valid,web_katalog,tidak cocok pola CCTV mana pun (citra web/katalog),.jpg
gol5_67_jpg.rf.gyIeQFRlfN710Ri71igI.jpg,valid,web_katalog,tidak cocok pola CCTV mana pun (citra web/katalog),.jpg
gol5_68_jpg.rf.9p4e9JcG1YRfNl4Cwr7J.jpg,valid,web_katalog,tidak cocok pola CCTV mana pun (citra web/katalog),.jpg
gol5_69_jpg.rf.nHxgDb6ZDujt4BirVeVa.jpg,valid,web_katalog,tidak cocok pola CCTV mana pun (citra web/katalog),.jpg
gol5_6_jpg.rf.BciEUDdqKn4DUIz3kCr2.jpg,valid,web_katalog,tidak cocok pola CCTV mana pun (citra web/katalog),.jpg
gol5_7_jpg.rf.y2T7xU1a9ScgNddORWRt.jpg,valid,web_katalog,tidak cocok pola CCTV mana pun (citra web/katalog),.jpg
gol5_8_jpg.rf.ZUL2Otk5JXAZZJfF29YM.jpg,valid,web_katalog,tidak cocok pola CCTV mana pun (citra web/katalog),.jpg
images_49_jpg.rf.7kwDen0KLJS49F7iM9MM.jpg,valid,web_katalog,tidak cocok pola CCTV mana pun (citra web/katalog),.jpg
images_890_jpg.rf.v1ASuHDolrZud2ieHR86.jpg,valid,web_katalog,tidak cocok pola CCTV mana pun (citra web/katalog),.jpg
img_4753_jpg.rf.c9b2z2UiMN6nuD5Xjfii.jpg,valid,web_katalog,tidak cocok pola CCTV mana pun (citra web/katalog),.jpg
img_5466_jpg.rf.HVmqDCdEbmXyEeTFXvD8.jpg,valid,web_katalog,tidak cocok pola CCTV mana pun (citra web/katalog),.jpg
jadwal-bus-damri-jakarta-bandung-630_jpg.rf.v2RJx4bAcufHBfhvxDFs.jpg,valid,web_katalog,tidak cocok pola CCTV mana pun (citra web/katalog),.jpg
jadwal-bus-damri-jakarta-bandung_jpg.rf.1m3jamVC41MfJSk5qbdu.jpg,valid,web_katalog,tidak cocok pola CCTV mana pun (citra web/katalog),.jpg
night-traffic-12_mp4-0000_jpg.rf.C2m4XP7LNYxUiCY7a8mV.jpg,valid,stok_berwatermark,"prefiks night-traffic-12 (rekaman stok, tanda air)",.jpg
night-traffic-12_mp4-0001_jpg.rf.RlcE4Wid0Gpvy7hDe1oj.jpg,valid,stok_berwatermark,"prefiks night-traffic-12 (rekaman stok, tanda air)",.jpg
night-traffic-12_mp4-0002_jpg.rf.tvnvX8BaEp4yz7pkkpFc.jpg,valid,stok_berwatermark,"prefiks night-traffic-12 (rekaman stok, tanda air)",.jpg
night-traffic-12_mp4-0003_jpg.rf.HMT9UgL5vCfrbPvrmwhq.jpg,valid,stok_berwatermark,"prefiks night-traffic-12 (rekaman stok, tanda air)",.jpg
night-traffic-12_mp4-0004_jpg.rf.aGGvHvC4IjyTBfur2iFs.jpg,valid,stok_berwatermark,"prefiks night-traffic-12 (rekaman stok, tanda air)",.jpg
night-traffic-12_mp4-0005_jpg.rf.A6hgPuJbUt3lFTOsAp2O.jpg,valid,stok_berwatermark,"prefiks night-traffic-12 (rekaman stok, tanda air)",.jpg
night-traffic-12_mp4-0006_jpg.rf.mjFc8FLjGOIJweug6qFy.jpg,valid,stok_berwatermark,"prefiks night-traffic-12 (rekaman stok, tanda air)",.jpg
night-traffic-12_mp4-0007_jpg.rf.yz92irRfZwyCMmbMakc0.jpg,valid,stok_berwatermark,"prefiks night-traffic-12 (rekaman stok, tanda air)",.jpg
night-traffic-12_mp4-0008_jpg.rf.keG8bLRjpfAhyaXqdUQY.jpg,valid,stok_berwatermark,"prefiks night-traffic-12 (rekaman stok, tanda air)",.jpg
night-traffic-12_mp4-0009_jpg.rf.WFuIfYQq6vvdVXUsfJlU.jpg,valid,stok_berwatermark,"prefiks night-traffic-12 (rekaman stok, tanda air)",.jpg
night-traffic-12_mp4-0010_jpg.rf.JL89ykcj0Bdw3n1RkwfO.jpg,valid,stok_berwatermark,"prefiks night-traffic-12 (rekaman stok, tanda air)",.jpg
night-traffic-12_mp4-0011_jpg.rf.LFm31wS1P7G2w9mrgdk0.jpg,valid,stok_berwatermark,"prefiks night-traffic-12 (rekaman stok, tanda air)",.jpg
night-traffic-12_mp4-0012_jpg.rf.fmJSTuXiGNzAt6R9dL1E.jpg,valid,stok_berwatermark,"prefiks night-traffic-12 (rekaman stok, tanda air)",.jpg
night-traffic-12_mp4-0013_jpg.rf.CaQI7OFhLGlfMMoYmXFd.jpg,valid,stok_berwatermark,"prefiks night-traffic-12 (rekaman stok, tanda air)",.jpg
night-traffic-12_mp4-0014_jpg.rf.W0FM6lqg22ygYyTFl9Gv.jpg,valid,stok_berwatermark,"prefiks night-traffic-12 (rekaman stok, tanda air)",.jpg
night-traffic-12_mp4-0015_jpg.rf.qM1zYMfOzneP41V1AaFj.jpg,valid,stok_berwatermark,"prefiks night-traffic-12 (rekaman stok, tanda air)",.jpg
night-traffic-12_mp4-0016_jpg.rf.DMkteEYk2LAlwBphubrJ.jpg,valid,stok_berwatermark,"prefiks night-traffic-12 (rekaman stok, tanda air)",.jpg
night-traffic-12_mp4-0017_jpg.rf.S29HqqBFD0vsp5e9tKno.jpg,valid,stok_berwatermark,"prefiks night-traffic-12 (rekaman stok, tanda air)",.jpg
night-traffic-12_mp4-0018_jpg.rf.5ufCvRj0VDRMzIPy2J4O.jpg,valid,stok_berwatermark,"prefiks night-traffic-12 (rekaman stok, tanda air)",.jpg
night-traffic-12_mp4-0019_jpg.rf.WxRBWiIqyBw2oBEag42t.jpg,valid,stok_berwatermark,"prefiks night-traffic-12 (rekaman stok, tanda air)",.jpg
night-traffic-12_mp4-0020_jpg.rf.hrsufeAh4a3Aq6zqug9R.jpg,valid,stok_berwatermark,"prefiks night-traffic-12 (rekaman stok, tanda air)",.jpg
night-traffic-12_mp4-0021_jpg.rf.hOE03U4k1WieizjLwPr4.jpg,valid,stok_berwatermark,"prefiks night-traffic-12 (rekaman stok, tanda air)",.jpg
night-traffic-12_mp4-0022_jpg.rf.lm35936N3LUcndG7WsnU.jpg,valid,stok_berwatermark,"prefiks night-traffic-12 (rekaman stok, tanda air)",.jpg
night-traffic-12_mp4-0023_jpg.rf.ABNL9U0YfFoyy2urJgW4.jpg,valid,stok_berwatermark,"prefiks night-traffic-12 (rekaman stok, tanda air)",.jpg
night-traffic-12_mp4-0024_jpg.rf.nhJps5j8WAjaNOOoy2EY.jpg,valid,stok_berwatermark,"prefiks night-traffic-12 (rekaman stok, tanda air)",.jpg
night-traffic-12_mp4-0025_jpg.rf.RzdKmh4xeTINrGXGpqtR.jpg,valid,stok_berwatermark,"prefiks night-traffic-12 (rekaman stok, tanda air)",.jpg
night-traffic-12_mp4-0026_jpg.rf.1ZXgVFyePasCHdmnD5Vk.jpg,valid,stok_berwatermark,"prefiks night-traffic-12 (rekaman stok, tanda air)",.jpg
night-traffic-12_mp4-0027_jpg.rf.jCUn5bpgvOGQgvicgEub.jpg,valid,stok_berwatermark,"prefiks night-traffic-12 (rekaman stok, tanda air)",.jpg
night-traffic-12_mp4-0028_jpg.rf.YBsbReSCtLBd3FhmD8Fd.jpg,valid,stok_berwatermark,"prefiks night-traffic-12 (rekaman stok, tanda air)",.jpg
night-traffic-12_mp4-0029_jpg.rf.mS9NO53ZEqMXMsZ5bv7w.jpg,valid,stok_berwatermark,"prefiks night-traffic-12 (rekaman stok, tanda air)",.jpg
night-traffic-12_mp4-0030_jpg.rf.aV5oGJHlHMLV0sRdXqG8.jpg,valid,stok_berwatermark,"prefiks night-traffic-12 (rekaman stok, tanda air)",.jpg
night-traffic-12_mp4-0031_jpg.rf.d9aVLJqFVXAWBr8ZGkaI.jpg,valid,stok_berwatermark,"prefiks night-traffic-12 (rekaman stok, tanda air)",.jpg
night-traffic-12_mp4-0032_jpg.rf.UKCMG0dR3EkBAzuiZZfD.jpg,valid,stok_berwatermark,"prefiks night-traffic-12 (rekaman stok, tanda air)",.jpg
night-traffic-12_mp4-0033_jpg.rf.IB2IOtfmcHFl31HEKMMi.jpg,valid,stok_berwatermark,"prefiks night-traffic-12 (rekaman stok, tanda air)",.jpg
night-traffic-8_mp4-0000_jpg.rf.ofChrxFOEm6MXVfS2bMx.jpg,valid,cctv_atcs_diy,prefiks night-traffic-8 (overlay lambang DIY),.jpg
night-traffic-8_mp4-0001_jpg.rf.9EZbFxnX1aED1SjLzEuh.jpg,valid,cctv_atcs_diy,prefiks night-traffic-8 (overlay lambang DIY),.jpg
night-traffic-8_mp4-0003_jpg.rf.FXyYStSEZxO6dkBn1eKg.jpg,valid,cctv_atcs_diy,prefiks night-traffic-8 (overlay lambang DIY),.jpg
night-traffic-8_mp4-0004_jpg.rf.0bMNzoAQ7zIytGGZXCPo.jpg,valid,cctv_atcs_diy,prefiks night-traffic-8 (overlay lambang DIY),.jpg
night-traffic-8_mp4-0005_jpg.rf.mqxiy3y0ogYysUWKoprW.jpg,valid,cctv_atcs_diy,prefiks night-traffic-8 (overlay lambang DIY),.jpg
night-traffic-8_mp4-0007_jpg.rf.OjHpJHqxA5tjg9feAkRw.jpg,valid,cctv_atcs_diy,prefiks night-traffic-8 (overlay lambang DIY),.jpg
night-traffic-8_mp4-0009_jpg.rf.E5taq7KrSvIpqMHB5icB.jpg,valid,cctv_atcs_diy,prefiks night-traffic-8 (overlay lambang DIY),.jpg
night-traffic-8_mp4-0010_jpg.rf.JaCXS2Y0ZCmAcVbddNqp.jpg,valid,cctv_atcs_diy,prefiks night-traffic-8 (overlay lambang DIY),.jpg
night-traffic-8_mp4-0012_jpg.rf.S4T78MbUS5LXFOgQD7d5.jpg,valid,cctv_atcs_diy,prefiks night-traffic-8 (overlay lambang DIY),.jpg
night-traffic-8_mp4-0013_jpg.rf.egAszk1Pucd9ZfmqrRWf.jpg,valid,cctv_atcs_diy,prefiks night-traffic-8 (overlay lambang DIY),.jpg
night-traffic-8_mp4-0014_jpg.rf.ycJU0Rv7J83uSTqKda5q.jpg,valid,cctv_atcs_diy,prefiks night-traffic-8 (overlay lambang DIY),.jpg
night-traffic-8_mp4-0015_jpg.rf.KQUFiqW92mtDvp2xYRrL.jpg,valid,cctv_atcs_diy,prefiks night-traffic-8 (overlay lambang DIY),.jpg
night-traffic-8_mp4-0016_jpg.rf.EADrxKWKdL3nw8D8naQA.jpg,valid,cctv_atcs_diy,prefiks night-traffic-8 (overlay lambang DIY),.jpg
night-traffic-8_mp4-0017_jpg.rf.TGAqZlHFl4uyYRFjs9Bn.jpg,valid,cctv_atcs_diy,prefiks night-traffic-8 (overlay lambang DIY),.jpg
night-traffic-8_mp4-0018_jpg.rf.K12yb8HecJ4H5yRc7sr1.jpg,valid,cctv_atcs_diy,prefiks night-traffic-8 (overlay lambang DIY),.jpg
night-traffic-8_mp4-0019_jpg.rf.sGOCit2uMbfUGfDCMWAC.jpg,valid,cctv_atcs_diy,prefiks night-traffic-8 (overlay lambang DIY),.jpg
night-traffic-8_mp4-0020_jpg.rf.rSgMPz0BCdTAu1aEWpvD.jpg,valid,cctv_atcs_diy,prefiks night-traffic-8 (overlay lambang DIY),.jpg
night-traffic-8_mp4-0021_jpg.rf.8cG2IkpjNRdgJu2i5IIN.jpg,valid,cctv_atcs_diy,prefiks night-traffic-8 (overlay lambang DIY),.jpg
night-traffic-8_mp4-0022_jpg.rf.UaeWPwpBvyTH9mFJv5Pt.jpg,valid,cctv_atcs_diy,prefiks night-traffic-8 (overlay lambang DIY),.jpg
night-traffic-8_mp4-0023_jpg.rf.QuocIHatoSeuCCCnQKcb.jpg,valid,cctv_atcs_diy,prefiks night-traffic-8 (overlay lambang DIY),.jpg
night-traffic-8_mp4-0024_jpg.rf.jDlr6Uh6CYpQlSZo0Cmp.jpg,valid,cctv_atcs_diy,prefiks night-traffic-8 (overlay lambang DIY),.jpg
night-traffic-8_mp4-0028_jpg.rf.b2PyxvP4hatN1N4dvpbD.jpg,valid,cctv_atcs_diy,prefiks night-traffic-8 (overlay lambang DIY),.jpg
night-traffic-8_mp4-0031_jpg.rf.QfqkYda04omcYThuVmmT.jpg,valid,cctv_atcs_diy,prefiks night-traffic-8 (overlay lambang DIY),.jpg
night-traffic-8_mp4-0032_jpg.rf.VTc1eKM2e8fU8ViBkMbv.jpg,valid,cctv_atcs_diy,prefiks night-traffic-8 (overlay lambang DIY),.jpg
night-traffic-8_mp4-0033_jpg.rf.B0imMf9A9yLQ0w6p0Xdz.jpg,valid,cctv_atcs_diy,prefiks night-traffic-8 (overlay lambang DIY),.jpg
night-traffic-8_mp4-0034_jpg.rf.JtgW7SFxGfskpVwPFTo3.jpg,valid,cctv_atcs_diy,prefiks night-traffic-8 (overlay lambang DIY),.jpg
night-traffic-8_mp4-0035_jpg.rf.I59oqWk6iYPz8V4lHNxN.jpg,valid,cctv_atcs_diy,prefiks night-traffic-8 (overlay lambang DIY),.jpg
night-traffic-8_mp4-0036_jpg.rf.d52MdnioJlHHrOxKjpjv.jpg,valid,cctv_atcs_diy,prefiks night-traffic-8 (overlay lambang DIY),.jpg
night-traffic-8_mp4-0037_jpg.rf.xhcm7DRrcONjNQcpkcTo.jpg,valid,cctv_atcs_diy,prefiks night-traffic-8 (overlay lambang DIY),.jpg
night-traffic-8_mp4-0038_jpg.rf.VjrMz1ZVsVheaRKfQej6.jpg,valid,cctv_atcs_diy,prefiks night-traffic-8 (overlay lambang DIY),.jpg
night-traffic-8_mp4-0040_jpg.rf.mAsHYlerSHUoUH5RiUSm.jpg,valid,cctv_atcs_diy,prefiks night-traffic-8 (overlay lambang DIY),.jpg
night-traffic-8_mp4-0041_jpg.rf.YTWFpRQDVdyqrvNcWLQm.jpg,valid,cctv_atcs_diy,prefiks night-traffic-8 (overlay lambang DIY),.jpg
night-traffic-8_mp4-0043_jpg.rf.FFR7jROvWHBleZGSyRIa.jpg,valid,cctv_atcs_diy,prefiks night-traffic-8 (overlay lambang DIY),.jpg
night-traffic-8_mp4-0045_jpg.rf.5ZAOtZwsgdvJi065GYHP.jpg,valid,cctv_atcs_diy,prefiks night-traffic-8 (overlay lambang DIY),.jpg
night-traffic-8_mp4-0047_jpg.rf.f8j9QCLEVVmfiUUwP89F.jpg,valid,cctv_atcs_diy,prefiks night-traffic-8 (overlay lambang DIY),.jpg
night-traffic-8_mp4-0048_jpg.rf.PnAGRwZU2nBp2Z7x4KY4.jpg,valid,cctv_atcs_diy,prefiks night-traffic-8 (overlay lambang DIY),.jpg
night-traffic-8_mp4-0050_jpg.rf.f6oEftsGAljQT1z9j69R.jpg,valid,cctv_atcs_diy,prefiks night-traffic-8 (overlay lambang DIY),.jpg
night-traffic-8_mp4-0052_jpg.rf.7UI7jBoe5QdD0F5c96Bp.jpg,valid,cctv_atcs_diy,prefiks night-traffic-8 (overlay lambang DIY),.jpg
night-traffic-8_mp4-0054_jpg.rf.DUAQtoOpjPpSoXT4ZXks.jpg,valid,cctv_atcs_diy,prefiks night-traffic-8 (overlay lambang DIY),.jpg
night-traffic-8_mp4-0055_jpg.rf.Vwl8DfCz4qjqC12U2e37.jpg,valid,cctv_atcs_diy,prefiks night-traffic-8 (overlay lambang DIY),.jpg
night-traffic-8_mp4-0057_jpg.rf.pC2ORlpSEMLxbc3ZboYZ.jpg,valid,cctv_atcs_diy,prefiks night-traffic-8 (overlay lambang DIY),.jpg
night-traffic-8_mp4-0059_jpg.rf.MqxR8Hwq9175xFvAvKOU.jpg,valid,cctv_atcs_diy,prefiks night-traffic-8 (overlay lambang DIY),.jpg
night-traffic-8_mp4-0061_jpg.rf.HXvwQ1nk1lft5UljDd3F.jpg,valid,cctv_atcs_diy,prefiks night-traffic-8 (overlay lambang DIY),.jpg
night-traffic-8_mp4-0063_jpg.rf.WuPiyS5e0katm6PaQhad.jpg,valid,cctv_atcs_diy,prefiks night-traffic-8 (overlay lambang DIY),.jpg
night-traffic-8_mp4-0065_jpg.rf.MapdCXtF4suaTPvAf039.jpg,valid,cctv_atcs_diy,prefiks night-traffic-8 (overlay lambang DIY),.jpg
night-traffic-8_mp4-0066_jpg.rf.7MBamH8E0jU7VHTydJaH.jpg,valid,cctv_atcs_diy,prefiks night-traffic-8 (overlay lambang DIY),.jpg
night-traffic-8_mp4-0068_jpg.rf.QKKYqdKlJfqVsZzS77A4.jpg,valid,cctv_atcs_diy,prefiks night-traffic-8 (overlay lambang DIY),.jpg
night-traffic-8_mp4-0070_jpg.rf.AlPRcoc4dnnZ9YeDJd3H.jpg,valid,cctv_atcs_diy,prefiks night-traffic-8 (overlay lambang DIY),.jpg
night-traffic-8_mp4-0071_jpg.rf.okZmmmWPtdqBr0mUps2U.jpg,valid,cctv_atcs_diy,prefiks night-traffic-8 (overlay lambang DIY),.jpg
night-traffic-8_mp4-0072_jpg.rf.QyS9ZvuQhotxU2bbWDWF.jpg,valid,cctv_atcs_diy,prefiks night-traffic-8 (overlay lambang DIY),.jpg
night-traffic-8_mp4-0074_jpg.rf.QSpq3wXkxk26mhpidFCz.jpg,valid,cctv_atcs_diy,prefiks night-traffic-8 (overlay lambang DIY),.jpg
night-traffic-8_mp4-0075_jpg.rf.NcaNpy3zyurJNlH0AoKG.jpg,valid,cctv_atcs_diy,prefiks night-traffic-8 (overlay lambang DIY),.jpg
night-traffic-8_mp4-0076_jpg.rf.MsbxqODyfyHnbZsCOKC1.jpg,valid,cctv_atcs_diy,prefiks night-traffic-8 (overlay lambang DIY),.jpg
night-traffic-8_mp4-0077_jpg.rf.eN7zOTLmKQUmvGSwkWIS.jpg,valid,cctv_atcs_diy,prefiks night-traffic-8 (overlay lambang DIY),.jpg
night-traffic-8_mp4-0079_jpg.rf.nwatznAAtgcggN7ft0gp.jpg,valid,cctv_atcs_diy,prefiks night-traffic-8 (overlay lambang DIY),.jpg
night-traffic-8_mp4-0084_jpg.rf.ykzrJtnYIehoz54gPUjs.jpg,valid,cctv_atcs_diy,prefiks night-traffic-8 (overlay lambang DIY),.jpg
night-traffic-8_mp4-0086_jpg.rf.kWVCUxqosNErHJKCrPhl.jpg,valid,cctv_atcs_diy,prefiks night-traffic-8 (overlay lambang DIY),.jpg
night-traffic-8_mp4-0088_jpg.rf.yBMwhOxsdy26uqzrYX9V.jpg,valid,cctv_atcs_diy,prefiks night-traffic-8 (overlay lambang DIY),.jpg
night-traffic-8_mp4-0089_jpg.rf.FUOhQ2h4O7bVWRgX9YXd.jpg,valid,cctv_atcs_diy,prefiks night-traffic-8 (overlay lambang DIY),.jpg
night-traffic-8_mp4-0090_jpg.rf.MoDdCkFsh7oH13yf9Oz8.jpg,valid,cctv_atcs_diy,prefiks night-traffic-8 (overlay lambang DIY),.jpg
night-traffic-8_mp4-0092_jpg.rf.XEugUGyGtz0ubQO5D166.jpg,valid,cctv_atcs_diy,prefiks night-traffic-8 (overlay lambang DIY),.jpg
night-traffic-8_mp4-0093_jpg.rf.nFcBCA7dTIj8d4AJVIUI.jpg,valid,cctv_atcs_diy,prefiks night-traffic-8 (overlay lambang DIY),.jpg
night-traffic-8_mp4-0095_jpg.rf.8IWv9Scun4HNSQkgV3wb.jpg,valid,cctv_atcs_diy,prefiks night-traffic-8 (overlay lambang DIY),.jpg
night-traffic-8_mp4-0096_jpg.rf.9L3lD5DaYqgpCUvmRQfk.jpg,valid,cctv_atcs_diy,prefiks night-traffic-8 (overlay lambang DIY),.jpg
night-traffic-8_mp4-0097_jpg.rf.bQNhoZQdO48lOkYJOeYq.jpg,valid,cctv_atcs_diy,prefiks night-traffic-8 (overlay lambang DIY),.jpg
pl22530647-yellow_color_sinotruk_6x4_jpg.rf.HDHDZ46lnrQ6DL0Zy6T4.jpg,valid,web_katalog,tidak cocok pola CCTV mana pun (citra web/katalog),.jpg
001--1-_jpg.rf.wkSeYcM5YoL66nCZGlH7.jpg,test,web_katalog,tidak cocok pola CCTV mana pun (citra web/katalog),.jpg
001--2-_jpg.rf.7EHquHvIY9vsPYQbsvMP.jpg,test,web_katalog,tidak cocok pola CCTV mana pun (citra web/katalog),.jpg
1-1_jpg.rf.dccCthVttEtDYGpWa56D.jpg,test,web_katalog,tidak cocok pola CCTV mana pun (citra web/katalog),.jpg
101_1184_jpg.rf.mwnbApr7tM4bxHfAHISo.jpg,test,web_katalog,tidak cocok pola CCTV mana pun (citra web/katalog),.jpg
101_1989_jpg.rf.aEBkTDHD43IXVUSlU5XM.jpg,test,web_katalog,tidak cocok pola CCTV mana pun (citra web/katalog),.jpg
101_2257_jpg.rf.aHGbZRugV1vknghARKLe.jpg,test,web_katalog,tidak cocok pola CCTV mana pun (citra web/katalog),.jpg
101_2265_jpg.rf.ic06sdv1YV1zRMcxMC61.jpg,test,web_katalog,tidak cocok pola CCTV mana pun (citra web/katalog),.jpg
101_2269_jpg.rf.s076KlyzgjjVa3pQWZdN.jpg,test,web_katalog,tidak cocok pola CCTV mana pun (citra web/katalog),.jpg
101_2281_jpg.rf.0vhB8rx1VydlzpMTug9i.jpg,test,web_katalog,tidak cocok pola CCTV mana pun (citra web/katalog),.jpg
101_2285_jpg.rf.ilx7hI28oV2swsiqjL8y.jpg,test,web_katalog,tidak cocok pola CCTV mana pun (citra web/katalog),.jpg
1_1_jpg.rf.SZ7yetOhQSShmXal2O1J.jpg,test,web_katalog,tidak cocok pola CCTV mana pun (citra web/katalog),.jpg
2005-mitsubishi-fuso-fm260-18ft-dies-1_jpg.rf.FFc03begTs8TdKM8pB5M.jpg,test,web_katalog,tidak cocok pola CCTV mana pun (citra web/katalog),.jpg
2005-mitsubishi-fuso-fm260-18ft-dies-2_jpg.rf.p2kHTS3QvWRWWjkjyf5R.jpg,test,web_katalog,tidak cocok pola CCTV mana pun (citra web/katalog),.jpg
2005-mitsubishi-fuso-fm260-18ft-dies-3_jpg.rf.2gHEqMSHoay5guuHWS4X.jpg,test,web_katalog,tidak cocok pola CCTV mana pun (citra web/katalog),.jpg
2005-mitsubishi-fuso-fm260-18ft-dies_jpg.rf.kqzVHj7ekIbyccscNANB.jpg,test,web_katalog,tidak cocok pola CCTV mana pun (citra web/katalog),.jpg
202005139300424_jpg.rf.Wed0Qpgi0K4kowc4EdsR.jpg,test,web_katalog,tidak cocok pola CCTV mana pun (citra web/katalog),.jpg
202005139308815_jpg.rf.fMjFWT4ae0HhHQMVrg74.jpg,test,web_katalog,tidak cocok pola CCTV mana pun (citra web/katalog),.jpg
202010265448683_jpg.rf.yDK15bISuiQP0Bd7bl4A.jpg,test,web_katalog,tidak cocok pola CCTV mana pun (citra web/katalog),.jpg
202010265449562_jpg.rf.TLJ3BbNJTF54QVcVa218.jpg,test,web_katalog,tidak cocok pola CCTV mana pun (citra web/katalog),.jpg
202012116998536_jpg.rf.AsG6uki2QsY8S2d1g0zP.jpg,test,web_katalog,tidak cocok pola CCTV mana pun (citra web/katalog),.jpg
202012117003463_jpg.rf.0jxuAx9DqK3MuLNqEsKV.jpg,test,web_katalog,tidak cocok pola CCTV mana pun (citra web/katalog),.jpg
202102179152860_jpg.rf.SR6UpCnkqtsz3sDYYMY9.jpg,test,web_katalog,tidak cocok pola CCTV mana pun (citra web/katalog),.jpg
202102179155180_jpg.rf.826yWVJ35QykR4RrTlZD.jpg,test,web_katalog,tidak cocok pola CCTV mana pun (citra web/katalog),.jpg
202102179161742_jpg.rf.Xm0Ye5i4jhrAQZjlPziB.jpg,test,web_katalog,tidak cocok pola CCTV mana pun (citra web/katalog),.jpg
202102179168359_jpg.rf.JPNqX0WJjWu0CaaDAJ0j.jpg,test,web_katalog,tidak cocok pola CCTV mana pun (citra web/katalog),.jpg
202102179172095_jpg.rf.8X8Or3tN3Ve2XUHLsExj.jpg,test,web_katalog,tidak cocok pola CCTV mana pun (citra web/katalog),.jpg
202103190329292_jpg.rf.RT0UHVQBzQarDvHMk7aP.jpg,test,web_katalog,tidak cocok pola CCTV mana pun (citra web/katalog),.jpg
202103190329782_jpg.rf.MyJaeNdadLEIhKZICcL4.jpg,test,web_katalog,tidak cocok pola CCTV mana pun (citra web/katalog),.jpg
202103190333991_jpg.rf.D92w3ZYDjJZxyhO2ZqdA.jpg,test,web_katalog,tidak cocok pola CCTV mana pun (citra web/katalog),.jpg
202103190333993_jpg.rf.wJkbdWwh9hqsDzWgCe6r.jpg,test,web_katalog,tidak cocok pola CCTV mana pun (citra web/katalog),.jpg
202103190333994_jpg.rf.tfIuxqxEmQv3bLAdQpr3.jpg,test,web_katalog,tidak cocok pola CCTV mana pun (citra web/katalog),.jpg
202103190333999_jpg.rf.ncyhpYHA7OIbdqWOJK3W.jpg,test,web_katalog,tidak cocok pola CCTV mana pun (citra web/katalog),.jpg
202103190341597_jpg.rf.sugxrwYfZlQxYq7AP18f.jpg,test,web_katalog,tidak cocok pola CCTV mana pun (citra web/katalog),.jpg
202103190347234_jpg.rf.LVKg5g3YhCVbw3EmExuy.jpg,test,web_katalog,tidak cocok pola CCTV mana pun (citra web/katalog),.jpg
202103190347603_jpg.rf.mEKioKuEJtLr7CpKjnLk.jpg,test,web_katalog,tidak cocok pola CCTV mana pun (citra web/katalog),.jpg
202104071064186_jpg.rf.zqU6TE3CRp8pGxmLNvw9.jpg,test,web_katalog,tidak cocok pola CCTV mana pun (citra web/katalog),.jpg
202104071074832_jpg.rf.tQL17FJ2lCvhwQLpl3Us.jpg,test,web_katalog,tidak cocok pola CCTV mana pun (citra web/katalog),.jpg
202104071098662_jpg.rf.IucOucAQxSp5CKYW19Gv.jpg,test,web_katalog,tidak cocok pola CCTV mana pun (citra web/katalog),.jpg
202104071099817_jpg.rf.LQGNDOnmr8gGOtFEglZ5.jpg,test,web_katalog,tidak cocok pola CCTV mana pun (citra web/katalog),.jpg
202104071100235_jpg.rf.qOvpVjfe85RVrjEN4Xov.jpg,test,web_katalog,tidak cocok pola CCTV mana pun (citra web/katalog),.jpg
202104091169975_jpg.rf.iZlAyb3OWvCkENRQImng.jpg,test,web_katalog,tidak cocok pola CCTV mana pun (citra web/katalog),.jpg
202104091171398_jpg.rf.FndvsKlppgM6EnumPbok.jpg,test,web_katalog,tidak cocok pola CCTV mana pun (citra web/katalog),.jpg
202104091171569_jpg.rf.smngu7dqFmIRQ241a0hX.jpg,test,web_katalog,tidak cocok pola CCTV mana pun (citra web/katalog),.jpg
202104091185516_jpg.rf.FVbAcO0n6W7cARVmlBYp.jpg,test,web_katalog,tidak cocok pola CCTV mana pun (citra web/katalog),.jpg
202104091187351_jpg.rf.ZHmWibbj93jc4agcJ1SI.jpg,test,web_katalog,tidak cocok pola CCTV mana pun (citra web/katalog),.jpg
202104111224738_jpg.rf.p13hv68uNYNclPkQtVOb.jpg,test,web_katalog,tidak cocok pola CCTV mana pun (citra web/katalog),.jpg
202104111224745_jpg.rf.ypDP4xRZLnIPGNWU5fLT.jpg,test,web_katalog,tidak cocok pola CCTV mana pun (citra web/katalog),.jpg
202104111224746_jpg.rf.NnVI8sWYQC8jjj2zB5TV.jpg,test,web_katalog,tidak cocok pola CCTV mana pun (citra web/katalog),.jpg
202104111224752_jpg.rf.iFJsrYTbL5WD948iEi3I.jpg,test,web_katalog,tidak cocok pola CCTV mana pun (citra web/katalog),.jpg
202104111242784_jpg.rf.PcgAPR14Ho7mCuaxvYna.jpg,test,web_katalog,tidak cocok pola CCTV mana pun (citra web/katalog),.jpg
202104121258726_jpg.rf.BJbLlwt8olIRXeu27hWw.jpg,test,web_katalog,tidak cocok pola CCTV mana pun (citra web/katalog),.jpg
202104121259531_jpg.rf.8p5YaVCKC4e1AGBUXOeY.jpg,test,web_katalog,tidak cocok pola CCTV mana pun (citra web/katalog),.jpg
202104121264211_jpg.rf.bPLZM5bHJvHij2pCmSps.jpg,test,web_katalog,tidak cocok pola CCTV mana pun (citra web/katalog),.jpg
202104121268333_jpg.rf.dr7e7oY1VWx54v9bFj5I.jpg,test,web_katalog,tidak cocok pola CCTV mana pun (citra web/katalog),.jpg
202104121270245_jpg.rf.Kwmz367rawZxAC3XvIvS.jpg,test,web_katalog,tidak cocok pola CCTV mana pun (citra web/katalog),.jpg
202104141335165_jpg.rf.pqnIjSm7mMqD3hSZXlhg.jpg,test,web_katalog,tidak cocok pola CCTV mana pun (citra web/katalog),.jpg
202104141335170_jpg.rf.i7bk0f0ucP9H7Lc3MpUF.jpg,test,web_katalog,tidak cocok pola CCTV mana pun (citra web/katalog),.jpg
202104141335173_jpg.rf.Kzr7OhT17cyxkKqGznqG.jpg,test,web_katalog,tidak cocok pola CCTV mana pun (citra web/katalog),.jpg
202104141335281_jpg.rf.0nG1MNoWnIeiAKAgisds.jpg,test,web_katalog,tidak cocok pola CCTV mana pun (citra web/katalog),.jpg
202104141335282_jpg.rf.DteOqKmlWaeghV3sQ68B.jpg,test,web_katalog,tidak cocok pola CCTV mana pun (citra web/katalog),.jpg
202104141335304_jpg.rf.3SX9aiqHw5NqRifQpkfy.jpg,test,web_katalog,tidak cocok pola CCTV mana pun (citra web/katalog),.jpg
202104141345532_jpg.rf.UofQyPG6Z5JoaTCiDTbF.jpg,test,web_katalog,tidak cocok pola CCTV mana pun (citra web/katalog),.jpg
202104141353836_jpg.rf.bJ7stKzQhUZTRjEubODh.jpg,test,web_katalog,tidak cocok pola CCTV mana pun (citra web/katalog),.jpg
202104141362178_jpg.rf.nXzpLmazNv8ln5ucPByO.jpg,test,web_katalog,tidak cocok pola CCTV mana pun (citra web/katalog),.jpg
202104161432578_jpg.rf.y8Vto6hg9MvOW5sdHNRI.jpg,test,web_katalog,tidak cocok pola CCTV mana pun (citra web/katalog),.jpg
202104161433145_jpg.rf.MfaiarQ7xV6KO3D1OoR5.jpg,test,web_katalog,tidak cocok pola CCTV mana pun (citra web/katalog),.jpg
202104161434627_jpg.rf.yqQRIL5xbn5XIHR48xHh.jpg,test,web_katalog,tidak cocok pola CCTV mana pun (citra web/katalog),.jpg
202104161438831_jpg.rf.RIHBUHqMclMqnVFtu2vG.jpg,test,web_katalog,tidak cocok pola CCTV mana pun (citra web/katalog),.jpg
202104161459316_jpg.rf.f0hMppVOc7G2qOsEx2Q3.jpg,test,web_katalog,tidak cocok pola CCTV mana pun (citra web/katalog),.jpg
202104191536509_jpg.rf.IKJIBEIrNSkUgNzcvFhE.jpg,test,web_katalog,tidak cocok pola CCTV mana pun (citra web/katalog),.jpg
202104191536509_jpg.rf.VHESV3jQpJOt8xfGQLAy.jpg,test,web_katalog,tidak cocok pola CCTV mana pun (citra web/katalog),.jpg
202104191559129_jpg.rf.oNA09pitYncIWB5fvb3D.jpg,test,web_katalog,tidak cocok pola CCTV mana pun (citra web/katalog),.jpg
202104191560405_jpg.rf.7xztvjfyt1UdITEpBAl2.jpg,test,web_katalog,tidak cocok pola CCTV mana pun (citra web/katalog),.jpg
202104191566023_jpg.rf.8ejUalPK2mLVesoKQhH3.jpg,test,web_katalog,tidak cocok pola CCTV mana pun (citra web/katalog),.jpg
202104201585510_jpg.rf.0Ij3dpB4e0jWQ3ay8hYD.jpg,test,web_katalog,tidak cocok pola CCTV mana pun (citra web/katalog),.jpg
202104201601259_jpg.rf.gMjTMozn6qKc3RJhsHGo.jpg,test,web_katalog,tidak cocok pola CCTV mana pun (citra web/katalog),.jpg
202104201604290_jpg.rf.rLaaOq3g4YauMFEJZEta.jpg,test,web_katalog,tidak cocok pola CCTV mana pun (citra web/katalog),.jpg
202104201604579_jpg.rf.0A9YbNbQs5wwb97F1u4C.jpg,test,web_katalog,tidak cocok pola CCTV mana pun (citra web/katalog),.jpg
Bus-Damri-1_jpg.rf.gm5kTdkPqNvN3EkT6AuO.jpg,test,web_katalog,tidak cocok pola CCTV mana pun (citra web/katalog),.jpg
Bus-Damri-2_jpg.rf.55yYIy8dsbwrsmA8Q3Gp.jpg,test,web_katalog,tidak cocok pola CCTV mana pun (citra web/katalog),.jpg
Bus-Damri-3_jpg.rf.wrzhOvfFFUcLXQBj2ODh.jpg,test,web_katalog,tidak cocok pola CCTV mana pun (citra web/katalog),.jpg
Bus-Damri-4_jpg.rf.Us3mR0EfPuG114bBtose.jpg,test,web_katalog,tidak cocok pola CCTV mana pun (citra web/katalog),.jpg
Bus-Damri-6_jpg.rf.CkhPfbNIsEkG6Ctg4vCx.jpg,test,web_katalog,tidak cocok pola CCTV mana pun (citra web/katalog),.jpg
Damri-Royal-Class-71_jpg.rf.hxJDjVsX6bAb07WrrSCP.jpg,test,web_katalog,tidak cocok pola CCTV mana pun (citra web/katalog),.jpg
IMG-0086_jpg.rf.gjCcTQqn54CM13R6czK4.jpg,test,web_katalog,tidak cocok pola CCTV mana pun (citra web/katalog),.jpg
IMG_0013_jpg.rf.qzHnA16jSNuCVrOCKgAK.jpg,test,web_katalog,tidak cocok pola CCTV mana pun (citra web/katalog),.jpg
IMG_0111_jpg.rf.ObHNb6ec1dX15FO7LVHb.jpg,test,web_katalog,tidak cocok pola CCTV mana pun (citra web/katalog),.jpg
IMG_1166_jpg.rf.bcisv9Jz37jhqjBepTos.jpg,test,web_katalog,tidak cocok pola CCTV mana pun (citra web/katalog),.jpg
IMG_5063_jpg.rf.oiswi2dhWpR3CpHFE9PP.jpg,test,web_katalog,tidak cocok pola CCTV mana pun (citra web/katalog),.jpg
IMG_5455-1_jpg.rf.L5CPMLJYqcbdr9kpveGT.jpg,test,web_katalog,tidak cocok pola CCTV mana pun (citra web/katalog),.jpg
IMG_5455-2_jpg.rf.9ONGNci8v0KQrLDqmktI.jpg,test,web_katalog,tidak cocok pola CCTV mana pun (citra web/katalog),.jpg
IMG_5456_jpg.rf.ofxeLiFuGMXe4NPPsdED.jpg,test,web_katalog,tidak cocok pola CCTV mana pun (citra web/katalog),.jpg
IMG_5457_jpg.rf.l2eN4fhdP2WVTktxEBXB.jpg,test,web_katalog,tidak cocok pola CCTV mana pun (citra web/katalog),.jpg
Recording 2025-08-25 114243_mp4-0000_jpg.rf.pynkkSKcGrME7DmBaZYw.jpg,test,cctv_dishub_demak,prefiks Recording* (overlay DISHUB DEMAK),.jpg
Recording 2025-08-25 114243_mp4-0001_jpg.rf.TB38paSh5wWKceVzYG7s.jpg,test,cctv_dishub_demak,prefiks Recording* (overlay DISHUB DEMAK),.jpg
Recording 2025-08-25 114243_mp4-0003_jpg.rf.AwD95zR8QUakw2umrpMU.jpg,test,cctv_dishub_demak,prefiks Recording* (overlay DISHUB DEMAK),.jpg
Recording 2025-08-25 114243_mp4-0004_jpg.rf.b3HizQNGjhuJJvomLRee.jpg,test,cctv_dishub_demak,prefiks Recording* (overlay DISHUB DEMAK),.jpg
Recording 2025-08-25 114243_mp4-0005_jpg.rf.gBY6TuVozhn7bsfoCr5X.jpg,test,cctv_dishub_demak,prefiks Recording* (overlay DISHUB DEMAK),.jpg
Recording 2025-08-25 114243_mp4-0006_jpg.rf.iqyTKuBZNShhI71qjdli.jpg,test,cctv_dishub_demak,prefiks Recording* (overlay DISHUB DEMAK),.jpg
Recording 2025-08-25 114243_mp4-0008_jpg.rf.PfmHzb4vtNuVte1hYIfv.jpg,test,cctv_dishub_demak,prefiks Recording* (overlay DISHUB DEMAK),.jpg
Recording 2025-08-25 114243_mp4-0009_jpg.rf.iOjonEtyVF6H8hOfEw6n.jpg,test,cctv_dishub_demak,prefiks Recording* (overlay DISHUB DEMAK),.jpg
Recording 2025-08-25 114243_mp4-0010_jpg.rf.8Dvpi5jMIE0l2b2QeqGi.jpg,test,cctv_dishub_demak,prefiks Recording* (overlay DISHUB DEMAK),.jpg
Recording 2025-08-25 114243_mp4-0011_jpg.rf.9wtUJKWSc79jMMMI784X.jpg,test,cctv_dishub_demak,prefiks Recording* (overlay DISHUB DEMAK),.jpg
Recording 2025-08-25 114243_mp4-0012_jpg.rf.j4cA3LjRMmwILwBN78iu.jpg,test,cctv_dishub_demak,prefiks Recording* (overlay DISHUB DEMAK),.jpg
Recording 2025-08-25 114243_mp4-0014_jpg.rf.mEHy31sBGJVWQxHk8UXs.jpg,test,cctv_dishub_demak,prefiks Recording* (overlay DISHUB DEMAK),.jpg
Recording 2025-08-25 114243_mp4-0015_jpg.rf.w2W1qiV1M3SUHP14P0Lt.jpg,test,cctv_dishub_demak,prefiks Recording* (overlay DISHUB DEMAK),.jpg
Recording 2025-08-25 114243_mp4-0016_jpg.rf.BeAXtpf5KGSaT4YPQwH1.jpg,test,cctv_dishub_demak,prefiks Recording* (overlay DISHUB DEMAK),.jpg
Recording 2025-08-25 114243_mp4-0017_jpg.rf.uvBBeyXkbFpaxXuvqv4c.jpg,test,cctv_dishub_demak,prefiks Recording* (overlay DISHUB DEMAK),.jpg
Recording 2025-08-25 114243_mp4-0018_jpg.rf.CGxKjkY5VUlFzq9FDs7A.jpg,test,cctv_dishub_demak,prefiks Recording* (overlay DISHUB DEMAK),.jpg
Recording 2025-08-25 114243_mp4-0019_jpg.rf.cyCn1eJtAQqHCdG2wY74.jpg,test,cctv_dishub_demak,prefiks Recording* (overlay DISHUB DEMAK),.jpg
Recording 2025-08-25 114243_mp4-0020_jpg.rf.K0EgqgdOKcSaeXam6ZA6.jpg,test,cctv_dishub_demak,prefiks Recording* (overlay DISHUB DEMAK),.jpg
Recording 2025-08-25 114243_mp4-0021_jpg.rf.H69ydt67TEw8gxxAEknD.jpg,test,cctv_dishub_demak,prefiks Recording* (overlay DISHUB DEMAK),.jpg
Recording 2025-08-25 114243_mp4-0022_jpg.rf.7Ok7Cv4Fgh1J178Lahd5.jpg,test,cctv_dishub_demak,prefiks Recording* (overlay DISHUB DEMAK),.jpg
Recording 2025-08-25 114243_mp4-0023_jpg.rf.p6LLFMFKy7DWRCfUGVcT.jpg,test,cctv_dishub_demak,prefiks Recording* (overlay DISHUB DEMAK),.jpg
Recording 2025-08-25 114243_mp4-0024_jpg.rf.mmMZvExEfjCQ62QpyOdP.jpg,test,cctv_dishub_demak,prefiks Recording* (overlay DISHUB DEMAK),.jpg
Recording 2025-08-25 114243_mp4-0025_jpg.rf.ua5GAKRLJj1GpqhypGez.jpg,test,cctv_dishub_demak,prefiks Recording* (overlay DISHUB DEMAK),.jpg
Recording 2025-08-25 114243_mp4-0031_jpg.rf.pYHpiRR2bEEADtmdC4LC.jpg,test,cctv_dishub_demak,prefiks Recording* (overlay DISHUB DEMAK),.jpg
Recording 2025-08-25 114243_mp4-0032_jpg.rf.16NC7wQpToOYB9sIwUaZ.jpg,test,cctv_dishub_demak,prefiks Recording* (overlay DISHUB DEMAK),.jpg
Recording 2025-08-25 114243_mp4-0033_jpg.rf.68dpzZ0i7dqKi1rqIXsn.jpg,test,cctv_dishub_demak,prefiks Recording* (overlay DISHUB DEMAK),.jpg
Recording 2025-08-25 114243_mp4-0034_jpg.rf.XieaXOBDqCaaeLlAIquv.jpg,test,cctv_dishub_demak,prefiks Recording* (overlay DISHUB DEMAK),.jpg
Recording 2025-08-25 114243_mp4-0035_jpg.rf.esChnOJ27gq38ycPNJRR.jpg,test,cctv_dishub_demak,prefiks Recording* (overlay DISHUB DEMAK),.jpg
Recording 2025-08-25 114243_mp4-0036_jpg.rf.09EHC2NSCZyfsvjz9yy9.jpg,test,cctv_dishub_demak,prefiks Recording* (overlay DISHUB DEMAK),.jpg
Recording 2025-08-25 114243_mp4-0042_jpg.rf.uzGEWVw3eTYhxnywCvlX.jpg,test,cctv_dishub_demak,prefiks Recording* (overlay DISHUB DEMAK),.jpg
Recording 2025-08-25 114243_mp4-0043_jpg.rf.ZpXhcBIBYUhKNpdVV5JW.jpg,test,cctv_dishub_demak,prefiks Recording* (overlay DISHUB DEMAK),.jpg
Recording 2025-08-25 114243_mp4-0044_jpg.rf.pJgdCb7z9U6GjqMCS4rF.jpg,test,cctv_dishub_demak,prefiks Recording* (overlay DISHUB DEMAK),.jpg
Recording 2025-08-25 114243_mp4-0045_jpg.rf.nM3UG9efSF5S6pYmJll5.jpg,test,cctv_dishub_demak,prefiks Recording* (overlay DISHUB DEMAK),.jpg
Recording 2025-08-25 114243_mp4-0046_jpg.rf.CeBCAtfB3WujKHspDIqU.jpg,test,cctv_dishub_demak,prefiks Recording* (overlay DISHUB DEMAK),.jpg
Recording 2025-08-25 114243_mp4-0047_jpg.rf.qax7Qdt4KHZ78r6A1Uri.jpg,test,cctv_dishub_demak,prefiks Recording* (overlay DISHUB DEMAK),.jpg
Recording 2025-08-25 114243_mp4-0048_jpg.rf.4y2eiO2dB1BquhEzq3Hi.jpg,test,cctv_dishub_demak,prefiks Recording* (overlay DISHUB DEMAK),.jpg
Recording 2025-08-25 114243_mp4-0049_jpg.rf.Qfl9pm3XZQdwM7bHx2KM.jpg,test,cctv_dishub_demak,prefiks Recording* (overlay DISHUB DEMAK),.jpg
bak-2Btruk-2Bwarna-2Bkuning-2Bmerah-1_jpg.rf.ul3RLYcG3syaReQONs1x.jpg,test,web_katalog,tidak cocok pola CCTV mana pun (citra web/katalog),.jpg
bak-2Btruk-2Bwarna-2Bkuning-2Bmerah-3_jpg.rf.gwKMQ2XzaP9fFuUfZ2ik.jpg,test,web_katalog,tidak cocok pola CCTV mana pun (citra web/katalog),.jpg
bak-2Btruk-2Bwarna-2Bkuning-2Bmerah-4_jpg.rf.YeMdGarwQ8RYjY4ifkbP.jpg,test,web_katalog,tidak cocok pola CCTV mana pun (citra web/katalog),.jpg
cutting-sticker-truck-canter-kuning-3_jpg.rf.FMTwSASC7trUedgx75GH.jpg,test,web_katalog,tidak cocok pola CCTV mana pun (citra web/katalog),.jpg
cutting-sticker-truck-canter-kuning-4_jpg.rf.fZoJqCj7PCLjSYFraxn1.jpg,test,web_katalog,tidak cocok pola CCTV mana pun (citra web/katalog),.jpg
damri-airport-bus-gambir-01_jpg.rf.KpQ3EVhU9rTZTdFpw9yD.jpg,test,web_katalog,tidak cocok pola CCTV mana pun (citra web/katalog),.jpg
frame_000000_png.rf.HCsOaIhR01tt5lXkGjmr.png,test,cctv_rekam_layar,prefiks frame_* (rekam layar penampil CCTV),.png
frame_000108_png.rf.Lz3L2Folzs40RNKc1c2n.png,test,cctv_rekam_layar,prefiks frame_* (rekam layar penampil CCTV),.png
frame_000216_png.rf.Oa84EJoLxNktGvTdDiJv.png,test,cctv_rekam_layar,prefiks frame_* (rekam layar penampil CCTV),.png
frame_000324_png.rf.XKujjsXqsc6h3sQhEpSc.png,test,cctv_rekam_layar,prefiks frame_* (rekam layar penampil CCTV),.png
frame_000540_png.rf.o5DDcuPFSLStXSog2jmM.png,test,cctv_rekam_layar,prefiks frame_* (rekam layar penampil CCTV),.png
frame_000648_png.rf.6JddQS4Ve6GTRsreDh3V.png,test,cctv_rekam_layar,prefiks frame_* (rekam layar penampil CCTV),.png
frame_000756_png.rf.Bpyve76xfXXapleBwmvl.png,test,cctv_rekam_layar,prefiks frame_* (rekam layar penampil CCTV),.png
frame_000972_png.rf.QQzGOoYAW7O42N8Ci1MK.png,test,cctv_rekam_layar,prefiks frame_* (rekam layar penampil CCTV),.png
frame_001188_png.rf.6c87dAZWweniUTD5nklJ.png,test,cctv_rekam_layar,prefiks frame_* (rekam layar penampil CCTV),.png
frame_001296_png.rf.PoPK7UpUiA9E8gGPE62k.png,test,cctv_rekam_layar,prefiks frame_* (rekam layar penampil CCTV),.png
frame_001404_png.rf.41v6GpW9HkBYg19SKoqV.png,test,cctv_rekam_layar,prefiks frame_* (rekam layar penampil CCTV),.png
frame_001512_png.rf.aDcA0scqlYXH6HKi1yTL.png,test,cctv_rekam_layar,prefiks frame_* (rekam layar penampil CCTV),.png
frame_001728_png.rf.4EFiMDEcAHfNocojsJVP.png,test,cctv_rekam_layar,prefiks frame_* (rekam layar penampil CCTV),.png
frame_002052_png.rf.6iQ7YtcHog1Rhe3i1J3D.png,test,cctv_rekam_layar,prefiks frame_* (rekam layar penampil CCTV),.png
frame_002160_png.rf.avpfLRlWCkXHdE4AIMZn.png,test,cctv_rekam_layar,prefiks frame_* (rekam layar penampil CCTV),.png
frame_002592_png.rf.XBIVNQTWDXLriRf70TT4.png,test,cctv_rekam_layar,prefiks frame_* (rekam layar penampil CCTV),.png
frame_003348_png.rf.FlDsjWXLvJ3q1GS8xeqo.png,test,cctv_rekam_layar,prefiks frame_* (rekam layar penampil CCTV),.png
frame_003564_png.rf.Zy0vT3jvvzwj86mOaMHS.png,test,cctv_rekam_layar,prefiks frame_* (rekam layar penampil CCTV),.png
frame_003672_png.rf.aKpTz9bJn4xDPlS5Q78n.png,test,cctv_rekam_layar,prefiks frame_* (rekam layar penampil CCTV),.png
frame_003780_png.rf.pMSOQBYB7d40oRUOvqQg.png,test,cctv_rekam_layar,prefiks frame_* (rekam layar penampil CCTV),.png
frame_003996_png.rf.leh1xBix7xYZq6cpkbhD.png,test,cctv_rekam_layar,prefiks frame_* (rekam layar penampil CCTV),.png
frame_004104_png.rf.sMkoVf4JAEQkr5YRnh3F.png,test,cctv_rekam_layar,prefiks frame_* (rekam layar penampil CCTV),.png
frame_004536_png.rf.LciCyBmiK0O3wfp7ML4c.png,test,cctv_rekam_layar,prefiks frame_* (rekam layar penampil CCTV),.png
frame_004644_png.rf.3rYqND1IYToE4oeuv3p3.png,test,cctv_rekam_layar,prefiks frame_* (rekam layar penampil CCTV),.png
frame_004752_png.rf.cDzYEXQMGpzZGH48jQCI.png,test,cctv_rekam_layar,prefiks frame_* (rekam layar penampil CCTV),.png
frame_004968_png.rf.9ZBhRtpLhi5ShMS8jQkA.png,test,cctv_rekam_layar,prefiks frame_* (rekam layar penampil CCTV),.png
frame_005292_png.rf.oiWCrC2j3lwwL4xigYup.png,test,cctv_rekam_layar,prefiks frame_* (rekam layar penampil CCTV),.png
gol3_10_jpg.rf.Wff213Nm1Y36wKpqYFdI.jpg,test,web_katalog,tidak cocok pola CCTV mana pun (citra web/katalog),.jpg
gol3_12_jpg.rf.Elb3dV8dXqJUvPHRyvOG.jpg,test,web_katalog,tidak cocok pola CCTV mana pun (citra web/katalog),.jpg
gol3_13_jpg.rf.EUw4y3CrsU878zH50Nbp.jpg,test,web_katalog,tidak cocok pola CCTV mana pun (citra web/katalog),.jpg
gol3_14_jpg.rf.Gw6jCZaUQZtNeq6DeYNe.jpg,test,web_katalog,tidak cocok pola CCTV mana pun (citra web/katalog),.jpg
gol3_16_jpg.rf.uNrqUoppmF2Jkpt78Lam.jpg,test,web_katalog,tidak cocok pola CCTV mana pun (citra web/katalog),.jpg
gol3_17_jpg.rf.L8KC87Pbvg0t4kmGLv9b.jpg,test,web_katalog,tidak cocok pola CCTV mana pun (citra web/katalog),.jpg
gol3_18_jpg.rf.x6sXfWvcTvpCueXjS1Ux.jpg,test,web_katalog,tidak cocok pola CCTV mana pun (citra web/katalog),.jpg
gol3_19_jpg.rf.iLY7QXuU5RHFkr05q4h3.jpg,test,web_katalog,tidak cocok pola CCTV mana pun (citra web/katalog),.jpg
gol3_1_jpg.rf.BlTDS3Afhc5fhlJJjAn6.jpg,test,web_katalog,tidak cocok pola CCTV mana pun (citra web/katalog),.jpg
gol3_20_jpg.rf.ZOHsJHWR03xo24yx2sw3.jpg,test,web_katalog,tidak cocok pola CCTV mana pun (citra web/katalog),.jpg
gol3_22_jpg.rf.WbY88wJCaGBx54lAL4rv.jpg,test,web_katalog,tidak cocok pola CCTV mana pun (citra web/katalog),.jpg
gol3_23_jpg.rf.ZjNPBxm0ChJQlhSj9AKO.jpg,test,web_katalog,tidak cocok pola CCTV mana pun (citra web/katalog),.jpg
gol3_24_jpg.rf.nAd7Hp22iWX05BXpiRZp.jpg,test,web_katalog,tidak cocok pola CCTV mana pun (citra web/katalog),.jpg
gol3_25_jpg.rf.pv1J54QliXYpGzIHcjKO.jpg,test,web_katalog,tidak cocok pola CCTV mana pun (citra web/katalog),.jpg
gol3_26_jpg.rf.rQkMGEQx4mWrjI3f9m7F.jpg,test,web_katalog,tidak cocok pola CCTV mana pun (citra web/katalog),.jpg
gol3_3_jpg.rf.y3AapdFApIDXyyrKQKFk.jpg,test,web_katalog,tidak cocok pola CCTV mana pun (citra web/katalog),.jpg
gol3_4_jpg.rf.3C7ydLSI3451w2IRbkrY.jpg,test,web_katalog,tidak cocok pola CCTV mana pun (citra web/katalog),.jpg
gol3_6_jpg.rf.cgrG90Qo8n4BYw3yyuG9.jpg,test,web_katalog,tidak cocok pola CCTV mana pun (citra web/katalog),.jpg
gol4_10_jpg.rf.K94f7fV20YKgCbCFsHds.jpg,test,web_katalog,tidak cocok pola CCTV mana pun (citra web/katalog),.jpg
gol4_11_jpg.rf.wzFGmgvnB4kpkCrH95WC.jpg,test,web_katalog,tidak cocok pola CCTV mana pun (citra web/katalog),.jpg
gol4_12_jpg.rf.t5vohLCFjkaFfxCT9ZwV.jpg,test,web_katalog,tidak cocok pola CCTV mana pun (citra web/katalog),.jpg
gol4_13_jpg.rf.dO6vDahW2HIXd3laT1bD.jpg,test,web_katalog,tidak cocok pola CCTV mana pun (citra web/katalog),.jpg
gol4_14_jpg.rf.qQ3xSXTO2zk9EWgYwGeS.jpg,test,web_katalog,tidak cocok pola CCTV mana pun (citra web/katalog),.jpg
gol4_15_jpg.rf.8zwSCLP0K6Uy5CcMllgX.jpg,test,web_katalog,tidak cocok pola CCTV mana pun (citra web/katalog),.jpg
gol4_16_jpg.rf.cxIuE3ej5g6j0SPzjmBX.jpg,test,web_katalog,tidak cocok pola CCTV mana pun (citra web/katalog),.jpg
gol4_1_jpg.rf.OQZytCSV5xAim9oUrW1j.jpg,test,web_katalog,tidak cocok pola CCTV mana pun (citra web/katalog),.jpg
gol4_2_jpg.rf.IOzTG9InsjWhhCzMw2WQ.jpg,test,web_katalog,tidak cocok pola CCTV mana pun (citra web/katalog),.jpg
gol4_3_jpg.rf.isdTfKihT4QL8ljoyLu2.jpg,test,web_katalog,tidak cocok pola CCTV mana pun (citra web/katalog),.jpg
gol4_6_jpg.rf.vpXqYchUflB3KqvhjDek.jpg,test,web_katalog,tidak cocok pola CCTV mana pun (citra web/katalog),.jpg
gol4_7_jpg.rf.b5i1F3mmz5z6oPwGRRxm.jpg,test,web_katalog,tidak cocok pola CCTV mana pun (citra web/katalog),.jpg
gol4_8_jpg.rf.Pdi3GePz0tFPdV2biMzu.jpg,test,web_katalog,tidak cocok pola CCTV mana pun (citra web/katalog),.jpg
gol4_9_jpg.rf.8HgJqCbnb2iBuUfD1v0t.jpg,test,web_katalog,tidak cocok pola CCTV mana pun (citra web/katalog),.jpg
hqdefault-1_jpg.rf.nVI3OO3t45dZCSg1NxrU.jpg,test,web_katalog,tidak cocok pola CCTV mana pun (citra web/katalog),.jpg
hqdefault-2_jpg.rf.72U7QSPjzsV7qW7nUr6S.jpg,test,web_katalog,tidak cocok pola CCTV mana pun (citra web/katalog),.jpg
hqdefault-3_jpg.rf.K9qyTCKqOkStU3hCaiWD.jpg,test,web_katalog,tidak cocok pola CCTV mana pun (citra web/katalog),.jpg
hqdefault-3_jpg.rf.a7IZcF74H8rV6LzLVbbP.jpg,test,web_katalog,tidak cocok pola CCTV mana pun (citra web/katalog),.jpg
hqdefault-4_jpg.rf.40L9whNUUXhfg5PHS4OG.jpg,test,web_katalog,tidak cocok pola CCTV mana pun (citra web/katalog),.jpg
hqdefault-4_jpg.rf.9qirXETxNRUyitHT86ZN.jpg,test,web_katalog,tidak cocok pola CCTV mana pun (citra web/katalog),.jpg
hqdefault-6_jpg.rf.IOttvL7nuG6Bvaa4Yhqp.jpg,test,web_katalog,tidak cocok pola CCTV mana pun (citra web/katalog),.jpg
maxresdefault-12_jpg.rf.rvHZ58shiexRZkzYcNVT.jpg,test,web_katalog,tidak cocok pola CCTV mana pun (citra web/katalog),.jpg
maxresdefault-1_jpg.rf.iXGnMaA75VBuMKY8On20.jpg,test,web_katalog,tidak cocok pola CCTV mana pun (citra web/katalog),.jpg
maxresdefault-25_jpg.rf.eejUYKYvWRWbxxVjt4E2.jpg,test,web_katalog,tidak cocok pola CCTV mana pun (citra web/katalog),.jpg
maxresdefault-3_jpg.rf.KnLdwEzsdyaEOixXXc9f.jpg,test,web_katalog,tidak cocok pola CCTV mana pun (citra web/katalog),.jpg
maxresdefault-4_jpg.rf.YJnamVzH7jFBMvy81PS5.jpg,test,web_katalog,tidak cocok pola CCTV mana pun (citra web/katalog),.jpg
maxresdefault-9_jpg.rf.dFiC7NY3NlkxNqWxzYOI.jpg,test,web_katalog,tidak cocok pola CCTV mana pun (citra web/katalog),.jpg
maxresdefault_jpg.rf.tdup6MA6CTli2Gk7h7k3.jpg,test,web_katalog,tidak cocok pola CCTV mana pun (citra web/katalog),.jpg
night-traffic-13_mp4-0000_jpg.rf.Kypxs8OaUMf4kcnbYscO.jpg,test,stok_berwatermark,"prefiks night-traffic-13 (rekaman stok, tanda air)",.jpg
night-traffic-13_mp4-0001_jpg.rf.SowzM5A1LlhgxylkUYPH.jpg,test,stok_berwatermark,"prefiks night-traffic-13 (rekaman stok, tanda air)",.jpg
night-traffic-13_mp4-0002_jpg.rf.lMor2gfPCvD4wMohCfjP.jpg,test,stok_berwatermark,"prefiks night-traffic-13 (rekaman stok, tanda air)",.jpg
night-traffic-13_mp4-0003_jpg.rf.ei5J2JAD1VfqgGQEmhui.jpg,test,stok_berwatermark,"prefiks night-traffic-13 (rekaman stok, tanda air)",.jpg
night-traffic-13_mp4-0004_jpg.rf.AWx3GqFQ36ursACQc0vJ.jpg,test,stok_berwatermark,"prefiks night-traffic-13 (rekaman stok, tanda air)",.jpg
night-traffic-13_mp4-0005_jpg.rf.d9YxIml0pUr4Lbr8s2Xz.jpg,test,stok_berwatermark,"prefiks night-traffic-13 (rekaman stok, tanda air)",.jpg
night-traffic-13_mp4-0006_jpg.rf.V9GjmnyBUYZVK2BiqNRT.jpg,test,stok_berwatermark,"prefiks night-traffic-13 (rekaman stok, tanda air)",.jpg
night-traffic-13_mp4-0007_jpg.rf.zuUsxUE5SA3CuoUcOXMX.jpg,test,stok_berwatermark,"prefiks night-traffic-13 (rekaman stok, tanda air)",.jpg
night-traffic-13_mp4-0008_jpg.rf.QeSzkKj9p7mtKYpgXj2u.jpg,test,stok_berwatermark,"prefiks night-traffic-13 (rekaman stok, tanda air)",.jpg
night-traffic-13_mp4-0009_jpg.rf.RWAhr4hWTHuk5xrgWZ7J.jpg,test,stok_berwatermark,"prefiks night-traffic-13 (rekaman stok, tanda air)",.jpg
night-traffic-13_mp4-0010_jpg.rf.ZUCAaCZSWbWCinDj9cMK.jpg,test,stok_berwatermark,"prefiks night-traffic-13 (rekaman stok, tanda air)",.jpg
night-traffic-13_mp4-0011_jpg.rf.uHAnFs9deS6DATE0gIlw.jpg,test,stok_berwatermark,"prefiks night-traffic-13 (rekaman stok, tanda air)",.jpg
night-traffic-13_mp4-0012_jpg.rf.FOXr7NU3tIA6mnHGB6Rm.jpg,test,stok_berwatermark,"prefiks night-traffic-13 (rekaman stok, tanda air)",.jpg
night-traffic-13_mp4-0013_jpg.rf.B6aX9vC8cF9yhUJSpBpq.jpg,test,stok_berwatermark,"prefiks night-traffic-13 (rekaman stok, tanda air)",.jpg
night-traffic-13_mp4-0014_jpg.rf.Q7OCiaDM203pDfxNrO0s.jpg,test,stok_berwatermark,"prefiks night-traffic-13 (rekaman stok, tanda air)",.jpg
night-traffic-13_mp4-0015_jpg.rf.MKGW2KxDFFeM5UxZSmcC.jpg,test,stok_berwatermark,"prefiks night-traffic-13 (rekaman stok, tanda air)",.jpg
night-traffic-13_mp4-0016_jpg.rf.DbcNNvvjzvhX1lAHLDLC.jpg,test,stok_berwatermark,"prefiks night-traffic-13 (rekaman stok, tanda air)",.jpg
night-traffic-13_mp4-0017_jpg.rf.d1EQNg18J81iFI8aCAGg.jpg,test,stok_berwatermark,"prefiks night-traffic-13 (rekaman stok, tanda air)",.jpg
night-traffic-13_mp4-0018_jpg.rf.gmQrSrNExUlTAQTtWwza.jpg,test,stok_berwatermark,"prefiks night-traffic-13 (rekaman stok, tanda air)",.jpg
night-traffic-13_mp4-0019_jpg.rf.HEYwT144CcnBX1u8wtaW.jpg,test,stok_berwatermark,"prefiks night-traffic-13 (rekaman stok, tanda air)",.jpg
night-traffic-13_mp4-0020_jpg.rf.NxPRfRpAo3gRST2k7EcC.jpg,test,stok_berwatermark,"prefiks night-traffic-13 (rekaman stok, tanda air)",.jpg
night-traffic-13_mp4-0021_jpg.rf.0L0D8VIV4vWUaqgJHGDl.jpg,test,stok_berwatermark,"prefiks night-traffic-13 (rekaman stok, tanda air)",.jpg
night-traffic-13_mp4-0022_jpg.rf.QvwtPnMMYOzVR2mu2MEz.jpg,test,stok_berwatermark,"prefiks night-traffic-13 (rekaman stok, tanda air)",.jpg
night-traffic-13_mp4-0023_jpg.rf.2olI6pWdBzUebS5SPqMb.jpg,test,stok_berwatermark,"prefiks night-traffic-13 (rekaman stok, tanda air)",.jpg
night-traffic-13_mp4-0024_jpg.rf.Ly6HqaPTVKsm1Ig5nEF1.jpg,test,stok_berwatermark,"prefiks night-traffic-13 (rekaman stok, tanda air)",.jpg
night-traffic-13_mp4-0025_jpg.rf.lqTndbrw0r6T7c2UbdGr.jpg,test,stok_berwatermark,"prefiks night-traffic-13 (rekaman stok, tanda air)",.jpg
night-traffic-13_mp4-0026_jpg.rf.tzyAD8XNFRXFfntFdI4H.jpg,test,stok_berwatermark,"prefiks night-traffic-13 (rekaman stok, tanda air)",.jpg
night-traffic-13_mp4-0027_jpg.rf.Q9MkflzmSUBs0CWhjxrC.jpg,test,stok_berwatermark,"prefiks night-traffic-13 (rekaman stok, tanda air)",.jpg
night-traffic-13_mp4-0028_jpg.rf.NvrTQbbpzJPXUhnvUOrR.jpg,test,stok_berwatermark,"prefiks night-traffic-13 (rekaman stok, tanda air)",.jpg
night-traffic-13_mp4-0029_jpg.rf.Rp8KdaNYipMB6F7u1Sln.jpg,test,stok_berwatermark,"prefiks night-traffic-13 (rekaman stok, tanda air)",.jpg
night-traffic-13_mp4-0031_jpg.rf.SWWroTlcz8WT7vuwqvFy.jpg,test,stok_berwatermark,"prefiks night-traffic-13 (rekaman stok, tanda air)",.jpg
night-traffic-13_mp4-0032_jpg.rf.cPQ7ZZqlYYZFQTVOHmZG.jpg,test,stok_berwatermark,"prefiks night-traffic-13 (rekaman stok, tanda air)",.jpg
night-traffic-13_mp4-0033_jpg.rf.vX8g6TaGzDXW6lKYrR8c.jpg,test,stok_berwatermark,"prefiks night-traffic-13 (rekaman stok, tanda air)",.jpg
night-traffic-5_mp4-0000_jpg.rf.L45NHd3H11YiaKW2oAG7.jpg,test,cctv_atcs_diy,prefiks night-traffic-5 (overlay lambang DIY),.jpg
night-traffic-5_mp4-0001_jpg.rf.4EsTpmphhB02ON02Noqz.jpg,test,cctv_atcs_diy,prefiks night-traffic-5 (overlay lambang DIY),.jpg
night-traffic-5_mp4-0002_jpg.rf.FiY5T9MAf2s0UUmv3sm3.jpg,test,cctv_atcs_diy,prefiks night-traffic-5 (overlay lambang DIY),.jpg
night-traffic-5_mp4-0003_jpg.rf.YmR76XSao4KlZOLfRUSn.jpg,test,cctv_atcs_diy,prefiks night-traffic-5 (overlay lambang DIY),.jpg
night-traffic-5_mp4-0004_jpg.rf.VDOTmwlkZCmGCGIgv4ZP.jpg,test,cctv_atcs_diy,prefiks night-traffic-5 (overlay lambang DIY),.jpg
night-traffic-5_mp4-0005_jpg.rf.v7J2eXGILKdIoSOuUbUj.jpg,test,cctv_atcs_diy,prefiks night-traffic-5 (overlay lambang DIY),.jpg
night-traffic-5_mp4-0006_jpg.rf.CVTRgLfjZccrrE2cNcul.jpg,test,cctv_atcs_diy,prefiks night-traffic-5 (overlay lambang DIY),.jpg
night-traffic-5_mp4-0007_jpg.rf.muDqhdHyb3rYZ0FnVtzo.jpg,test,cctv_atcs_diy,prefiks night-traffic-5 (overlay lambang DIY),.jpg
night-traffic-5_mp4-0008_jpg.rf.UQEVDJsZpuoBDJner9Sj.jpg,test,cctv_atcs_diy,prefiks night-traffic-5 (overlay lambang DIY),.jpg
night-traffic-5_mp4-0009_jpg.rf.XPLeMNYndg3E6ekbFALX.jpg,test,cctv_atcs_diy,prefiks night-traffic-5 (overlay lambang DIY),.jpg
night-traffic-5_mp4-0010_jpg.rf.qHKJsYcFytif7gcpzwzL.jpg,test,cctv_atcs_diy,prefiks night-traffic-5 (overlay lambang DIY),.jpg
night-traffic-5_mp4-0011_jpg.rf.YRdTmKdWKNq5BBJVbH3Z.jpg,test,cctv_atcs_diy,prefiks night-traffic-5 (overlay lambang DIY),.jpg
night-traffic-5_mp4-0012_jpg.rf.XFpys4y9TaJPLyC1PB1N.jpg,test,cctv_atcs_diy,prefiks night-traffic-5 (overlay lambang DIY),.jpg
night-traffic-5_mp4-0013_jpg.rf.Ha2eDwt60XHHhWoiODxr.jpg,test,cctv_atcs_diy,prefiks night-traffic-5 (overlay lambang DIY),.jpg
night-traffic-5_mp4-0014_jpg.rf.xdlJjkgjeKduLSpBoAa0.jpg,test,cctv_atcs_diy,prefiks night-traffic-5 (overlay lambang DIY),.jpg
night-traffic-5_mp4-0015_jpg.rf.1aTyuPtXCpm2ERsRcjJh.jpg,test,cctv_atcs_diy,prefiks night-traffic-5 (overlay lambang DIY),.jpg
night-traffic-5_mp4-0017_jpg.rf.9ZdK0DG6p0s8M1HWnhfl.jpg,test,cctv_atcs_diy,prefiks night-traffic-5 (overlay lambang DIY),.jpg
night-traffic-5_mp4-0018_jpg.rf.ANSdbYPtxxf3CclecKka.jpg,test,cctv_atcs_diy,prefiks night-traffic-5 (overlay lambang DIY),.jpg
night-traffic-5_mp4-0020_jpg.rf.XEfmCHnSHJawcxV5khVo.jpg,test,cctv_atcs_diy,prefiks night-traffic-5 (overlay lambang DIY),.jpg
night-traffic-5_mp4-0021_jpg.rf.KQeB6zgKKbSREKaOeiYg.jpg,test,cctv_atcs_diy,prefiks night-traffic-5 (overlay lambang DIY),.jpg
night-traffic-5_mp4-0022_jpg.rf.4UXeZSqoUhixFud9AdKN.jpg,test,cctv_atcs_diy,prefiks night-traffic-5 (overlay lambang DIY),.jpg
night-traffic-5_mp4-0023_jpg.rf.iqMnabsXhlBG7Rlmp0nt.jpg,test,cctv_atcs_diy,prefiks night-traffic-5 (overlay lambang DIY),.jpg
night-traffic-5_mp4-0025_jpg.rf.OLUkYXzkG56AWwp17oRU.jpg,test,cctv_atcs_diy,prefiks night-traffic-5 (overlay lambang DIY),.jpg
night-traffic-5_mp4-0026_jpg.rf.yUxE84FYDEXnrt0QEgos.jpg,test,cctv_atcs_diy,prefiks night-traffic-5 (overlay lambang DIY),.jpg
night-traffic-5_mp4-0027_jpg.rf.ci3L3rHwuqNmKfS8gbcr.jpg,test,cctv_atcs_diy,prefiks night-traffic-5 (overlay lambang DIY),.jpg
night-traffic-5_mp4-0028_jpg.rf.WiS4loX9lB4ekbsgjqZ9.jpg,test,cctv_atcs_diy,prefiks night-traffic-5 (overlay lambang DIY),.jpg
night-traffic-5_mp4-0029_jpg.rf.Kw8LewLGBjj4uw7keaEN.jpg,test,cctv_atcs_diy,prefiks night-traffic-5 (overlay lambang DIY),.jpg
night-traffic-5_mp4-0030_jpg.rf.sbVDmZxvPpRWXe0UQkni.jpg,test,cctv_atcs_diy,prefiks night-traffic-5 (overlay lambang DIY),.jpg
night-traffic-5_mp4-0031_jpg.rf.Va5K5EFD9hKkWnGEa8L8.jpg,test,cctv_atcs_diy,prefiks night-traffic-5 (overlay lambang DIY),.jpg
night-traffic-5_mp4-0032_jpg.rf.69nVEdSLbaB35YzpZG6w.jpg,test,cctv_atcs_diy,prefiks night-traffic-5 (overlay lambang DIY),.jpg
night-traffic-5_mp4-0033_jpg.rf.2HdPIvYO2MmDmRC37h3v.jpg,test,cctv_atcs_diy,prefiks night-traffic-5 (overlay lambang DIY),.jpg
night-traffic-5_mp4-0034_jpg.rf.00gadp0O5mEmDzjUH1sR.jpg,test,cctv_atcs_diy,prefiks night-traffic-5 (overlay lambang DIY),.jpg
night-traffic-5_mp4-0035_jpg.rf.3iTmssATjKfGNUxIZffm.jpg,test,cctv_atcs_diy,prefiks night-traffic-5 (overlay lambang DIY),.jpg
night-traffic-5_mp4-0036_jpg.rf.4nbtSm2ourvCqmuFRgYT.jpg,test,cctv_atcs_diy,prefiks night-traffic-5 (overlay lambang DIY),.jpg
night-traffic-5_mp4-0037_jpg.rf.LMzYMCj9Ph0R0pYMm1jj.jpg,test,cctv_atcs_diy,prefiks night-traffic-5 (overlay lambang DIY),.jpg
night-traffic-5_mp4-0038_jpg.rf.wKrNa1nFHKgOdkPCX6Ba.jpg,test,cctv_atcs_diy,prefiks night-traffic-5 (overlay lambang DIY),.jpg
night-traffic-5_mp4-0040_jpg.rf.QjdD6eCF9Bpxu7Ik0sls.jpg,test,cctv_atcs_diy,prefiks night-traffic-5 (overlay lambang DIY),.jpg
night-traffic-5_mp4-0041_jpg.rf.D5Ys4f0bFpIUE2fmR628.jpg,test,cctv_atcs_diy,prefiks night-traffic-5 (overlay lambang DIY),.jpg
night-traffic-5_mp4-0042_jpg.rf.6JF3ITaTKQpNQHl1g6Ci.jpg,test,cctv_atcs_diy,prefiks night-traffic-5 (overlay lambang DIY),.jpg
night-traffic-5_mp4-0043_jpg.rf.yKBFioVFBgQdxKsVpF7N.jpg,test,cctv_atcs_diy,prefiks night-traffic-5 (overlay lambang DIY),.jpg
night-traffic-5_mp4-0044_jpg.rf.Q7niRBDJfqrygeJoKIWC.jpg,test,cctv_atcs_diy,prefiks night-traffic-5 (overlay lambang DIY),.jpg
night-traffic-5_mp4-0045_jpg.rf.NRmUhc189IchzfZSRZ8w.jpg,test,cctv_atcs_diy,prefiks night-traffic-5 (overlay lambang DIY),.jpg
night-traffic-5_mp4-0046_jpg.rf.3GmU8OwEpVyQoEWMgiKs.jpg,test,cctv_atcs_diy,prefiks night-traffic-5 (overlay lambang DIY),.jpg
night-traffic-9_mp4-0000_jpg.rf.ssgq9vf9Wo6hJ1wiuFT1.jpg,test,cctv_atcs_diy,prefiks night-traffic-9 (overlay lambang DIY),.jpg
night-traffic-9_mp4-0003_jpg.rf.ofG5LcebjiyLvZVi8hjX.jpg,test,cctv_atcs_diy,prefiks night-traffic-9 (overlay lambang DIY),.jpg
night-traffic-9_mp4-0004_jpg.rf.JSefgnA7taeSIUSsxVYq.jpg,test,cctv_atcs_diy,prefiks night-traffic-9 (overlay lambang DIY),.jpg
night-traffic-9_mp4-0005_jpg.rf.RIpuehY4BbYwXAVgh4iB.jpg,test,cctv_atcs_diy,prefiks night-traffic-9 (overlay lambang DIY),.jpg
night-traffic-9_mp4-0006_jpg.rf.gSJBSDtfpzzWRw4i6IUC.jpg,test,cctv_atcs_diy,prefiks night-traffic-9 (overlay lambang DIY),.jpg
night-traffic-9_mp4-0007_jpg.rf.g6H6Rwpq68h2oLCJLKcN.jpg,test,cctv_atcs_diy,prefiks night-traffic-9 (overlay lambang DIY),.jpg
night-traffic-9_mp4-0008_jpg.rf.NPKyflyq82Lx4JUojSlj.jpg,test,cctv_atcs_diy,prefiks night-traffic-9 (overlay lambang DIY),.jpg
night-traffic-9_mp4-0009_jpg.rf.r8o9NsJMSYLHVTgoR7zi.jpg,test,cctv_atcs_diy,prefiks night-traffic-9 (overlay lambang DIY),.jpg
night-traffic-9_mp4-0010_jpg.rf.Oy3gtQ39vH8XalvRGlM8.jpg,test,cctv_atcs_diy,prefiks night-traffic-9 (overlay lambang DIY),.jpg
night-traffic-9_mp4-0011_jpg.rf.tj8WKSKSdmOrezLUU9pc.jpg,test,cctv_atcs_diy,prefiks night-traffic-9 (overlay lambang DIY),.jpg
night-traffic-9_mp4-0012_jpg.rf.DAuiKi9cYxbcCBmR83B3.jpg,test,cctv_atcs_diy,prefiks night-traffic-9 (overlay lambang DIY),.jpg
night-traffic-9_mp4-0014_jpg.rf.t8C37McK33aEt8zB9WG6.jpg,test,cctv_atcs_diy,prefiks night-traffic-9 (overlay lambang DIY),.jpg
night-traffic-9_mp4-0015_jpg.rf.hBS4fXPpdXBKTJX1gy4P.jpg,test,cctv_atcs_diy,prefiks night-traffic-9 (overlay lambang DIY),.jpg
night-traffic-9_mp4-0016_jpg.rf.WffaHuCEBQMaAKIlnFUM.jpg,test,cctv_atcs_diy,prefiks night-traffic-9 (overlay lambang DIY),.jpg
night-traffic-9_mp4-0017_jpg.rf.opp7L7SGRLADqikcHaIE.jpg,test,cctv_atcs_diy,prefiks night-traffic-9 (overlay lambang DIY),.jpg
night-traffic-9_mp4-0018_jpg.rf.q4d5zJFawyHn8T7YUdvl.jpg,test,cctv_atcs_diy,prefiks night-traffic-9 (overlay lambang DIY),.jpg
night-traffic-9_mp4-0019_jpg.rf.JW88mGIxpVR7RgMhu211.jpg,test,cctv_atcs_diy,prefiks night-traffic-9 (overlay lambang DIY),.jpg
night-traffic-9_mp4-0020_jpg.rf.wYvvn7HtrIkUxGHoAFlx.jpg,test,cctv_atcs_diy,prefiks night-traffic-9 (overlay lambang DIY),.jpg
night-traffic-9_mp4-0021_jpg.rf.KIWYFmuRDCMpwo3ChqHn.jpg,test,cctv_atcs_diy,prefiks night-traffic-9 (overlay lambang DIY),.jpg
night-traffic-9_mp4-0022_jpg.rf.52A6GFyT27iK7hLmkAUq.jpg,test,cctv_atcs_diy,prefiks night-traffic-9 (overlay lambang DIY),.jpg
night-traffic-9_mp4-0023_jpg.rf.a3nwlPB88YBKmMXekiAf.jpg,test,cctv_atcs_diy,prefiks night-traffic-9 (overlay lambang DIY),.jpg
night-traffic-9_mp4-0024_jpg.rf.25Jd57mYfUibXnHbLXaT.jpg,test,cctv_atcs_diy,prefiks night-traffic-9 (overlay lambang DIY),.jpg
night-traffic-9_mp4-0025_jpg.rf.gDOKO2G4eSyk0Z5KnsKv.jpg,test,cctv_atcs_diy,prefiks night-traffic-9 (overlay lambang DIY),.jpg
night-traffic-9_mp4-0026_jpg.rf.tow9UEz8gcyywG7JNvqA.jpg,test,cctv_atcs_diy,prefiks night-traffic-9 (overlay lambang DIY),.jpg
night-traffic-9_mp4-0027_jpg.rf.BtMgFVuzZm2bWdv6nrPe.jpg,test,cctv_atcs_diy,prefiks night-traffic-9 (overlay lambang DIY),.jpg
night-traffic-9_mp4-0029_jpg.rf.VGytyxpGQQvL5ZZVCbSa.jpg,test,cctv_atcs_diy,prefiks night-traffic-9 (overlay lambang DIY),.jpg
night-traffic-9_mp4-0030_jpg.rf.pFkU9qaXR8OW2tka7gWI.jpg,test,cctv_atcs_diy,prefiks night-traffic-9 (overlay lambang DIY),.jpg
night-traffic-9_mp4-0031_jpg.rf.gsSL3mx6E7pflyIFHnfa.jpg,test,cctv_atcs_diy,prefiks night-traffic-9 (overlay lambang DIY),.jpg
night-traffic-9_mp4-0032_jpg.rf.cYsr48ymduUOzdYvqR1u.jpg,test,cctv_atcs_diy,prefiks night-traffic-9 (overlay lambang DIY),.jpg
night-traffic-9_mp4-0033_jpg.rf.6rB0OkWS5BIkhpnO7FJc.jpg,test,cctv_atcs_diy,prefiks night-traffic-9 (overlay lambang DIY),.jpg
night-traffic-9_mp4-0035_jpg.rf.m0sTjfYTCIiHguZKGCWs.jpg,test,cctv_atcs_diy,prefiks night-traffic-9 (overlay lambang DIY),.jpg
night-traffic-9_mp4-0036_jpg.rf.nL0fKLG3AT0sSlvIqIts.jpg,test,cctv_atcs_diy,prefiks night-traffic-9 (overlay lambang DIY),.jpg
night-traffic-9_mp4-0037_jpg.rf.EAFEOwl4v6Tn1KHDmydj.jpg,test,cctv_atcs_diy,prefiks night-traffic-9 (overlay lambang DIY),.jpg
night-traffic-9_mp4-0038_jpg.rf.V6EhnMHVOdix93NEbAZa.jpg,test,cctv_atcs_diy,prefiks night-traffic-9 (overlay lambang DIY),.jpg
night-traffic-9_mp4-0039_jpg.rf.JqSGclmN1hBhbUzLYqQN.jpg,test,cctv_atcs_diy,prefiks night-traffic-9 (overlay lambang DIY),.jpg
night-traffic-9_mp4-0040_jpg.rf.8nq1GBjvvdGvQKm8b14g.jpg,test,cctv_atcs_diy,prefiks night-traffic-9 (overlay lambang DIY),.jpg
night-traffic-9_mp4-0041_jpg.rf.UxQ1gTz185AT8lc8PQEO.jpg,test,cctv_atcs_diy,prefiks night-traffic-9 (overlay lambang DIY),.jpg
night-traffic-9_mp4-0042_jpg.rf.FEmnwweQtpLt3NLpwREp.jpg,test,cctv_atcs_diy,prefiks night-traffic-9 (overlay lambang DIY),.jpg
night-traffic-9_mp4-0043_jpg.rf.vrThEIH2SIzCMPuoVpsV.jpg,test,cctv_atcs_diy,prefiks night-traffic-9 (overlay lambang DIY),.jpg
night-traffic-9_mp4-0044_jpg.rf.S5MXbAIotP5NVTOYqK7q.jpg,test,cctv_atcs_diy,prefiks night-traffic-9 (overlay lambang DIY),.jpg
night-traffic-9_mp4-0046_jpg.rf.liuVeHIEvcTYiFP3EVNE.jpg,test,cctv_atcs_diy,prefiks night-traffic-9 (overlay lambang DIY),.jpg
night-traffic-9_mp4-0049_jpg.rf.b2c0Usys1rAAsAEJn01u.jpg,test,cctv_atcs_diy,prefiks night-traffic-9 (overlay lambang DIY),.jpg
night-traffic-9_mp4-0050_jpg.rf.qRkWkMRMFKVpKwjn0ixv.jpg,test,cctv_atcs_diy,prefiks night-traffic-9 (overlay lambang DIY),.jpg
night-traffic-9_mp4-0052_jpg.rf.36RJR2y8TJpkOLPkRe8e.jpg,test,cctv_atcs_diy,prefiks night-traffic-9 (overlay lambang DIY),.jpg
night-traffic-9_mp4-0053_jpg.rf.mjGnu1T5tXclcrDJpIQ7.jpg,test,cctv_atcs_diy,prefiks night-traffic-9 (overlay lambang DIY),.jpg
night-traffic-9_mp4-0054_jpg.rf.p4LF0JiFfPHPn7SY9TO8.jpg,test,cctv_atcs_diy,prefiks night-traffic-9 (overlay lambang DIY),.jpg
night-traffic-9_mp4-0055_jpg.rf.LVKQgpAgG4d3qfupU2tu.jpg,test,cctv_atcs_diy,prefiks night-traffic-9 (overlay lambang DIY),.jpg
night-traffic-9_mp4-0057_jpg.rf.fgHaIgMjOzHxDZVFid4E.jpg,test,cctv_atcs_diy,prefiks night-traffic-9 (overlay lambang DIY),.jpg
night-traffic-9_mp4-0059_jpg.rf.rsS0AoVjvlcCSNeOqyxp.jpg,test,cctv_atcs_diy,prefiks night-traffic-9 (overlay lambang DIY),.jpg
night-traffic-9_mp4-0060_jpg.rf.3K1STl2Pc9PkyAMSkg9e.jpg,test,cctv_atcs_diy,prefiks night-traffic-9 (overlay lambang DIY),.jpg
night-traffic-9_mp4-0061_jpg.rf.k6ViM00VjWs6lImBHok7.jpg,test,cctv_atcs_diy,prefiks night-traffic-9 (overlay lambang DIY),.jpg
night-traffic-9_mp4-0062_jpg.rf.Tt16cTD5KaerhYNSxyvJ.jpg,test,cctv_atcs_diy,prefiks night-traffic-9 (overlay lambang DIY),.jpg
night-traffic-9_mp4-0063_jpg.rf.tvsPs76aQCw2MHJ6J03N.jpg,test,cctv_atcs_diy,prefiks night-traffic-9 (overlay lambang DIY),.jpg
