peringkat,nama,split,skor,frac_datar,dikenal
1,-3163ca687f_jpg.rf.ccjchxzodm0rACM8v8Mw.jpg,train,0.0000,0.402,
2,-c7cae33d7d_jpg.rf.KMuFwRLy2IX8rntALXw4.jpg,train,0.0000,0.406,
3,-e38a6febcc_jpg.rf.2skMY6FWTJYInGTKmxps.jpg,train,0.0000,0.400,
4,-f6070acc85_jpg.rf.UQYD5ome92lnEchrMnnq.jpg,train,0.0000,0.401,
5,0000161190-eff4a7d6440628a6ed58e9d9a_jpg.rf.K9KZavCD3OWsUKFlMavf.jpg,train,0.0000,0.401,
6,0046490bus1780x390_jpg.rf.4X2sb1dVqwi3z3js8BTJ.jpg,train,0.0000,0.402,
7,013877-1-lg_jpg.rf.hQfy6f5auJqRzGwNcnZ9.jpg,train,0.0000,0.406,
8,018_jpg.rf.0XFeoyZQ48aVSPqgpeqq.jpg,train,0.0000,0.405,
9,031213065446_jpg.rf.KoL0iGXEo17dLpmiBktF.jpg,train,0.0000,0.402,
10,031213082113_jpg.rf.GPbsRn023cYNGve7V7a5.jpg,train,0.0000,0.401,
11,077006000_1466184933-kepala_kuning_jpg.rf.ut2EPnAV6KYmeFdZgdYH.jpg,train,0.0000,0.402,
12,07bus-service2_jpg.rf.iviHNzCUeFZDj7zifxPe.jpg,train,0.0000,0.401,
13,1048309-1000xauto-bus-klub-indonesia_jpg.rf.rTX8N391lugPT5hgHUrX.jpg,train,0.0000,0.401,
14,10486057103_d8a7fd109b_b_jpg.rf.oLCjUNV5aNU5SZgcO7yH.jpg,train,0.0000,0.404,
15,1131506fuso1780x390_jpg.rf.N898UbrjOPzEn56mq7w0.jpg,train,0.0000,0.401,
16,12745909_911990905563681_71866727339_jpg.rf.Z5KEZ6gFdgw25kuyrtuW.jpg,train,0.0000,0.401,
17,12988780_MTAwMC03OTUtYTcxNGRiOGUwZQ_jpg.rf.8lz0Os79I8z4nGjMI4kv.jpg,train,0.0000,0.400,
18,1365-_jpg.rf.51misGtBLzUj4L1RdowA.jpg,train,0.0000,0.403,
19,13661875-825756007524474-53594221530_jpg.rf.YICOgtrQYHvuMjUm5UEj.jpg,train,0.0000,0.403,
20,1559104773084_png_jpg.rf.aFpcCAI8oS558FuPu3MJ.jpg,train,0.0000,0.400,
21,15690333345d858c76c4523_1--2-_jpeg_jpg.rf.l2tvZ6trUIEKQUklvGSb.jpg,train,0.0000,0.401,
22,15832118185e5de52ab6203_1_jpeg_jpg.rf.T0A6AkfOITDe1L8Wn5BZ.jpg,train,0.0000,0.400,
23,15838034105e66ec12e5fcb_1_jpeg_jpg.rf.BSlt567alkRUPxeQZojk.jpg,train,0.0000,0.404,
24,1585052231_bigbus1-jpg_jpg.rf.pMFic0kBiXvPwpAByovH.jpg,train,0.0000,0.408,
25,15865708705e912676c62ec_1_jpeg_jpg.rf.xvV6ax3p5qn5dT0PYG5R.jpg,train,0.0000,0.402,
26,1598286031-20130714_082914-1024x768_jpg.rf.HpX39XFfCmkCvPKAOrJL.jpg,train,0.0000,0.402,
27,1606141526137-damri_jpg.rf.gpCa5CIbpzogYW15YADm.jpg,train,0.0000,0.405,
28,16095712995ff01be38f194_1_jpeg_jpg.rf.3y2DpzHoVO0YY96FdUc2.jpg,train,0.0000,0.402,
29,16100655265ff7a67692bbe_1_jpeg_jpg.rf.jbuCbA2ONRnP3Pj4v7Xp.jpg,train,0.0000,0.402,
30,16106091855ffff2217285d_1--2-_jpeg_jpg.rf.fYYIeGDzvgk414Ivx1tc.jpg,train,0.0000,0.408,
31,1613083111_jpg.rf.FYc1RBOB2E6jykBDZkzg.jpg,train,0.0000,0.400,
32,161483562560406fa90b7d6_1_jpeg_jpg.rf.aAtkmmDLtKcoH0V5zq8T.jpg,train,0.0000,0.402,
33,1616649101605c1b8d5bded_1_jpeg_jpg.rf.SKW4WB0ZJZOWxCiY35Pk.jpg,train,0.0000,0.400,
34,171_jpg.rf.R0bhkNqFON0xLBaOIePV.jpg,train,0.0000,0.401,
35,17828_5789ACS01_2_jpg.rf.hIyHP5yUmWhxWu180ccK.jpg,train,0.0000,0.402,
36,17828_5789AHS01_17-1_jpg.rf.2kkA48uFTbarb4DwAy0D.jpg,train,0.0000,0.405,
37,17828_6080AFS01_7-1_jpg.rf.K1xPhAVcmkfLVs9J9HE5.jpg,train,0.0000,0.400,
38,1839353249_jpg.rf.J9KnzlTZ9MoKsyskIzC1.jpg,train,0.0000,0.400,
39,184-07_jpg.rf.htxoGssoBtMcM3xkTmik.jpg,train,0.0000,0.401,
40,19575a5n4f_jpg.rf.8v4JuMitQiOzLrKFntd1.jpg,train,0.0000,0.402,
41,1986-Mitsubishi-FM_34050076-l_jpg.rf.O0dYSjOSS6g1kkgrZqx1.jpg,train,0.0000,0.401,
42,1990-mitsubishi-fuso-fk-flatbed-dump_jpg.rf.KKYYPXfvPjYSuUmCe39E.jpg,train,0.0000,0.401,
43,1992-Mitsubishi-FUSO-Fighter-private_jpg.rf.9bXq0p3ezO2s4JjNoQYO.jpg,train,0.0000,0.401,
44,1997-mitsubishi-fuso-fh211-20-ft-box_jpg.rf.Wm81SW7P5tHqXwYm0hDq.jpg,train,0.0000,0.403,
45,1997_mitsubishi_fuso_cab_over_box_tr-1_jpg.rf.vqv9kOhwQp6YIe7km51K.jpg,train,0.0000,0.401,
46,1BCE466D-FE13-4738-8CE1-752980A1622F_jpg.rf.gn4m5u6D7ZFwvuMYDnp7.jpg,train,0.0000,0.401,
47,2000-Mitsubishi-Fuso-68-3886156_1_jpg.rf.4FzKh1VxVEP0LPmX49KU.jpg,train,0.0000,0.400,
48,2000-mitsubishi-fuso-fe639-diesel-bo_jpg.rf.TZR3LLyLsLACQFJyb0yA.jpg,train,0.0000,0.401,
49,2000-mitsubishi-fuso-fm617-box-truck_jpg.rf.3OTDeaA86X2KCXOTT0P6.jpg,train,0.0000,0.404,
50,2001-mitsubishi-fuso-fe649-diesel-11_jpg.rf.srgUPJXpGFv5FEFnEIoY.jpg,train,0.0000,0.415,
51,2003-mitsubishi-fuso-box-truck-26253_jpg.rf.l1ogXMrGVTRvrrx78MjH.jpg,train,0.0000,0.402,
52,2004-mitsubishi-fh-fuso-cab-and-chas_jpg.rf.83vgQYzkhXqeLr1xM6ZW.jpg,train,0.0000,0.401,
53,2004-mitsubishi-fuso-box-van-body-tr_jpg.rf.0v9mW8Me26uMdTbWqh2P.jpg,train,0.0000,0.406,
54,2005-mitsubishi-fuso-fm260-24ft-box-_jpg.rf.eLhWYXBLiNHq4I2Ol53t.jpg,train,0.0000,0.404,
55,2006-mitsubishi-fuso-fe140-16-box-tr_jpg.rf.1cDjGxItqxSHjNc4Uz0x.jpg,train,0.0000,0.404,
56,2006-mitsubishi-fuso-fm260-cars-in-r_jpg.rf.3atklsmzhmxLL5N5NR4G.jpg,train,0.0000,0.400,
57,2007-Mitsubishi-Fuso-Fighter-FK600_5_jpg.rf.l0JgCJbrJnD1bvfff3lI.jpg,train,0.0000,0.400,
58,2007-mitsubishi-fuso-fe-140-landscap-1_jpg.rf.2H3LFOLObnUYwhCOjvmZ.jpg,train,0.0000,0.401,
59,2007-mitsubishi-fuso-fk200-24ft-box-1_jpg.rf.GMxQ4Fv1KTOJ4etH2Uv9.jpg,train,0.0000,0.405,
60,2008-mitsubishi-fuso-wrecker-tow-tru-1_jpg.rf.I1CDQwYMLSGDAbJZXOoC.jpg,train,0.0000,0.403,
61,2010-mitsubishi-fuso-26-ft-box-truck_jpg.rf.gLkMggl9JGv8uMVLSbxR.jpg,train,0.0000,0.400,
62,2010-mitsubishi-fuso-fe145-12ft-box-1_jpg.rf.GwEj4du5UasAfa42SrnG.jpg,train,0.0000,0.410,
63,2010-mitsubishi-fuso-fe145-12ft-box-_jpg.rf.6Dbn8wUOhxgWWYT395GE.jpg,train,0.0000,0.404,
64,2012-04-08-16-00-45-Copy_jpg.rf.02b6N8bLxDTpJCEozUAg.jpg,train,0.0000,0.402,
65,2012-05-19-14-47-41_jpg.rf.vjpiYoSsxruWcoMaD6Hp.jpg,train,0.0000,0.405,
66,2012-06-04-13-47-36_jpg.rf.aMrMcIDXuHNzsLnjcYZE.jpg,train,0.0000,0.407,
67,2012-11-26-09-11-19-2_jpg.rf.drvtCAjDDjNn4hZpqv9u.jpg,train,0.0000,0.403,
68,2012-mitsubishi-fuso-canter-fe160-du_jpg.rf.KN2GdacMBih2T69Z5JQB.jpg,train,0.0000,0.401,
69,20121009_123807_jpg.rf.udycMpIEfYtaNUUr9UNJ.jpg,train,0.0000,0.400,
70,2013-05-28-07-36-09_jpg.rf.dAbM8ikGnbXcIWulDqGY.jpg,train,0.0000,0.403,
71,2013-Mitsubishi-18ft-Refrigerated-Va_jpg.rf.t4FWBweHRDzyUVyuPQin.jpg,train,0.0000,0.402,
72,2013-Mitsubishi-Fuso-Canter-7C15-PBU_jpg.rf.SUCGbB0dy3QxoHzttisQ.jpg,train,0.0000,0.401,
73,20130601_104548_jpg.rf.JLdU4c6rrlp5m7MObF1y.jpg,train,0.0000,0.400,
74,20130712092311711_jpg.rf.ZtJTDFnzeDgNvHGno8Uq.jpg,train,0.0000,0.403,
75,2014-mitsubishi-fuso-fe160-14-feet-b_jpg.rf.KAOwU6jvjKscwC0DxTVq.jpg,train,0.0000,0.406,
76,2015-Mitsubishi-Fuso-Canter-7C15-4x2-1_jpg.rf.aLDkqGlvJyz4HE9K8Pf5.jpg,train,0.0000,0.402,
77,2015-mitsubishi-fuso-fe180-dual-tech_jpg.rf.cSEYZkb6aM7ryCigTIRa.jpg,train,0.0000,0.404,
78,2016_Pink_Bus_Side_2-5694faf30153d_jpg.rf.kQ8BeC9Kzuhj3DV2Qav4.jpg,train,0.0000,0.401,
79,201707170712_fuso-1024x512_jpg.rf.fNXAmII2Z4oWzIEdt7ya.jpg,train,0.0000,0.400,
80,20170820170814udtrucks-2-1024x542_jpg.rf.1Qwsuhe5wfd9Bs1jjdQW.jpg,train,0.0000,0.401,
81,20170820170831fuso-1-1024x674_jpg.rf.eGhYZlpjprueen9n47v9.jpg,train,0.0000,0.402,
82,20171120171117volvo-2_jpg.rf.TegkjqZ9J0MGuHkIijO5.jpg,train,0.0000,0.401,
83,201802153766039_jpg.rf.I7QSd1kiuyHuwBgfDzjj.jpg,train,0.0000,0.404,
84,201811212628734_jpg.rf.pVlyuVr8vSlEmgKTW7SY.jpg,train,0.0000,0.402,
85,201907180193097_jpg.rf.XVuO6qh8y0UtINaidkGH.jpg,train,0.0000,0.404,
86,201908291631929_jpg.rf.1mBuvFFkxuAHzO72SVDj.jpg,train,0.0000,0.400,
87,201910022856907_jpg.rf.Tve5URmM5odQL6PgJPLw.jpg,train,0.0000,0.401,
88,201911134318402_jpg.rf.rnY5YufBAcfdsshXa44k.jpg,train,0.0000,0.400,
89,201911274791996_jpg.rf.xb7UlcMQjh9IJ41WhunS.jpg,train,0.0000,0.400,
90,201912065091481_jpg.rf.uUpsPyVAQvoQF10uFgYV.jpg,train,0.0000,0.403,
91,202001065830933_jpg.rf.68mCIVULSN8X3R2EiFio.jpg,train,0.0000,0.400,
92,202001316814739_jpg.rf.DhSFdt3FOw2Ld4pSWGkB.jpg,train,0.0000,0.401,
93,202002056988643_jpg.rf.NWiBf39bKhyJAVQh7G2G.jpg,train,0.0000,0.401,
94,202002197506403_jpg.rf.XiFDHKjZYbjbbzyiXbv3.jpg,train,0.0000,0.401,
95,202003278769684_jpg.rf.e7C6opzCc5c4pIWBceJI.jpg,train,0.0000,0.402,
96,202004098907520_jpg.rf.zBDTjgtYwSh9faxxqosa.jpg,train,0.0000,0.401,
97,202005159339270_jpg.rf.rxaCWjlWyMJs5WNJG02d.jpg,train,0.0000,0.402,
98,202005179380063_jpg.rf.qQKig5CDzcFrthahQSw0.jpg,train,0.0000,0.403,
99,202005209438910_jpg.rf.PsvdSfiIDtOiDlC4Cx5E.jpg,train,0.0000,0.400,
100,202006029718364_jpg.rf.MgVQIxQ7lnNjHpY0PgPy.jpg,train,0.0000,0.405,
101,202006230427756_jpg.rf.HWAdkNuafgLLvUBxG7NO.jpg,train,0.0000,0.401,
102,202009224056905_jpg.rf.NrV1u0Lc4GNUgTyVY9wk.jpg,train,0.0000,0.401,
103,202009294341174_jpg.rf.PnzivErZgHnZ0YkS0QjR.jpg,train,0.0000,0.403,
104,202010034560843_jpg.rf.2vDmzfZx6LOEfleCF3j3.jpg,train,0.0000,0.401,
105,202010054625092_jpg.rf.NKYG9N7HXWTVMLidXI7e.jpg,train,0.0000,0.402,
106,202010124912669_jpg.rf.RPjHymC5lZwDGZ1GOVMU.jpg,train,0.0000,0.401,
107,202010225303345_jpg.rf.wsJ9GTjQhsT7lM2iZY1F.jpg,train,0.0000,0.401,
108,202010275477424_jpg.rf.2k4RPHRxCAHkWJeg7VbI.jpg,train,0.0000,0.431,
109,202010285539616_jpg.rf.jem2zOnjqQxzSUgXRTMW.jpg,train,0.0000,0.400,
110,202010315642930_jpg.rf.yprPbS4NbVPQC66MthmV.jpg,train,0.0000,0.403,
111,202011105965869_jpg.rf.gpnrb3yJAVAy5bs3KHx9.jpg,train,0.0000,0.401,
112,202011146111399_jpg.rf.9dllAWO2bi5IMzauH9UE.jpg,train,0.0000,0.400,
113,202011166161501_jpg.rf.tNGutm3PeRxJDtIwvd6g.jpg,train,0.0000,0.401,
114,202011246441650_jpg.rf.8v7G4jzFEBa6GmhRyIHD.jpg,train,0.0000,0.402,
115,202011266499977_jpg.rf.s8xzsyY14ewVNUh6XIZc.jpg,train,0.0000,0.402,
116,202012106961192_jpg.rf.wtxnnyj8dVutZWfbrgct.jpg,train,0.0000,0.401,
117,202012237363017_jpg.rf.UbG3DZGQiSqvn3bhl9FB.jpg,train,0.0000,0.407,
118,202012317526123_jpg.rf.NW5amcgWnKjizeGEGSiS.jpg,train,0.0000,0.403,
119,202101057649698_jpg.rf.9wx3fLm5oWy7jbbLZVq4.jpg,train,0.0000,0.404,
120,202101117854072_jpg.rf.5YBRHFvL8GnABZK1OeBb.jpg,train,0.0000,0.404,
121,202101157995164_jpg.rf.u9kH3mYrIAdg77ouj6MQ.jpg,train,0.0000,0.401,
122,202101178052430_jpg.rf.WfQFYpPyNqjvYhSNLYvb.jpg,train,0.0000,0.402,
123,202101188092986_jpg.rf.EzxY0lxa26n9lAJ3PFmg.jpg,train,0.0000,0.401,
124,202101198128317_jpg.rf.mrJwsoG5tl0BKaOjje7u.jpg,train,0.0000,0.400,
125,202101218224836_jpg.rf.wLvRqhVfPmvPqHwu3BnX.jpg,train,0.0000,0.406,
126,202101258335334_jpg.rf.yTzIbfiXQ57DD5uEoktG.jpg,train,0.0000,0.401,
127,202101288451078_jpg.rf.Z1RAqZdiXgAFZmoa7IDi.jpg,train,0.0000,0.401,
128,202101298479349_jpg.rf.lt9TgSW5bNPzHGLZI9qE.jpg,train,0.0000,0.400,
129,202102028602051_jpg.rf.XYImRDuyfkYDHXtKS3gu.jpg,train,0.0000,0.402,
130,202102098864097_jpg.rf.rSw1DULvS6DaCLKcvKS5.jpg,train,0.0000,0.400,
131,202102169117160_jpg.rf.0xdIXdTL90kpj4Mild8L.jpg,train,0.0000,0.403,
132,202102189193726_jpg.rf.bYW47UVpukba0ivpLWt8.jpg,train,0.0000,0.401,
133,202102199229786_jpg.rf.z5IjRhpauOJadDPVyHQi.jpg,train,0.0000,0.402,
134,202103039712776_jpg.rf.tVNsXd1l6GH6PZ3R63It.jpg,train,0.0000,0.405,
135,202103049744596_jpg.rf.DgIwTH4kN9J5evuiEMYh.jpg,train,0.0000,0.402,
136,202103059768642_jpg.rf.FdJPUQLNbfKl0TWbURtN.jpg,train,0.0000,0.405,
137,202103109969901_jpg.rf.TSpgplsoLRLzI9nruAgg.jpg,train,0.0000,0.400,
138,202103300774562_jpg.rf.MyJ1EOQeSLLzxyh8aRib.jpg,train,0.0000,0.403,
139,202104010878926_jpg.rf.90GoJn7mOPJ2IqgTzYwj.jpg,train,0.0000,0.400,
140,202104020885875_jpg.rf.MkIkdUIBPzivmgDjDWBM.jpg,train,0.0000,0.400,
141,202104061036947_jpg.rf.fz5UhK1NehCHtGVKCGhc.jpg,train,0.0000,0.402,
142,202104101196294_jpg.rf.25Jb6rdqRLX3c172afyI.jpg,train,0.0000,0.400,
143,202104131320662_jpg.rf.vEaxWou2XC9BoIQyxgyJ.jpg,train,0.0000,0.400,
144,20220912_15_1159286_L_jpg.rf.yWh0ibCIMdaXEr36SNm7.jpg,train,0.0000,0.404,
145,2075377982_jpg.rf.ZcAfzhzdZgH3yRpSW6zP.jpg,train,0.0000,0.400,
146,21452_NT130964_2-1_jpg.rf.iIGjAn3vgcdGez7rJHZw.jpg,train,0.0000,0.400,
147,21452_NT789-1_19-1_jpg.rf.POsF3bgeBeWwnQMQ98Mf.jpg,train,0.0000,0.401,
148,23-DAMRI_jpg.rf.Zy0R0EFsldVfuBaOMmAI.jpg,train,0.0000,0.403,
149,23-seat-Tata-LP-713-Bus-at-the-2014-1_jpg.rf.Yi1hhVSCDfQZd3LJFoo6.jpg,train,0.0000,0.401,
150,2351_jpg.rf.Y4xzO5ENXSfyaXe6jmga.jpg,train,0.0000,0.401,
151,2465_da8fe53a59ef60c6eb3ea78b89ee30c_jpg.rf.pkN3s0Cuhnfbmn6T5d1O.jpg,train,0.0000,0.404,
152,25397-colt-fe-truk-mitsubishi-colt-d_jpg.rf.bo0KlNGH8Qbvmjtmilot.jpg,train,0.0000,0.403,
153,272_jpg.rf.AA6tjXuNKPjfxkpzUq1b.jpg,train,0.0000,0.404,
154,2788_1807600_1_jpg.rf.af1tFrXQJSNxba4DpMJ7.jpg,train,0.0000,0.402,
155,28195696955_7921782be8_b_jpg.rf.XbQLL7xJxDaYKAUgMzLM.jpg,train,0.0000,0.402,
156,2_106_jpg.rf.LkrmFj6Juh7FLTIEwxO6.jpg,train,0.0000,0.404,
157,2_14_jpg.rf.f7ivOv4kUYKrL9yhPguA.jpg,train,0.0000,0.402,
158,2_165_jpg.rf.FvnFUAks3M3602LimPVL.jpg,train,0.0000,0.405,
159,2_16_jpg.rf.L1plBbfrwWP4qRaKc9e4.jpg,train,0.0000,0.401,
160,2_176_jpg.rf.goow0G8iQauTyKkgCNtZ.jpg,train,0.0000,0.406,
161,2_184_jpg.rf.21hX8CPXX42FcOhobrFC.jpg,train,0.0000,0.400,
162,2_18_jpg.rf.6vtexJ1rxxWrLf3cU9Zk.jpg,train,0.0000,0.405,
163,2_192_jpg.rf.oKVP3xJ63Kh0Hnzu6Rty.jpg,train,0.0000,0.402,
164,2_201_jpg.rf.243M17znJTnz0DdlbhmR.jpg,train,0.0000,0.401,
165,2_214_jpg.rf.hsNTlksMHWzcboa74Ksn.jpg,train,0.0000,0.404,
166,2_226_jpg.rf.GggCw7Cy7YcwSTfKwoQ9.jpg,train,0.0000,0.404,
167,2_247_jpg.rf.kSKDBpF6mUpjFnej6xxt.jpg,train,0.0000,0.402,
168,2_252_jpg.rf.deitOMvOptwr96KkvXJF.jpg,train,0.0000,0.401,
169,2_267_jpg.rf.79dR2xVZuJIX2DjC8IFQ.jpg,train,0.0000,0.405,
170,2_278_jpg.rf.ETaQA9IWajx3oi3bGc4i.jpg,train,0.0000,0.401,
171,2_281_jpg.rf.WiTpaseduUkvPT8MhBq9.jpg,train,0.0000,0.403,
172,2_284_jpg.rf.WKYAwTlt2UKi8bw4kSds.jpg,train,0.0000,0.404,
173,2_299_jpg.rf.7KlZRAA1gfGcFXBCd9Q2.jpg,train,0.0000,0.400,
174,2_304_jpg.rf.1G2R3DvX191XM9CutvNF.jpg,train,0.0000,0.406,
175,2_30_jpg.rf.eYyz7sNIcUllsOeOXJxx.jpg,train,0.0000,0.402,
176,2_318_jpg.rf.ZETOfgE2WLdA9oRLFN2e.jpg,train,0.0000,0.400,
177,2_325_jpg.rf.d2Bw1WjRP3XXDJnDljle.jpg,train,0.0000,0.402,
178,2_334_jpg.rf.6z7g6eBLRv9VH16eEJKU.jpg,train,0.0000,0.401,
179,2_345_jpg.rf.9Y3W103uF53QobNzrm5L.jpg,train,0.0000,0.411,
180,2_352_jpg.rf.SJAQQNQlShwtoTuDHtlk.jpg,train,0.0000,0.402,
181,2_381_jpg.rf.ViwaSVP5yjQVOiaMPrNa.jpg,train,0.0000,0.403,
182,2_409_jpg.rf.zFpsoXzOjZIutReVxElS.jpg,train,0.0000,0.405,
183,2_434_jpg.rf.DyMHOoVVWuIbpSeptXJY.jpg,train,0.0000,0.409,
184,2_445_jpg.rf.DTW0dRIBkGYSCwn2Ys5B.jpg,train,0.0000,0.402,
185,2_459_jpg.rf.KLOBz9bdvLUNt2vOsTId.jpg,train,0.0000,0.400,
186,2_45_jpg.rf.0MbVgA3cgOXGGEFv5HBx.jpg,train,0.0000,0.401,
187,2_479_jpg.rf.wyDQBdbyUlJELb2TlVzS.jpg,train,0.0000,0.405,
188,2_543_jpg.rf.pJeodJnuBTXziZCCysEn.jpg,train,0.0000,0.402,
189,2_545_jpg.rf.HSXBW1RlaYr7Jg2NL3EW.jpg,train,0.0000,0.400,
190,2_549_jpg.rf.t8gntJYaRkYzThHg2y1i.jpg,train,0.0000,0.401,
191,2_553_jpg.rf.8PuyjduewDC3PXcpaSR5.jpg,train,0.0000,0.402,
192,2_558_jpg.rf.wlumFZA7GEb8wrKj564X.jpg,train,0.0000,0.414,
193,2_57_jpg.rf.8hxLZ7KEaOt7vBpbADgA.jpg,train,0.0000,0.400,
194,2_589_jpg.rf.JwvefmT6QnuUYSWGAiJe.jpg,train,0.0000,0.401,
195,2_624_jpg.rf.5iDskVCWqjuixnNqaEHI.jpg,train,0.0000,0.400,
196,2_627_jpg.rf.7Vcmhx1kmZF3PKamNSTW.jpg,train,0.0000,0.400,
197,2_638_jpg.rf.toTjf4hA1G37xeBLxA6J.jpg,train,0.0000,0.401,
198,2_641_jpg.rf.OSN2AF6T2MkjfwzlCENz.jpg,train,0.0000,0.408,
199,2_642_jpg.rf.150fiewoZeQXn7Suc1lC.jpg,train,0.0000,0.404,
200,2_649_jpg.rf.LHh0DRNkEb45s1sBxRCO.jpg,train,0.0000,0.401,
201,2_64_jpg.rf.2mWatyF9H9GTcTHca3JA.jpg,train,0.0000,0.402,
202,2_662_jpg.rf.jhrOKk7tBOneSM2x4adN.jpg,train,0.0000,0.400,
203,2_671_jpg.rf.BvSjw2xyZThAJ1aqiEl4.jpg,train,0.0000,0.402,
204,2_695_jpg.rf.PhGPSgbgthSfkq2l7Ito.jpg,train,0.0000,0.402,
205,2_738_jpg.rf.sh2BgxYsOiULjOtNFa0x.jpg,train,0.0000,0.405,
206,2_745_jpg.rf.2QV3w7UX0IR931JF8riS.jpg,train,0.0000,0.401,
207,2_746_jpg.rf.eXEuNzr2SpnQsACwfBSi.jpg,train,0.0000,0.402,
208,2_775_jpg.rf.Qh2lAiPMnMzkwCtbNlmJ.jpg,train,0.0000,0.401,
209,2_834_jpg.rf.y2tsVv5k9Duq4NsWcjzD.jpg,train,0.0000,0.400,
210,2_850_jpg.rf.JQiOwDoGesQqa3kK3h6S.jpg,train,0.0000,0.400,
211,2_857_jpg.rf.3mjICygrkUj3aAg0HmSE.jpg,train,0.0000,0.400,
212,2_879_jpg.rf.LXwxf67lNuszaDhQeTsq.jpg,train,0.0000,0.403,
213,2_922_jpg.rf.EjoEZJDl2UJ1cPUhfWXP.jpg,train,0.0000,0.401,
214,2_92_jpg.rf.PtxdDoXO7VFIW1vR6quR.jpg,train,0.0000,0.401,
215,2_946_jpg.rf.3ilVg60iXdNgPmCCGXwe.jpg,train,0.0000,0.400,
216,2_964_jpg.rf.DtWjHV9z8SVq9f9mfoON.jpg,train,0.0000,0.400,
217,2_966_jpg.rf.HITWLV8Ewk7Z6CKtN9S2.jpg,train,0.0000,0.407,
218,2_975_jpg.rf.magvqyGB6t2f4j8xAYM2.jpg,train,0.0000,0.402,
219,30087455_211830202737680_98609079714_jpg.rf.qQd4m3jLgo3PvEGlYhmX.jpg,train,0.0000,0.401,
220,30364-1_jpg.rf.bVfedxyZvXRGIZ2ITUGs.jpg,train,0.0000,0.401,
221,3040974006_jpg.rf.EFJJnATVx2CYYDg8loR6.jpg,train,0.0000,0.401,
222,3059_en_43493_17596_fuso_canter_fg4x_jpg.rf.fCs5JQa7OuOZhAfQLcma.jpg,train,0.0000,0.409,
223,3096_jpg.rf.yatbw34i0VhoBDRDSzGY.jpg,train,0.0000,0.400,
224,313510045_orig_png.rf.6roCzBbJwBfhaYmogyAg.jpg,train,0.0000,0.406,
225,3173ec56-a792-47ff-9b18-79fc37729b95_jpg.rf.9m7cS0UpNH4ZsldCE322.jpg,train,0.0000,0.405,
226,3496818818_jpg.rf.xlqIMJ4CdouxrCTYEf1K.jpg,train,0.0000,0.403,
227,3534274-foto-camion_jpg.rf.WYB8J9ktzrPnhVc3RSA7.jpg,train,0.0000,0.401,
228,36484_48363_248254_jpg.rf.2OeA6UvktwtnqrctsRaQ.jpg,train,0.0000,0.406,
229,394_jpg.rf.ZGs0Y3mtkhPBTjqh1uKb.jpg,train,0.0000,0.402,
230,3_58_jpg.rf.GHhKpQmUTi4UBXCZNHLs.jpg,train,0.0000,0.400,
231,41728_53604_276708_jpg.rf.GIQRxPqjd1Mj2kz6gqhR.jpg,train,0.0000,0.404,
232,4209015271_jpg.rf.SbP1Gsg1Zf69QldRK2oI.jpg,train,0.0000,0.404,
233,494_jpg.rf.A3FK3mfYOjppCx8Us9XJ.jpg,train,0.0000,0.404,
234,5-Fighter_jpg.rf.j00GZMK3ew905NPldn9O.jpg,train,0.0000,0.402,
235,57877d_jpg.rf.BvUIXAejH25r9tMdLSap.jpg,train,0.0000,0.402,
236,59ae4f1e1759ef51024bbe3162d3eac0_jpg.rf.XnnWE3AJr2J09p0v9GBm.jpg,train,0.0000,0.401,
237,5a1e37db78f66_jpg.rf.YjNfkWocvTyGq1YnphnA.jpg,train,0.0000,0.403,
238,5bebae449da3571a3c784f34_jpg.rf.t9zy5r0ho8CPpUVQcRQ1.jpg,train,0.0000,0.403,
239,5e70c09022be7_jpg.rf.0u8akFegb9aL0dLCF9Xg.jpg,train,0.0000,0.401,
240,5ede2220cb901_jpg.rf.9xOuYqLi3ABYF2FgHkqI.jpg,train,0.0000,0.400,
241,5f2bcc12568b2_jpg.rf.A3BIMxFZpYtBLW7wRt3G.jpg,train,0.0000,0.401,
242,5f33b93e9cb5c_jpg.rf.8csLEbZpyiQ143ZDCXQm.jpg,train,0.0000,0.401,
243,5f630068e794c-jpg_jpg.rf.A7qVc6TDRWEn8TJ0v45n.jpg,train,0.0000,0.401,
244,5fc5f27b748a8_jpg.rf.BjvbGsMzp6zDoePyK4JP.jpg,train,0.0000,0.402,
245,6007950747_jpg.rf.6uoeDx0lGAFEzVkucwP4.jpg,train,0.0000,0.402,
246,60a56bfcc7a8f59d9b5985b53a1ecc9a_jpg.rf.pdowd5l7NN6LTQiMQ0yj.jpg,train,0.0000,0.401,
247,6320646c88aca-generasi-terbaru-dari-_jpg.rf.DVnovOLNwjLIgpfVfHm0.jpg,train,0.0000,0.402,
248,636c52a2-2185-61da-7f4f69e6100998dd_jpg.rf.14btAiTkBOEgFZ8qWcdR.jpg,train,0.0000,0.400,
249,65827a_jpg.rf.a1wt85ZsMGasM4RnmfwX.jpg,train,0.0000,0.403,
250,66036_10151300360847220_625112810_n_jpg.rf.zyKaOQEL6Yrxsem00vgR.jpg,train,0.0000,0.401,
251,662019142246_jpg.rf.C2FFMOjYw5JqOkug0qh0.jpg,train,0.0000,0.423,
252,6ed4bc32-ec4f-475a-996d-64ad159da3ea_jpg.rf.rckq6yQlNzXVapaLgNH3.jpg,train,0.0000,0.400,
253,70007041023020121601000_jpg.rf.d2WP09HfBxOivY2exGDw.jpg,train,0.0000,0.402,
254,7003032861_jpg.rf.5iwjUp0raKo2V8WDUSCa.jpg,train,0.0000,0.404,
255,7730989228_e36788142f_k_jpg.rf.E8CigzNaBQ3NejM6gzhu.jpg,train,0.0000,0.400,
256,800px-000672_-_Autob-C3-BAs_jpg.rf.WWWQGr2ebvFPKaQ4LD46.jpg,train,0.0000,0.403,
257,830005_2_original_jpg.rf.kF0FHjrFd0TmRMfixqTo.jpg,train,0.0000,0.402,
258,847666-2012-mitsubishi-fuso-super-gr_jpg.rf.xMCqkHhUqffPghAIT8ge.jpg,train,0.0000,0.404,
259,849x493q70greg-busStrike_jpg.rf.WUh7ylyXOyPnLckckxS3.jpg,train,0.0000,0.402,
260,8e122b9b28dc5f426486-1296x954_jpg.rf.Z2CJlFqB1x337hJPxyat.jpg,train,0.0000,0.400,
261,9041_1413578135698_jpg.rf.OUXmgIGCupxpgxlLqMvl.jpg,train,0.0000,0.403,
262,91247a_jpg.rf.cWaRyWbgK7161WfkxrGW.jpg,train,0.0000,0.402,
263,999589157_7_jpg.rf.ndqSuWk6C1xSKbP7PnKW.jpg,train,0.0000,0.404,
264,AEN20190704001900320_01_i_P4_jpg.rf.pE1ADRWCBP4gyOq7txfK.jpg,train,0.0000,0.401,
265,Al-Ghubaiba-Bus-Stations_jpg.rf.5vBBWajbNd8esuCXrn1B.jpg,train,0.0000,0.401,
266,Armada-Bus-Sehat-DAMRI-2-780x470_jpg.rf.mXzm34ztHDBaLoOwPux1.jpg,train,0.0000,0.401,
267,BIS_jpg.rf.z4tVMjGmqyAqijMBGNIJ.jpg,train,0.0000,0.403,
268,BUS-2BDAMRI-2BKEMAYORAN_png.rf.SOCo39zGQfhRbIeDc1O2.jpg,train,0.0000,0.403,
269,BUS-INDONESIA-1-26-X-ETS2-768x431_jpg.rf.NFPG6BE4DvUfHhutJ5X9.jpg,train,0.0000,0.402,
270,B_lions_city_02_jpg.rf.JBn0DYFKK6g8EZnhsLM7.jpg,train,0.0000,0.405,
271,Baru-Kepala-Emas1_jpg.rf.yQS5cBMhGaLhYPmFfdqm.jpg,train,0.0000,0.400,
272,Beverage-Trucks-Mitsubishi-Fuso-FG-1_jpg.rf.lVycV74SlxjK7sxyi4fr.jpg,train,0.0000,0.401,
273,Bus-2BDamri-2BBandara_png.rf.x04X700q9ug9wKCTymrs.jpg,train,0.0000,0.401,
274,Bus-2BDamri-2BJakarta-2B2_jpg.rf.8ChDNDjWGtAWh9qRGUFx.jpg,train,0.0000,0.424,
275,Bus-DAMRI-istimewa5e06e8ff7aea3430_jpg.rf.JieJK7DJsvs16GZeNnJW.jpg,train,0.0000,0.400,
276,Bus-Damri2233_jpg.rf.ERmWwTHlS89wcVGPkKOW.jpg,train,0.0000,0.401,
277,Bus-Jakarta-Explorer_jpg.rf.adWoMnqJKfC2ro3xg5i3.jpg,train,0.0000,0.400,
278,Bus-Raya_png.rf.uX3JDM5mzHMoURmAHJeu.jpg,train,0.0000,0.401,
279,Bus-boarder-2-e1555851835468_jpg.rf.vGT62QXAWyCKrqICHvu7.jpg,train,0.0000,0.401,
280,CIMG3759-2_jpg.rf.bcRFFxyijR0kz2q0HLO3.jpg,train,0.0000,0.401,
281,Crane-Truck-Mitsubishi-Fuso-Turbo-Di_jpg.rf.CWVkUbbCCQusTWV1WXnt.jpg,train,0.0000,0.412,
282,Cutting-Sticker-Truck-Canter-Kuning-1_jpg.rf.oNh2QhdQZhlGhJkEFxAu.jpg,train,0.0000,0.400,
283,Cutting-Sticker-Truk-Canter-Variasi-_jpg.rf.SdpC6AzvkVjznZeQv39R.jpg,train,0.0000,0.402,
284,Cutting-Sticker-full-Truk-Canter-Var_jpg.rf.khESN67aae6U8EGCkGwE.jpg,train,0.0000,0.401,
285,Cutting-sticker-truck-canter-kuning-_jpg.rf.otLJnRwm9aY6vN9qTXDK.jpg,train,0.0000,0.400,
286,DAMRI-2-1_jpg.rf.TAiL4TorXRxTaMWws6Vm.jpg,train,0.0000,0.405,
287,DAMRI-3-1_jpg.rf.yozZNJhTxUC6zR7kebhX.jpg,train,0.0000,0.401,
288,DAMRI-Brunei-001_jpg.rf.KAykMZ9liJm1eaUSvBYp.jpg,train,0.0000,0.402,
289,DAMRI-tempoe-doeloe-1_jpg.rf.bBrjMwIz6W6LJSKmklLu.jpg,train,0.0000,0.401,
290,DSC_0143_jpg.rf.JqS6i9LNQubCKRcx6VLi.jpg,train,0.0000,0.400,
291,DSC_0209-1050x591_jpg.rf.5ydu7HpmSsqGwTwG3BIA.jpg,train,0.0000,0.403,
292,DSC_4353-e1559667240877_jpg.rf.oUHNIBaUizVD2GXNWadg.jpg,train,0.0000,0.408,
293,Damri-2BLama_jpg.rf.H5U2tG0dHANNvrq9xCNE.jpg,train,0.0000,0.402,
294,Damri-2BPontianak-2BSingkawang_jpg.rf.5ZzuPOFQMgJUKHYvTd1j.jpg,train,0.0000,0.401,
295,Damri-2BSukabumi-2BBandara-2BSoekarn_jpg.rf.AU2F6xXrVQuWNH3H6iSy.jpg,train,0.0000,0.403,
296,Damri-2BSurabaya_jpg.rf.9x6GCqvuGNg0B63WIIIu.jpg,train,0.0000,0.401,
297,Damri-2Bke-2Bbandara-2BKertajati_jpg.rf.B26ariGNzlvJO3Rvy0OY.jpg,train,0.0000,0.401,
298,Damri-630x420_jpg.rf.3oMFJuEtjGcRy1uSnvaM.jpg,train,0.0000,0.406,
299,Damri-8_jpg.rf.tJvTEQ0iQCyanbKmyMPt.jpg,train,0.0000,0.400,
300,Damri-Bandara-di-Gambir_jpg.rf.gaptiXDtUnx92yj67P7m.jpg,train,0.0000,0.400,
301,Damri-Klasik-Kendaraan-Wisata-Dalam-_jpg.rf.Eo1nqFtDufVYwk0YJYpI.jpg,train,0.0000,0.400,
302,Damri-U_jpg.rf.kHtUoUeElujMeTuv8pwg.jpg,train,0.0000,0.400,
303,Delivery-Moving-Straight-Box-Truc-1_jpg.rf.fjUFSIESm2w6KjvVust1.jpg,train,0.0000,0.400,
304,Elite-7-Large_jpg.rf.SbcT6bA8dNLca2yPIJy6.jpg,train,0.0000,0.402,
305,FK417E-001_jpg.rf.5OT0hcuVuaxw0EEVtoGX.jpg,train,0.0000,0.401,
306,FUSO-6D24-2006-TRUCK_HEAD_-22-_jpg.rf.gktMXetdaNM3I5KlIVic.jpg,train,0.0000,0.401,
307,FirstSpirit_1596549623817CeTrax-Aufm_jpg.rf.Im4ip8qOhlwC8wfIDsS5.jpg,train,0.0000,0.400,
308,GILLIG-bus-for-Newsroom-Banner-1024x_jpg.rf.4nrKLcG6ZgzR2fskgcJ5.jpg,train,0.0000,0.402,
309,Harga-Tiket-Damri-Jambi-damricoid_jpg.rf.TW33jswsCeYMVYaM97es.jpg,train,0.0000,0.406,
310,Harga-tiket-Damri-Jakarta-keposiasi-_jpg.rf.rp9a4kzeC9TmJegVa315.jpg,train,0.0000,0.401,
311,IMG-20190701-WA0000_jpg.rf.u3aEsFh3UZVbJrAnqMx7.jpg,train,0.0000,0.401,
312,IMG02301-20120407-1229_jpg.rf.Ak1EzwK97t9RoWhfSLVV.jpg,train,0.0000,0.401,
313,IMG20190211170141_jpg.rf.A1GfB5cQbnfDuDwxxyRt.jpg,train,0.0000,0.403,
314,IMG_20150312_165650_jpg.rf.iL3K0zNlHuiDQH0rF8r8.jpg,train,0.0000,0.401,
315,IMG_20150904_105431_jpg.rf.5R42i3GEl4XmYa1r2Wmn.jpg,train,0.0000,0.402,
316,IMG_20151014_115833_jpg.rf.IyYoLiBDnUtBS50QVjpn.jpg,train,0.0000,0.401,
317,IMG_2431_2048x2048w_jpg.rf.bmdNQYnlO9nRlAjYZjhy.jpg,train,0.0000,0.400,
318,Image-3-BusDriverJade-Y717-TOH-1024x_png.rf.O9KHvlu7J2Kumsj3brle.jpg,train,0.0000,0.405,
319,Keltruck-2a_amd-768x512_jpg.rf.A7XEcbcSLVUCnrluPsXW.jpg,train,0.0000,0.401,
320,Landing-image-template-1024x683_jpg.rf.reThe3lJPf7ikoDXc1DT.jpg,train,0.0000,0.400,
321,London-Panorama-Bus-Tour-2_jpg.rf.juXInfLnJhrA231l0Ni4.jpg,train,0.0000,0.410,
322,MAN_30_03_2021_jpg.rf.C95wB0XnwmPLGZoQ292j.jpg,train,0.0000,0.402,
323,MITSUBISHI-FUSO-SUPER-GREAT-V-BETA-V_jpg.rf.fOvjonCHur1UTCG5ocBl.jpg,train,0.0000,0.400,
324,Mitsubishi-Fuso-Truck-of-America_jpg.rf.vDB0xZkMzSGexQ3YTbkD.jpg,train,0.0000,0.402,
325,MlvYs6BTcGdEVk9aRfKncj5Hq4-eOzTgvTe8_png.rf.AwcHKAeeCgajhZUCfDRH.jpg,train,0.0000,0.401,
326,Modifikasi-2BTruk-2BIndonesia-2B10_jpg.rf.VvBIkYeinTTQsesGpZif.jpg,train,0.0000,0.401,
327,Modifikasi-Truk-Canter-Jawa-3_jpg.rf.Q4Z9bnvSjr60UdcB46ge.jpg,train,0.0000,0.401,
328,New-2BShantika-2B2_jpg.rf.u98SOo806LAyovD3CZJJ.jpg,train,0.0000,0.401,
329,OTS-thumbnail-1024x576_jpg.rf.gOVti7AxKN2RsRNmgeqG.jpg,train,0.0000,0.402,
330,On-the-edge-of-the-moors-at-Illingwo_jpg.rf.nER7BnMke5ueqZkvXeoi.jpg,train,0.0000,0.431,
331,P1010474_jpg.rf.XcLOpbt0kDHOohQOsEEW.jpg,train,0.0000,0.401,
332,P2P-bus-services-Iloilo-Business-Par_jpg.rf.MVcqVaG4T3Li2jGaH1vR.jpg,train,0.0000,0.403,
333,PICT0304_jpg.rf.DugEQTtU34HoImII9zir.jpg,train,0.0000,0.403,
334,P_eBus_eTGE_jpg.rf.nQWxE68jXGs3lEQQzJBx.jpg,train,0.0000,0.403,
335,Photo0109_jpg.rf.e5qFbp5HqlHYaoWfVw37.jpg,train,0.0000,0.402,
336,Quester-Tangki-BBM-bertematik_TruckM_jpg.rf.DLJTXN8vauI9pYcgTZRt.jpg,train,0.0000,0.402,
337,T100_png.rf.62d6GEFqHMJByAYpk8vQ.png,train,0.0000,0.402,
338,T101_png.rf.fDnX1BXuH8spTkhiYavV.png,train,0.0000,0.400,
339,T102_png.rf.TESogZwU5vhXfGkhwCWA.png,train,0.0000,0.405,
340,T10_png.rf.gMAvNkq91QZFAVXxAyaG.png,train,0.0000,0.401,
341,T11_png.rf.S7RTeg4OU8uLLEHasqUE.png,train,0.0000,0.402,
342,T12_png.rf.VdD3ptiQXByHe2jf5ZFV.png,train,0.0000,0.404,
343,T13_png.rf.iiwpSLxeUqJYrevtfo81.png,train,0.0000,0.401,
344,T14_png.rf.RmgsRBCX39aAnMCx0jRM.png,train,0.0000,0.402,
345,T15_png.rf.ZOeQY1J3zYf3wXuFWcku.png,train,0.0000,0.408,
346,T16_png.rf.sG8AN4ndFr83MRkQg9l7.png,train,0.0000,0.400,
347,T17_png.rf.2oxDwsYWz1rmkWOaz8O4.png,train,0.0000,0.405,
348,T18_png.rf.I1jayzEwniW9zxW61mPh.png,train,0.0000,0.409,
349,T19_png.rf.oYjdnjG9yw60FsYzWOQK.png,train,0.0000,0.400,
350,T20_png.rf.b7RJAgbFGtdb0C2YJYt6.png,train,0.0000,0.403,
351,T22_png.rf.5q6uR3PvYHZiX7qE6yVN.png,train,0.0000,0.400,
352,T23_png.rf.smuJgaRBYznjuWAKNEOZ.png,train,0.0000,0.400,
353,T24_png.rf.V4n9TpjvUJSa3h6Vkkwa.png,train,0.0000,0.401,
354,T25_png.rf.gUmJ21KJs746Gnk5Qd4l.png,train,0.0000,0.402,
355,T26_png.rf.BiJui45PXmUUDEChAQAt.png,train,0.0000,0.405,
356,T29_png.rf.3EKwYKkdLXmVh153Ewc4.png,train,0.0000,0.400,
357,T31_png.rf.gTTz3IWUtapQu3BlEA2U.png,train,0.0000,0.401,
358,T32_png.rf.TRmFKEDjcNAeJKj9smo3.png,train,0.0000,0.403,
359,T33_png.rf.qlPPRVnvmSoRZlLvWb9n.png,train,0.0000,0.404,
360,T35_png.rf.MEc9SMuPqxVYaN7HKTz7.png,train,0.0000,0.401,
361,T37_png.rf.esRcepo75YthCF4kT9SU.png,train,0.0000,0.403,
362,T38_png.rf.8sxYy16jFFUu8lASDV5P.png,train,0.0000,0.402,
363,T3_png.rf.SAEw3PKx009kJJxf0OGu.png,train,0.0000,0.401,
364,T42_png.rf.pU5JnqYWaPrfT8IXk9cy.png,train,0.0000,0.402,
365,T43_png.rf.5VT4m4aOVbeVkgFXM6f6.png,train,0.0000,0.408,
366,T45_png.rf.Cwjd0jIGUIgbZ8WDLbPS.png,train,0.0000,0.401,
367,T47_png.rf.00E44vtBXNRZByCa1N1r.png,train,0.0000,0.404,
368,T48_png.rf.4TpTfeqM3DJzCsGFXhUZ.png,train,0.0000,0.402,
369,T4_png.rf.0Th9jUZUaqxC6r1Mvavo.png,train,0.0000,0.404,
370,T51_png.rf.hmow9dr8PWVRGgBASZOa.png,train,0.0000,0.400,
371,T52_png.rf.GaEufjFpMs6fFCrObA05.png,train,0.0000,0.402,
372,T53_png.rf.nrM0NLn8wS5o3JsuECvP.png,train,0.0000,0.402,
373,T54_png.rf.0bnVXYy1QX74NsqHhAY9.png,train,0.0000,0.401,
374,T55_png.rf.mnYrIT6ouxFXINVlzSAz.png,train,0.0000,0.404,
375,T56_png.rf.OEIepAlnavh9oK3p35Fo.png,train,0.0000,0.402,
376,T57_png.rf.kjIMmOBrSZ2tvTCAL656.png,train,0.0000,0.402,
377,T58_png.rf.ZsVVHyOB5HzUdEDnTA4j.png,train,0.0000,0.403,
378,T59_png.rf.onqClQAWI5iAmCIW0eZ6.png,train,0.0000,0.400,
379,T5_png.rf.WY7qM7NmTHRRkkbWZOVK.png,train,0.0000,0.408,
380,T60_png.rf.EKJaHRFh9ii1s5hBZehf.png,train,0.0000,0.402,
381,T61_png.rf.er7wGFNg5JJLkO3V3sps.png,train,0.0000,0.405,
382,T62_png.rf.vzkgMqe05FAD5iQHFq4L.png,train,0.0000,0.404,
383,T63_png.rf.GIMsw0znOKNVeiBEp3tZ.png,train,0.0000,0.400,
384,T64_png.rf.TW0oEOV2HO1BPHFpLZiI.png,train,0.0000,0.401,
385,T65_png.rf.l5xzhSv7g3kw3vGlb9vV.png,train,0.0000,0.403,
386,T66_png.rf.x4o6DFTa7XxJAtrwanQN.png,train,0.0000,0.400,
387,T67_png.rf.Xm0Peq6n28VS28TzCGJe.png,train,0.0000,0.403,
388,T68_png.rf.TBqbRqGYa5KvKYk8p5wa.png,train,0.0000,0.402,
389,T69_png.rf.AeDagdBwUCkeqK0bauLT.png,train,0.0000,0.407,
390,T6_png.rf.sXDig4QXridq0Bg2kxgL.png,train,0.0000,0.402,
391,T70_png.rf.9BdMSUItSaIWbe09inJK.png,train,0.0000,0.401,
392,T72_png.rf.uj8ipMVfDwRzlcDrGbe5.png,train,0.0000,0.401,
393,T73_png.rf.TYfH8d3UCrMzQm57mXQg.png,train,0.0000,0.404,
394,T76_png.rf.5j5Fu0r6chFCziXsJyyu.png,train,0.0000,0.402,
395,T77_png.rf.bqCdePOsvxWAmP98gYSd.png,train,0.0000,0.402,
396,T78_png.rf.UMNhawNdkisZ0kKhQCyx.png,train,0.0000,0.403,
397,T79_png.rf.hY034kz3feaKsWgfIw90.png,train,0.0000,0.401,
398,T7_png.rf.2vogILTFmdFxFHlNmUJL.png,train,0.0000,0.401,
399,T80_png.rf.tl5ijYfDVEcJJTdff7vr.png,train,0.0000,0.408,
400,T81_png.rf.O7AYbonibvI9YvtCNPAX.png,train,0.0000,0.403,
401,T82_png.rf.ciF94zNeHatjGd5UzpXe.png,train,0.0000,0.401,
402,T83_png.rf.i8c8bCoPUcwUytSpG9tN.png,train,0.0000,0.402,
403,T84_png.rf.IM0IKqMiE66kBiUjoLUD.png,train,0.0000,0.405,
404,T88_png.rf.mEyoSyY0gvHjt4cvu0XR.png,train,0.0000,0.402,
405,T89_png.rf.zT45aCkBPR0j3FUDfg79.png,train,0.0000,0.402,
406,T8_png.rf.MHxLZDtH1BoSwD5KWGjn.png,train,0.0000,0.401,
407,T90_png.rf.spm3PgbeGCJfcNu6GT9A.png,train,0.0000,0.401,
408,T93_png.rf.UhUlxKr8AafwE7hkljBd.png,train,0.0000,0.402,
409,T94_png.rf.HIxRgnaWa9TZ0FpNYl6f.png,train,0.0000,0.401,
410,T95_png.rf.XPRG2oDXjxbBxiZDKSXs.png,train,0.0000,0.400,
411,T96_png.rf.99CUgL8uOpHy5ybsR8G4.png,train,0.0000,0.403,
412,T97_png.rf.WxueimuqsGRWxEYMEvbW.png,train,0.0000,0.401,
413,T99_png.rf.dKmABEhM8YRmH64jWLh7.png,train,0.0000,0.405,
414,T9_png.rf.syIwEJbNRnNoq8KOJFbj.png,train,0.0000,0.403,
415,Truk-Foto-ktb-co_-id_-2_jpg.rf.Haqt9KNZ8yivtC4qt4gX.jpg,train,0.0000,0.402,
416,UT8keW_XfXcXXagOFbXd_jpg.rf.PRbhg9O89niUseRmGj6G.jpg,train,0.0000,0.404,
417,Untitled-design-60-1_png.rf.GkHucrtJfZqEZHOqjtwv.jpg,train,0.0000,0.402,
418,WhatsApp-Image-2020-07-04-at-18-38-3_jpg.rf.efJLCN7vQts2aaTdkFro.jpg,train,0.0000,0.403,
419,WhatsApp-Image-2021-04-19-at-14-47-0-1_jpg.rf.VHukkTEUgiP9uXfmt2LF.jpg,train,0.0000,0.400,
420,WhatsApp-Image-2021-04-19-at-14-47-0_jpg.rf.U7whlaDjw4a01fKWpFsH.jpg,train,0.0000,0.401,
421,Winstar-bus_jpg.rf.wf8nRGwLX4Z5fjRz55vu.jpg,train,0.0000,0.402,
422,X0JQaKT5nA_jpg.rf.Cpk5tiIXxABMr5lgbZap.jpg,train,0.0000,0.400,
423,YT00640_1_jpg.rf.NmWniO76oEqERlbGiRui.jpg,train,0.0000,0.403,
424,Yutong-55-Seats-Used-Bus-Coach-Bus-P_jpg.rf.qVwPF43wF4zeIX441nf5.jpg,train,0.0000,0.402,
425,a-maritime-truck-hauling-a-hyundai-shipping-container-along-_jpg.rf.yXz5Phop3opOnzmnLZ32.jpg,train,0.0000,0.402,
426,a79d604a-4711-4d86-a9bd-70a15cdc7243_png.rf.5TEa2ZUhOEiuTMyUn0Lq.jpg,train,0.0000,0.403,
427,aaf1bbc83654f71150d7bed74ecaa91e_jpg.rf.NGG5yVYZFLG5ZPQhJbqi.jpg,train,0.0000,0.402,
428,ad-assets-2F17828-5812AIS01-2Ffield_jpg.rf.KJwA2aKLaOeeszi4lIyI.jpg,train,0.0000,0.414,
429,ad-assets-2F2020-08-2F1597034527_ctt_jpg.rf.GxYQ0Nz1DhSMOPhU0iVP.jpg,train,0.0000,0.402,
430,arctic-bus-landmannalaugar_jpg.rf.yWLYv15ExA0RdnMQsInr.jpg,train,0.0000,0.401,
431,armada-damri-kini-dilengkapi-ion-pla_jpg.rf.snl3Xwir0nCTiU4l9uig.jpg,train,0.0000,0.402,
432,as_10_jpg.rf.w3lQWm6fNcp1SZ02Ep5F.jpg,train,0.0000,0.401,
433,au_vehicles-8355-2_jpg.rf.IIoDKTwmSlpopCFqPqZs.jpg,train,0.0000,0.402,
434,bak-2Btruk-2Birsyad-2Bputra_jpg.rf.k0mTrC4hyCKHqFmNoLl2.jpg,train,0.0000,0.402,
435,bak-truk-modifikasi_jpg.rf.LYiaHRzRtwMne7o90RUj.jpg,train,0.0000,0.401,
436,banjir-jakarta-bus-damri-rute-bandar_jpg.rf.mV3dozLXZoYsPmuZwrZ8.jpg,train,0.0000,0.400,
437,batambicara-id-kembali-beroperasiona_jpg.rf.dbXG8snnF42EtqJEDtII.jpg,train,0.0000,0.401,
438,bd641e5b2a4baeb6065d59537cff6f8f_jpg.rf.0zIlN5ZCRM4SzB8RfbmS.jpg,train,0.0000,0.403,
439,bd7406e99e25231acc59a1e7a821a6b6_jpg.rf.rfHHyEhJ4rHP3qnCFA3u.jpg,train,0.0000,0.402,
440,big-bus-tour-dubai_jpg.rf.4TwJpAgOeY62CTE1EsMk.jpg,train,0.0000,0.401,
441,bis-2Bwerkudara_jpg.rf.6ulXWjnThDZ1aIyNxz4U.jpg,train,0.0000,0.400,
442,bis-damri-56f691fd927a61d208fdbaf7_jpg.rf.MGLfA38LWsqwEO4Piya4.jpg,train,0.0000,0.404,
443,bs_jpg.rf.4aDqK0Xg1gOKahWVfNaS.jpg,train,0.0000,0.401,
444,bus-2Bdamri-2Bbandung-2B-2Bkuningan_jpg.rf.g1e3nAR0QeoOI2cmYQy2.jpg,train,0.0000,0.400,
445,bus-2Bdamri-2Bbandung_jpg.rf.LYGJqzlkyhqQtvW0faqH.jpg,train,0.0000,0.403,
446,bus-2Bdamri-2Bbogor_jpg.rf.T1zxnYIxWzBifAQu9aCf.jpg,train,0.0000,0.401,
447,bus-2Bdamri-2Bpariwisata5-2Bmedium-2_jpg.rf.LMYUlchEz5dEAPrzqnlF.jpg,train,0.0000,0.401,
448,bus-2Bdamri-min_jpg.rf.0SHcUMh7whFAdfM3w6My.jpg,train,0.0000,0.402,
449,bus-bandara-soetta-disetop-pendapata_jpg.rf.wUtnmNNBE6iCtrLbmKue.jpg,train,0.0000,0.400,
450,bus-damri-bandara_jpg.rf.9yP89wdDyGlzkyzhOpT8.jpg,train,0.0000,0.417,
451,bus-damri-eksekutif_20180404_132146_jpg.rf.vTeH9KZXwv0rSDfHhl39.jpg,train,0.0000,0.402,
452,bus-damri-hotel_jpg.rf.PxYyuR1C1N6ppZv440bs.jpg,train,0.0000,0.400,
453,bus-di-jakarta_jpg.rf.vJAE3DCogyo3af472xke.jpg,train,0.0000,0.401,
454,bus-listrik-indonesia_jpg.rf.b2uJo71KSvHwOgS03nrQ.jpg,train,0.0000,0.400,
455,bus-station_jpg.rf.Y8wxYHR8ggfVr8j8UY9j.jpg,train,0.0000,0.401,
456,bus-wrap-1_jpg.rf.6POnj1tiLmIsLPIOjSgw.jpg,train,0.0000,0.402,
457,bus19_jpg.rf.nLu5MFokqclXvL9QTIwY.jpg,train,0.0000,0.405,
458,bus_PNG8623_png.rf.p5zqM0AmOcMDshlXgss4.jpg,train,0.0000,0.496,
459,bus_jpg.rf.Ni2Lpq2TCMMb3P1kEUJ2.jpg,train,0.0000,0.400,
460,bus_suburjaya_Bl-rEszl6b__jpg.rf.n6WTnVEzKvfJ7zxl9ntR.jpg,train,0.0000,0.402,
461,c28552fd-ead4-4f25-a8ec-cc5e22391208_jpg.rf.WitHLUQzeeBhA0EMuLLy.jpg,train,0.0000,0.412,
462,cBdKihjh1Us6DwCV5JAjZObUkO35P3lPxkjq_jpg.rf.DJ1lgdqwtcALsfWHHMjt.jpg,train,0.0000,0.402,
463,cardiff-bus-3_jpg.rf.9fl5wTqfjcjuX2dRMTfv.jpg,train,0.0000,0.402,
464,cars_23051_mitsubishi_l300_2015_2305_jpg.rf.UMa7HQPpXHiZwPadFxyG.jpg,train,0.0000,0.403,
465,cata-bus_jpg.rf.xUri3V7grVR5ptOybyVv.jpg,train,0.0000,0.407,
466,cbf0pa41ri1377dosiuq_jpg.rf.JMn6GyHsqA9iZIU0G1oh.jpg,train,0.0000,0.401,
467,chiang-mai-thailand-september-privat_jpg.rf.drbyBGHcz06eatiwRCmT.jpg,train,0.0000,0.400,
468,chiangmai-thailand-march-mitsubishi-_jpg.rf.unoHZpTXVjeZFUVQ47JS.jpg,train,0.0000,0.400,
469,com-carbusindonesiabussid-bussimulat_png.rf.WCHvhJ5kB5Ym7s9T5Bvu.jpg,train,0.0000,0.406,
470,cq5dam-web-1280-1280_jpg.rf.O446GQ3pfoYaJChaqdf3.jpg,train,0.0000,0.402,
471,cutting-sticker-truck-canter-kombina_jpg.rf.PaaJNmpU9UDPMorMQYWb.jpg,train,0.0000,0.402,
472,d15a019bc31a4cb9310981c3549992ec_jpg.rf.8LRt392dLPJtTIciR4l3.jpg,train,0.0000,0.403,
473,damri-1-2_jpg.rf.ihbcH9p9WA9NkzHVfMrz.jpg,train,0.0000,0.425,
474,damri-2Bbus-2Bbandara-2Bsoeta-2B_jpg.rf.XA6lvWdQbxKD5PqpumH8.jpg,train,0.0000,0.400,
475,damri-2Bpurwakarta-2Bke-2Bbandara-2B-1_jpg.rf.i6LGFMaAGGIHqNAHGJlc.jpg,train,0.0000,0.400,
476,damri-bandara_jpg.rf.qNEIOBO82jDfbEmme0l0.jpg,train,0.0000,0.400,
477,damri-bisnis_20150629_191329_jpg.rf.1xL7SvTGsC5HmJ5W0NN3.jpg,train,0.0000,0.404,
478,damri-bus_jpg.rf.XISSoPdMPNIqvTCQWPbd.jpg,train,0.0000,0.402,
479,damri-lampung_20150515_185959_jpg.rf.sDv4LLj7M4yft1mxpmll.jpg,train,0.0000,0.400,
480,damri-listrik_jpg.rf.CIzZegbM8yftJpt3EvG7.jpg,train,0.0000,0.402,
481,damri-terminal-arjosari-sendangbiru__jpg.rf.6w8CeqCOkJhTlqFObyyD.jpg,train,0.0000,0.407,
482,damri-trans-padang-1_jpg.rf.pfW8j85pOFFpkVQ5qzvh.jpg,train,0.0000,0.401,
483,damri-ultima_jpg.rf.Y3ABwjrCTfPqLlE7mwnG.jpg,train,0.0000,0.400,
484,damri22_jpg.rf.EWpkTfaGCpQQJ6e9UvYx.jpg,train,0.0000,0.401,
485,damri535897280_jpg.rf.WxMJYV2e64UfeFzfoi1Z.jpg,train,0.0000,0.401,
486,dari-bbm-bus-damri-dikonversi-jadi-l_jpg.rf.UTxWml8Pd1kIfdWVKrEh.jpg,train,0.0000,0.400,
487,dca1a4f2-be7b-4532-90f4-3a5f41890bb0_jpg.rf.3V8oOdqMiVEsKVTFvKNt.jpg,train,0.0000,0.401,
488,doha-bus_jpg.rf.ylmRlNmZfo9K0J5JXwdG.jpg,train,0.0000,0.405,
489,dscn5949_1-27-2012_jpg.rf.sGOZVMhr6x3GugLadeC8.jpg,train,0.0000,0.401,
490,ep3-2Bmashel_jpg.rf.AGi8Tjz90bnVV0xDKVwE.jpg,train,0.0000,0.402,
491,ets2-mitsubishi-fuso-supergreat-truc_jpg.rf.StKWbaKx4BSl0dFLCZam.jpg,train,0.0000,0.402,
492,ets2_00027_ModLandNet_4_png.rf.WNHvNAZ2kWry5nvLERzS.jpg,train,0.0000,0.400,
493,eut2_hq_5e8817ae_png.rf.5vs3cQ9xxe8jdAiJcvL0.jpg,train,0.0000,0.402,
494,f23d879b06855fff25a49736ff70a859_jpg.rf.vv7vsl0wqp06dXSIVsyy.jpg,train,0.0000,0.403,
495,fuso-34tb_jpg.rf.eTL5dlNshS75H7INFdWx.jpg,train,0.0000,0.401,
496,gambar-20200102_925154_jpg.rf.A76EDmxfSk6OOb7ew3dL.jpg,train,0.0000,0.401,
497,gol2_10_jpg.rf.YD8dydeyxugef07qKW7c.jpg,train,0.0000,0.400,
498,gol2_13_jpg.rf.9whYiL8Ceqq93qMYkuqT.jpg,train,0.0000,0.408,
499,gol2_16_jpg.rf.ti3DaZ145qvizivEpre3.jpg,train,0.0000,0.403,
500,gol2_19_jpg.rf.lNt7txk64RTjIeZHb4RY.jpg,train,0.0000,0.400,
501,gol2_1_jpg.rf.OriHAdtKhyc5ajqHS49b.jpg,train,0.0000,0.404,
502,gol2_20_jpg.rf.C28nLfUmNq7t364EheHv.jpg,train,0.0000,0.416,
503,gol2_22_jpg.rf.Bjo6ZfZayiRqiixENJWx.jpg,train,0.0000,0.403,
504,gol2_23_jpg.rf.Hm5mK25GwBMKKd86omUH.jpg,train,0.0000,0.404,
505,gol2_24_jpg.rf.se2rKpXBRdF3joABPEjR.jpg,train,0.0000,0.400,
506,gol2_2_jpg.rf.ZRlJDwFTajDWQX8DgqiI.jpg,train,0.0000,0.401,
507,gol2_30_jpg.rf.y6GQj2rWDXQf5dvB4qpv.jpg,train,0.0000,0.400,
508,gol2_34_jpg.rf.pFqjIRh4WMSPiAiNbwwT.jpg,train,0.0000,0.400,
509,gol2_39_jpg.rf.3fUbrMMbP2ugFWSXvBrm.jpg,train,0.0000,0.400,
510,gol2_3_jpg.rf.W3Gv14guRmwEe8uyk23E.jpg,train,0.0000,0.407,
511,gol2_40_jpg.rf.qwhKpszTCumxtwNjm2zS.jpg,train,0.0000,0.400,
512,gol2_42_jpg.rf.cAjSrmnKiIJwTHGZxhma.jpg,train,0.0000,0.404,
513,gol2_50_jpg.rf.I14cMI425rhbj4sg9jcr.jpg,train,0.0000,0.662,
514,gol2_53_jpg.rf.cFiTHuSwKegi5cPM4zj5.jpg,train,0.0000,0.401,
515,gol2_54_jpg.rf.LAOjkPVqnT8viToX4Z31.jpg,train,0.0000,0.403,
516,gol2_55_jpg.rf.9yMhSDolqibeJH4C9ofC.jpg,train,0.0000,0.400,
517,gol2_56_jpg.rf.Q46HKM7QiL7pKY9gbGTy.jpg,train,0.0000,0.416,
518,gol2_57_jpg.rf.Ldv12i4hZvGJlRJlm2Zc.jpg,train,0.0000,0.401,
519,gol2_59_jpg.rf.UlcbLWpvESekUgvpiYOq.jpg,train,0.0000,0.404,
520,gol2_64_jpg.rf.B1oCnvprc8XjWLRfQPws.jpg,train,0.0000,0.573,
521,gol2_65_jpg.rf.vPKXFTGtzEC7uvqjp2Y5.jpg,train,0.0000,0.441,
522,gol2_69_jpg.rf.ef86F0LHicL8dY0LlVDF.jpg,train,0.0000,0.402,
523,gol2_6_jpg.rf.KtQ8qgek9agjneqPXCQf.jpg,train,0.0000,0.401,
524,green502-140719_jpg.rf.fMjZNwfQTGYXlj2eVtvG.jpg,train,0.0000,0.400,
525,harga-tiket-bus-damri_jpg.rf.P2ByMCqnwHWqU7V733ZI.jpg,train,0.0000,0.406,
526,hi-edm-greyhound-852-cp-7257820_jpg.rf.306idYtMOEmLVwkxR7hq.jpg,train,0.0000,0.403,
527,ilustrasi-armada-damri_jpg.rf.Oxg0sAE5jznC7PGIZngf.jpg,train,0.0000,0.401,
528,img-20200305-wa00143333_jpg.rf.gmag3w2D6wf5cOb5XP7k.jpg,train,0.0000,0.402,
529,img-20200806-1345571666_jpg.rf.aYD35NEObVgZMD8fIXTO.jpg,train,0.0000,0.403,
530,indonesia_bus-58ae9d1f5f9b58a3c9cbca_jpg.rf.mbx8DoYOoYXY45f8GsMA.jpg,train,0.0000,0.402,
531,irsyadputrakaroseri_20210128_4_jpg.rf.bu5tBRu86DCpFHrzcp5j.jpg,train,0.0000,0.400,
532,jadwal-2Bdamri-2Bbandung-2Bindramayu_jpg.rf.uXWv43sHZkhT1gh6FDGZ.jpg,train,0.0000,0.402,
533,jadwal-bus-damri-bandara-seokarno-ha_jpg.rf.ZDRyxjTRRDxYhxrD8yne.jpg,train,0.0000,0.401,
534,jadwal-bus-damri-bandara-supadio-ke-_jpg.rf.A1PdJlm4mmU4Jgyhvpmo.jpg,train,0.0000,0.400,
535,jadwal-bus-damri-gambir-kotabumi_jpg.rf.n2UfFHftL7iSfFas0tKa.jpg,train,0.0000,0.403,
536,jadwal-bus-damri-kemayoran-purworejo_jpg.rf.iJqtjTH2aWRm9o9KrM9t.jpg,train,0.0000,0.402,
537,jadwal-bus-damri-lampung-jakarta_jpg.rf.vmWYd6dFZFWQcBsjhf83.jpg,train,0.0000,0.454,
538,jadwal-bus-damri-semarang_jpg.rf.vWNKOSYWWxxqmIMNyM7D.jpg,train,0.0000,0.401,
539,jadwal-bus-damri-solo-jakarta-630x38_jpg.rf.Ul9mnqwtA1et8cHN87GJ.jpg,train,0.0000,0.401,
540,jadwal-damri-bandara-karawaci_jpg.rf.DE6Yr0lmsxWAVn9SuZbq.jpg,train,0.0000,0.401,
541,jadwal-damri-bandara-karawang-barat_jpg.rf.zvGTIMkXOwQaQmdyqA9z.jpg,train,0.0000,0.401,
542,jadwal-damri-bandara-rawamangun_jpg.rf.wFap4d6xjDsw7jpoBdvp.jpg,train,0.0000,0.410,
543,jadwal-damri-cilacap-jakarta_jpg.rf.Hmb41PmxJyVPIRiq9RB0.jpg,train,0.0000,0.400,
544,jadwal-damri-gambir-bandar-lampung_jpg.rf.fY8cIFu5w6A1cND2RkS7.jpg,train,0.0000,0.401,
545,jadwal-damri-gambir-rumbia_jpg.rf.TusalCmGNLVCvmWPtZyq.jpg,train,0.0000,0.406,
546,jadwal-damri-gayabaru-gambir-jakarta_jpg.rf.ClMHuP89tpE3rXNWdkiP.jpg,train,0.0000,0.401,
547,jadwal-damri-karawang-bandara_jpg.rf.ttjqzXghhwld53cQTb3d.jpg,train,0.0000,0.401,
548,jadwal-damri-kebumen-jakarta_jpg.rf.p2Kw1OIg9BVwFRmY0eAr.jpg,train,0.0000,0.401,
549,jadwal-damri-kotabumi-gambir-jakarta_jpg.rf.kr5MC6GI44WL6f4XZmB8.jpg,train,0.0000,0.401,
550,jadwal-damri-purwokerto-jakarta-630x_jpg.rf.chBQQ1IEAQ8k2vQOkDRZ.jpg,train,0.0000,0.401,
551,jadwal-damri-sukadana-gambir-jakarta_jpg.rf.WQ7Ui0OtUikRfYCSXPWo.jpg,train,0.0000,0.402,
552,k6cBjVZqR5aixX0X56pkOA_jpg.rf.etR6Ri7UkFvACyXFmoHJ.jpg,train,0.0000,0.403,
553,mitsubishi-canter-339fdca1_jpg.rf.wJZvLjDMEghdgsnsZ8ji.jpg,train,0.0000,0.401,
554,mitsubishi-fuso-cab-over-diesel-12-s_jpg.rf.YXyvD1TfUXo12wk4wGn2.jpg,train,0.0000,0.437,
555,mitsubishi-fuso-canter-4x4-chassis-t_jpg.rf.MZFGEX3fQHl6xg21KbcF.jpg,train,0.0000,0.422,
556,mitsubishi-fuso-canter-fg-dump-truck_jpg.rf.AzzhD2p0akBWyjHS0jtw.jpg,train,0.0000,0.401,
557,mitsubishi-fuso-fe180-diesel-20ft-bo_jpg.rf.nkFdhBmhe85iQt4SbSCy.jpg,train,0.0000,0.402,
558,mitsubishi-fuso-fighter-44d7e0a36f_jpg.rf.4QuQLuWZabrfrgF6DuXM.jpg,train,0.0000,0.403,
559,mitsubishi-fuso-fighter-962c80103b_jpg.rf.gZUGQ2LnT673ej5IC2r2.jpg,train,0.0000,0.400,
560,mitsubishi-fuso-truck-64f23fb463_t_jpg.rf.hbizlqPHFLOlOEf1EyCO.jpg,train,0.0000,0.402,
561,mitsubishi-fuso-truck-dbcd4d269d_jpg.rf.Lng6yAIAiMSClbJkkVxj.jpg,train,0.0000,0.403,
562,mitsubishi-refrigerated-trucks-cante_jpg.rf.V85kAKsNbPvXZLEL4Gb6.jpg,train,0.0000,0.403,
563,mitsubishi_fuso_2535998_orig_jpg.rf.0h2PLPPmLMGOSQLfcp5a.jpg,train,0.0000,0.401,
564,mitsubishi_fuso_2552923_orig_jpg.rf.d9m0v7dyQDKpOw9w5HYl.jpg,train,0.0000,0.400,
565,modifikasi-2Btruk-2Bdan-2Bvariasi-2B_jpg.rf.bnXzDWRTSBi0Ym43BC9q.jpg,train,0.0000,0.401,
566,modifikasi-2Btruk-2Bdan-2Bvariasi_jpg.rf.eomFzLZYWEFcbv4RotbF.jpg,train,0.0000,0.403,
567,pl20751532-sinotruk_homan_4x2_10_ton_jpg.rf.INomUqKrq1kiqfZtpF9v.jpg,train,0.0000,0.402,
568,sg_vehicles-17366-1_jpg.rf.uYvNGrUTLHPXQCg3PXJq.jpg,train,0.0000,0.400,
569,show_800_jpg.rf.c2wWp9PBDyr4ceQIyvuw.jpg,train,0.0000,0.494,
570,sold-19-12-12-1120192a_jpg.rf.hSDdeKdJCUtB42EYGMGL.jpg,train,0.0000,0.403,
571,sold-20-09-10-0730193a_jpg.rf.tEidfS9879lrOGcZQjR5.jpg,train,0.0000,0.400,
572,thumb2_3c6f302cc1ac614c6408b3828bc73_jpg.rf.qEvmQMmBbDrE5fKgpTx7.jpg,train,0.0000,0.402,
573,truk-isuzu-cdd-elf-nk-mobil-isuzu-21_jpg.rf.jybzyQEzqXlxe3z7kPeg.jpg,train,0.0000,0.401,
574,used-2003-mitsubishi-fuso-fe-hd-box-_jpg.rf.zKFXJjfNKTEC38UqD8s8.jpg,train,0.0000,0.401,
575,used-2013-fuso-box-truck-dutchess-co_jpg.rf.dniBbqvJwhSii3SWldq7.jpg,train,0.0000,0.402,
576,xe-tai-mitsubishi-fuso-canter-12-8-4_jpg.rf.t9mzpFY3OSat7hnk0BVe.jpg,train,0.0000,0.403,
577,2005-mitsubishi-fuso-fm260-24ft-box-2_jpg.rf.u4LU8hgcYzCidsXYCW3p.jpg,valid,0.0000,0.436,
578,2005-mitsubishi-fuso-fm260-24ft-box-4_jpg.rf.22KOGNT2wAmhJ3yL384l.jpg,valid,0.0000,0.409,
579,2012-mitsubishi-fuso-fe160-16ft-dump-1_jpg.rf.I8uAfUgJeJhU21uSQOq0.jpg,valid,0.0000,0.402,
580,2012-mitsubishi-fuso-fe160-16ft-dump-2_jpg.rf.gMf0kMtzrIUh6P97pcM6.jpg,valid,0.0000,0.404,
581,201802083530877_jpg.rf.N398cQQZh7Ra5zEwilB8.jpg,valid,0.0000,0.402,
582,201802083545072_jpg.rf.dkn9v0Xhqm2IQAlPUAC6.jpg,valid,0.0000,0.400,
583,201802083545087_jpg.rf.quWqiF8mukNZ9U57dnkE.jpg,valid,0.0000,0.401,
584,202002117212341_jpg.rf.gDXe9FL8PHZj3UQtzifB.jpg,valid,0.0000,0.400,
585,202010235351057_jpg.rf.EGo7u1vKlcd2fksLadWz.jpg,valid,0.0000,0.402,
586,202010235353490_jpg.rf.axjYxEZNJWcppEHHDy8t.jpg,valid,0.0000,0.406,
587,202010295574060_jpg.rf.XVYXTMD3JD138afEGhx6.jpg,valid,0.0000,0.403,
588,202011206322946_jpg.rf.ftSNv5zYKGOhuXQ3rAjN.jpg,valid,0.0000,0.403,
589,202011206323116_jpg.rf.surGKwwNeMOH0K5wDaLw.jpg,valid,0.0000,0.402,
590,202101087755642_jpg.rf.d7PGU0rN1L7UmNsR5Mat.jpg,valid,0.0000,0.402,
591,202101087761588_jpg.rf.PpB8Y0EpbiuCalv1X59Q.jpg,valid,0.0000,0.401,
592,202101208162338_jpg.rf.96kI1g8wpsIOdMI4cK5U.jpg,valid,0.0000,0.400,
593,202101208164791_jpg.rf.Zg2wvJGtSdWldVMPYErZ.jpg,valid,0.0000,0.401,
594,202101308505080_jpg.rf.i432peH9qX0B41YwISYR.jpg,valid,0.0000,0.403,
595,202101308506701_jpg.rf.jBQ2aLs3lW0ja5rH2o9e.jpg,valid,0.0000,0.405,
596,202101308524403_jpg.rf.jrtdXzgNoFMvP6ZKr8s1.jpg,valid,0.0000,0.401,
597,202101308527130_jpg.rf.gwahiRUSFbUN5Tfbt1Vi.jpg,valid,0.0000,0.401,
598,202102038642374_jpg.rf.mjQIktX3Uj9NB7723JAP.jpg,valid,0.0000,0.401,
599,202102048700285_jpg.rf.SLWjSjVIVmbl0sSPesgK.jpg,valid,0.0000,0.402,
600,202103069805244_jpg.rf.cINKftrnadHUeNqUhoa8.jpg,valid,0.0000,0.403,
601,202103069821663_jpg.rf.tQeCtM5pcvVkRRsUtNAi.jpg,valid,0.0000,0.401,
602,202103089885369_jpg.rf.kDeIdKzM9sPGYviTO80r.jpg,valid,0.0000,0.404,
603,202103099926100_jpg.rf.llg5l3XsVnCFY4ZhMCjX.jpg,valid,0.0000,0.400,
604,202103099936040_jpg.rf.kwoujfNEnOheScVaX1TR.jpg,valid,0.0000,0.400,
605,202103099936611_jpg.rf.L3hXND1qxolxqGEqirGM.jpg,valid,0.0000,0.400,
606,202103120051617_jpg.rf.K6sVvafMasIm25Ta0vzb.jpg,valid,0.0000,0.404,
607,202103120061414_jpg.rf.zrgld1RvlfJobw0avIq8.jpg,valid,0.0000,0.401,
608,202103120063538_jpg.rf.IysOOxphf3WwJSxQfji2.jpg,valid,0.0000,0.400,
609,202103120063538_jpg.rf.sqyEmsLQQgVNunxkmyt4.jpg,valid,0.0000,0.404,
610,202103170252826_jpg.rf.uQcUoi8JzJh4hXXx8P5q.jpg,valid,0.0000,0.403,
611,202103220444249_jpg.rf.NS4w5SmMpFadIIgPakfi.jpg,valid,0.0000,0.402,
612,202103220447177_jpg.rf.H6Prb05opnsXvqGUhfs1.jpg,valid,0.0000,0.401,
613,202103220449514_jpg.rf.nlRaK6zpOvj7LHIaN6Ab.jpg,valid,0.0000,0.402,
614,202103240540837_jpg.rf.AAp41w6and0cBJiLUVgH.jpg,valid,0.0000,0.404,
615,202103240549716_jpg.rf.Cerx0dLzffUpZqqs5CK2.jpg,valid,0.0000,0.402,
616,202103260617510_jpg.rf.suewF7B54vxSkJFYm5gP.jpg,valid,0.0000,0.403,
617,202103270646404_jpg.rf.0Mw1xyZ4Ac4APQO3TauW.jpg,valid,0.0000,0.401,
618,202103270647566_jpg.rf.RGF6CBZxQMiaeNBdUJUD.jpg,valid,0.0000,0.402,
619,202103290714143_jpg.rf.PMd2WM0dTuPZNuaadjDM.jpg,valid,0.0000,0.401,
620,202103290719104_jpg.rf.I2t29v4Y3g6Q7OIOQfxp.jpg,valid,0.0000,0.402,
621,202103310819389_jpg.rf.XTzziYq2L1XFBzRlXPcO.jpg,valid,0.0000,0.402,
622,202103310823697_jpg.rf.g0bgJHSazHGLdR0Qkksu.jpg,valid,0.0000,0.400,
623,202104081105471_jpg.rf.CEHcrzK4lySxm6eKjH1L.jpg,valid,0.0000,0.402,
624,202104081126657_jpg.rf.N7jsup9kLfRGB1jcqppy.jpg,valid,0.0000,0.400,
625,202104151394763_jpg.rf.PNtnaRJ6qWGJsj0rjASH.jpg,valid,0.0000,0.402,
626,202104151406739_jpg.rf.xKTNuZpDee2g9UvgEFGN.jpg,valid,0.0000,0.400,
627,202104171475819_jpg.rf.zSxkcvZO6bqCbVYYfISE.jpg,valid,0.0000,0.401,
628,202104171477264_jpg.rf.HkjHnXOp9W3TjjT35SBy.jpg,valid,0.0000,0.401,
629,202104211629498_jpg.rf.Vc0yvT1xzJTFWdtarY0L.jpg,valid,0.0000,0.401,
630,202104211633772_jpg.rf.O9ERTEuRN7NwRYzXQWB6.jpg,valid,0.0000,0.403,
631,500th-BYD-ADL-electric-bus-1-resized_jpg.rf.99e65G8IHRQp8qwe3NXT.jpg,valid,0.0000,0.400,
632,Cutting-Sticker-Truk-Canter-Variasi-2_jpg.rf.fYQjsySKDKi1NaoN3i6g.jpg,valid,0.0000,0.402,
633,Cutting-Sticker-Truk-Canter-Variasi-3_jpg.rf.OMBxab3zl5vJflGaqwu8.jpg,valid,0.0000,0.402,
634,DAMRI-6_jpg.rf.bny8umx3YqTnhcCdFr93.jpg,valid,0.0000,0.400,
635,Image_013192_jpg.rf.iqjD9l4intVfwXVeVl8m.jpg,valid,0.0000,0.405,
636,Image_013193_jpg.rf.SmHvFJY901ALhWaefWdk.jpg,valid,0.0000,0.405,
637,Image_013195_jpg.rf.NGV9uJwTELlMgkmlK322.jpg,valid,0.0000,0.402,
638,Image_013198_jpg.rf.lC7ZsMk9jiNwD22bwl1P.jpg,valid,0.0000,0.406,
639,Image_013203_jpg.rf.U02pMo1ywahiyDlWc0i1.jpg,valid,0.0000,0.405,
640,Image_013204_jpg.rf.Upjnlr0qT0d784pmy6cO.jpg,valid,0.0000,0.412,
641,Image_013207_jpg.rf.0DgkXFn0jlReH3ymvNRB.jpg,valid,0.0000,0.404,
642,Image_013208_jpg.rf.G3QDJZVEn7MgQoP9cgO3.jpg,valid,0.0000,0.408,
643,Image_013209_jpg.rf.HYdwY1T7bJ9Sbyjsum49.jpg,valid,0.0000,0.407,
644,Image_013215_jpg.rf.8rAafl65NMlJP0HhWDDp.jpg,valid,0.0000,0.413,
645,Image_013220_jpg.rf.8XBXDmri6GGDgjZiTQjT.jpg,valid,0.0000,0.412,
646,Image_013221_jpg.rf.IYs7U9DOxvD9s6yQWaQa.jpg,valid,0.0000,0.407,
647,Image_013224_jpg.rf.gs5lpRqloRJrz3owUuzT.jpg,valid,0.0000,0.408,
648,Image_013225_jpg.rf.BfN12ARxfelgiVlDR9Se.jpg,valid,0.0000,0.401,
649,Image_013226_jpg.rf.8oQcwip03N6Xs6zFiqsU.jpg,valid,0.0000,0.403,
650,Image_013230_jpg.rf.WCwYNlQ7xMFUKHwAIVoz.jpg,valid,0.0000,0.403,
651,Image_013232_jpg.rf.3UpoqqYWOQ6LEiXgWWoT.jpg,valid,0.0000,0.401,
652,Image_013236_jpg.rf.eJjyn968R5fcCpDaSK7p.jpg,valid,0.0000,0.403,
653,Image_013238_jpg.rf.fr9ujExIjWIoFr6CG3J0.jpg,valid,0.0000,0.408,
654,Image_013240_jpg.rf.29goYFIrxpTUY3r7H0AK.jpg,valid,0.0000,0.416,
655,Image_013242_jpg.rf.40C1AgcJwR6FdXlD9bpX.jpg,valid,0.0000,0.419,
656,Image_013247_jpg.rf.sdYtUsZ8ZSY2yTWzo9cO.jpg,valid,0.0000,0.425,
657,Image_013249_jpg.rf.vveQGaQyB0V7hOaBueVG.jpg,valid,0.0000,0.406,
658,Image_013251_jpg.rf.tZ7YwiaSMzjbL8kUts9B.jpg,valid,0.0000,0.401,
659,Image_013253_jpg.rf.k5X5XTsbyvkFYZ1zRi4C.jpg,valid,0.0000,0.407,
660,Image_013254_jpg.rf.0zagJTdhDSisqknJ63Uj.jpg,valid,0.0000,0.405,
661,Image_013256_jpg.rf.WOWUg6iO61xA4Wwhvigu.jpg,valid,0.0000,0.405,
662,Image_013257_jpg.rf.ILedzGlXcW2vm5TJ19SJ.jpg,valid,0.0000,0.416,
663,Image_013259_jpg.rf.kHKBXbww9tYZYN2gyhFH.jpg,valid,0.0000,0.416,
664,Image_013260_jpg.rf.a25hLQGJYoLgeQ6mOEuD.jpg,valid,0.0000,0.408,
665,Image_013266_jpg.rf.SEdB9dBYHNtqoQ2vHYm7.jpg,valid,0.0000,0.404,
666,Image_013271_jpg.rf.80USfF4SnEo8XEsKt8sX.jpg,valid,0.0000,0.401,
667,Image_013274_jpg.rf.TWPzO1Enko47IW29k3c1.jpg,valid,0.0000,0.414,
668,Image_013276_jpg.rf.pRzd0WuGCHXFOKd9x7gR.jpg,valid,0.0000,0.401,
669,Image_013281_jpg.rf.icCvD3ZBKW10YQhuwE3O.jpg,valid,0.0000,0.417,
670,Image_013288_jpg.rf.JIlbTZuAIhGXxZKGFi7P.jpg,valid,0.0000,0.402,
671,Image_013289_jpg.rf.enbCaPtZWexWeHrHmfB4.jpg,valid,0.0000,0.404,
672,Image_013291_jpg.rf.NbYWf0t8snRrDMOJmvil.jpg,valid,0.0000,0.401,
673,Image_013292_jpg.rf.QZKXphtJtWNHawYUQLo4.jpg,valid,0.0000,0.404,
674,Image_013293_jpg.rf.9RrPEcyBOFZt0YkVrqo0.jpg,valid,0.0000,0.403,
675,Image_013296_jpg.rf.Wxy8bqZ9rhSE3LBS7gJj.jpg,valid,0.0000,0.404,
676,Image_013299_jpg.rf.zkPcrfYrGsiYg6nEBCis.jpg,valid,0.0000,0.402,
677,Image_013302_jpg.rf.gNYsXx0xE3shRJeIjc8r.jpg,valid,0.0000,0.414,
678,Image_013303_jpg.rf.9uuvG7t8EJeKAJVMOMKg.jpg,valid,0.0000,0.404,
679,Image_013304_jpg.rf.reMYGye0n8zECruGnEmx.jpg,valid,0.0000,0.408,
680,Image_013306_jpg.rf.xL5zPjKf4DEKpMo3JRO1.jpg,valid,0.0000,0.405,
681,Image_013307_jpg.rf.vXfYNaTdUyrK7rfNJmOd.jpg,valid,0.0000,0.402,
682,Image_013311_jpg.rf.wqMgwY86S3tzq8JHwzSl.jpg,valid,0.0000,0.400,
683,Image_013313_jpg.rf.CNAmOtb9Z0FyWanBy34F.jpg,valid,0.0000,0.411,
684,Image_013315_jpg.rf.6g0fBcAOtJY2PbcWRkP6.jpg,valid,0.0000,0.405,
685,Image_013327_jpg.rf.SdLR9GXxsFLYM1c4Xe4t.jpg,valid,0.0000,0.404,
686,Image_013328_jpg.rf.SDrSdKGqHQsDwSeeGtpl.jpg,valid,0.0000,0.402,
687,Image_013331_jpg.rf.nk6xMjB8YMsRJQTSGg4V.jpg,valid,0.0000,0.402,
688,Image_013332_jpg.rf.MelvUHVvouXBM21Rnq9C.jpg,valid,0.0000,0.401,
689,Image_013333_jpg.rf.wfomrHiqdZPW8jAIq2nM.jpg,valid,0.0000,0.435,
690,Image_013336_jpg.rf.ugHmXsyXWxtPNobzr75T.jpg,valid,0.0000,0.408,
691,Image_013338_jpg.rf.vocLZb0Dw7zfGaJaZVk3.jpg,valid,0.0000,0.402,
692,Image_013339_jpg.rf.HP8SPVrtKOmNMOS8oAXF.jpg,valid,0.0000,0.400,
693,Image_013340_jpg.rf.WEBRFNiZEKFJZr6ZL24N.jpg,valid,0.0000,0.402,
694,Image_013342_jpg.rf.gFzwNk82YPQqLyMsRYGW.jpg,valid,0.0000,0.409,
695,Image_013343_jpg.rf.MNbYxjpufN12Bw3AiAJx.jpg,valid,0.0000,0.405,
696,Image_013345_jpg.rf.oltaJr4cOsYFv3O718NS.jpg,valid,0.0000,0.401,
697,Image_013347_jpg.rf.u7BbsoDgvv2dJ9R3J7XJ.jpg,valid,0.0000,0.403,
698,Image_013351_jpg.rf.HjVbYnyMDHyMwwN2AIzy.jpg,valid,0.0000,0.402,
699,Image_013357_jpg.rf.dHZ8Mszcfh2fddwdzVaK.jpg,valid,0.0000,0.401,
700,Image_013362_jpg.rf.Um72kl77xrKuk2xNtNlp.jpg,valid,0.0000,0.402,
701,Image_013363_jpg.rf.no1WyfarqjbSNPT7xULM.jpg,valid,0.0000,0.403,
702,Image_013366_jpg.rf.JOwOjUhZkqAdGXdLTqBf.jpg,valid,0.0000,0.402,
703,Image_013369_jpg.rf.o3Vv0KYTCtwVoADjrmRc.jpg,valid,0.0000,0.405,
704,Image_013371_jpg.rf.Ll3JHdsYsX7H3q6VnWjW.jpg,valid,0.0000,0.401,
705,Image_013375_jpg.rf.de2HMXho93gtBlWAsZ04.jpg,valid,0.0000,0.400,
706,Image_013378_jpg.rf.PaUN9jbFYwCSd47pFOPY.jpg,valid,0.0000,0.404,
707,Image_013385_jpg.rf.XdORE4DCipu4BGWxZXcG.jpg,valid,0.0000,0.401,
708,Image_013387_jpg.rf.9GgyPTUZRRseD91Itr1y.jpg,valid,0.0000,0.400,
709,Image_013388_jpg.rf.Go4Jd7xmtJg6GYbi1GXx.jpg,valid,0.0000,0.409,
710,Image_013389_jpg.rf.NNNnGH8GpexAkAqLh8rP.jpg,valid,0.0000,0.404,
711,Image_013390_jpg.rf.4msB0ZWmlEtnC38OKiaw.jpg,valid,0.0000,0.416,
712,Image_013391_jpg.rf.BS6n1bS8DwyTBtokqMco.jpg,valid,0.0000,0.400,
713,Image_013395_jpg.rf.ziekIiqEwmpZuktCG2tc.jpg,valid,0.0000,0.400,
714,Image_013396_jpg.rf.v5P1KFamjQZsT0TKP6gJ.jpg,valid,0.0000,0.403,
715,Image_013398_jpg.rf.MBLLHmrhfjW6QtxpsxE8.jpg,valid,0.0000,0.400,
716,Image_013404_jpg.rf.iSsK1XG58Xjz8S0YJHfs.jpg,valid,0.0000,0.418,
717,Image_013406_jpg.rf.2mid56pDh2lp1kjZAs4Q.jpg,valid,0.0000,0.403,
718,Image_013407_jpg.rf.JfyCMWGfvvYEyqMa8KI6.jpg,valid,0.0000,0.407,
719,Image_013412_jpg.rf.GGNmdV1S573QMHzPNd97.jpg,valid,0.0000,0.407,
720,Image_013413_jpg.rf.BafQ1aKBgQ4L6Psfj1nd.jpg,valid,0.0000,0.415,
721,Image_013414_jpg.rf.odUNts7tfuccgzZOO0DF.jpg,valid,0.0000,0.405,
722,Image_013415_jpg.rf.XrphinyseqDrkqzrLFTs.jpg,valid,0.0000,0.412,
723,Image_013416_jpg.rf.wnIGJJbqBELLw3fC3BIY.jpg,valid,0.0000,0.403,
724,Image_013419_jpg.rf.j7n73RaanBdwsMt2a6Vg.jpg,valid,0.0000,0.411,
725,Image_013422_jpg.rf.an9xFcZAHIxvBhK891uZ.jpg,valid,0.0000,0.402,
726,Image_013426_jpg.rf.4Z7TVkIwQFV2GELQXSGt.jpg,valid,0.0000,0.422,
727,Image_013427_jpg.rf.BuUoQMdyEfjfLxHea6Nj.jpg,valid,0.0000,0.410,
728,Image_013433_jpg.rf.sFblMlDohFL24iOE4AiS.jpg,valid,0.0000,0.415,
729,Image_013435_jpg.rf.ToxlYo7jfN7VxUgpsU7s.jpg,valid,0.0000,0.405,
730,Image_013436_jpg.rf.3w6OFnOnnLWTKuAtCx4s.jpg,valid,0.0000,0.403,
731,Image_013441_jpg.rf.Wct9TJtWrOyGIbQFfl90.jpg,valid,0.0000,0.406,
732,Image_013445_jpg.rf.mm6WBZE0TnEpQYZaUjHn.jpg,valid,0.0000,0.402,
733,Image_013446_jpg.rf.F1bpl7CkvFuU4krbXk27.jpg,valid,0.0000,0.411,
734,Image_013448_jpg.rf.opT92WBX6B6eCml6LpQa.jpg,valid,0.0000,0.408,
735,Image_013449_jpg.rf.ZL40bAi89SVC8s6Pg0ZS.jpg,valid,0.0000,0.413,
736,Image_013452_jpg.rf.vHcewDBkxIlfcPdMH8Yf.jpg,valid,0.0000,0.426,
737,Image_013453_jpg.rf.TzQXQqQ7CTJwfRPPlKnI.jpg,valid,0.0000,0.402,
738,Image_013455_jpg.rf.UlNzQGbFMQJhFOEJ9hpH.jpg,valid,0.0000,0.411,
739,Image_013456_jpg.rf.v4A8ueJeLb6AtXT8VpBB.jpg,valid,0.0000,0.402,
740,Image_013457_jpg.rf.4d28OmW72nQTtd3NaEYi.jpg,valid,0.0000,0.401,
741,Image_013458_jpg.rf.p5SzHucg0VgK9IwzA9W3.jpg,valid,0.0000,0.402,
742,Image_013462_jpg.rf.uITRLSQ8gTmAVXjTcKIj.jpg,valid,0.0000,0.406,
743,Image_013469_jpg.rf.2LfqZHJzxByqz8G12wFu.jpg,valid,0.0000,0.406,
744,Image_013470_jpg.rf.PRobJ9LnfkJNGxjHv5JK.jpg,valid,0.0000,0.426,
745,Image_013471_jpg.rf.ILaEO039D3LQEnNOjtyI.jpg,valid,0.0000,0.422,
746,Image_013473_jpg.rf.7YCmpMUVxQA4csbNh9BP.jpg,valid,0.0000,0.404,
747,Image_013475_jpg.rf.jXKu6jObqKcfuPHIjXIO.jpg,valid,0.0000,0.401,
748,Image_013476_jpg.rf.m1eua2Ghxw4nsSSQ1E2C.jpg,valid,0.0000,0.402,
749,Image_013479_jpg.rf.zOMAD6n2estHPVayNTUy.jpg,valid,0.0000,0.417,
750,Image_013480_jpg.rf.fmCjF5Kgdws9EFmLRFlE.jpg,valid,0.0000,0.405,
751,Image_013493_jpg.rf.fsso9LDamHP9DYDcEESG.jpg,valid,0.0000,0.402,
752,Image_013495_jpg.rf.fswvPS9B9PYBJihu1Cyt.jpg,valid,0.0000,0.407,
753,Image_013497_jpg.rf.MbN4PWlgKjUk4onVbsBi.jpg,valid,0.0000,0.401,
754,Image_013499_jpg.rf.BenbfFgZX4RTZJTUB9Mp.jpg,valid,0.0000,0.401,
755,Image_013499_jpg.rf.lJxhJua8lA8LHiaeffyj.jpg,valid,0.0000,0.401,
756,Image_013501_jpg.rf.gIvywbnwOr7jNwUNWoef.jpg,valid,0.0000,0.408,
757,Image_013502_jpg.rf.Xun6tWu26h2OKJ9Scx1H.jpg,valid,0.0000,0.405,
758,Image_013503_jpg.rf.y49vR1GmwjLW0sUORhgN.jpg,valid,0.0000,0.414,
759,Image_013505_jpg.rf.drTXbPR0r88OutOAuG4O.jpg,valid,0.0000,0.405,
760,Image_013508_jpg.rf.K2S49MiYHzxk8IA031aT.jpg,valid,0.0000,0.405,
761,Image_013509_jpg.rf.zGRlgjoeGiHnNEBr8VzU.jpg,valid,0.0000,0.400,
762,Image_013510_jpg.rf.bOzUXwMcLNgGluvLWqIY.jpg,valid,0.0000,0.418,
763,Image_013511_jpg.rf.o4unOEvDu00QZZQX7yVm.jpg,valid,0.0000,0.403,
764,Image_013513_jpg.rf.t4h4OWStixETF3399yA2.jpg,valid,0.0000,0.412,
765,Image_013515_jpg.rf.MbQYcqDhYrDXaMMc0fS7.jpg,valid,0.0000,0.405,
766,Image_013518_jpg.rf.IRXx6tojaXtgc0QHC49Q.jpg,valid,0.0000,0.400,
767,Image_013520_jpg.rf.kWu1LnXxaHME20B2FWdO.jpg,valid,0.0000,0.402,
768,Image_013524_jpg.rf.3EtdV3NDgihMRJ1ZWVZp.jpg,valid,0.0000,0.402,
769,Image_013539_jpg.rf.0NpQYIg8x9Oe5zIgsuR4.jpg,valid,0.0000,0.409,
770,Image_013540_jpg.rf.xTqn9QftWSsBgDkHFHW1.jpg,valid,0.0000,0.404,
771,Image_013543_jpg.rf.DOaERBzM0DfJTntxqkbW.jpg,valid,0.0000,0.401,
772,Image_013545_jpg.rf.sLQMM3OlisW0Qx7Bd2Wh.jpg,valid,0.0000,0.401,
773,Image_013550_jpg.rf.d5MhIyuu1P8moBKFc7U5.jpg,valid,0.0000,0.403,
774,Image_013556_jpg.rf.rKI5r02KGg9kpTkERTyh.jpg,valid,0.0000,0.413,
775,Image_013559_jpg.rf.MZ9ekUcAUTCWAr9BlEVq.jpg,valid,0.0000,0.404,
776,Image_013560_jpg.rf.YlS3Wu107FzXdWWGMDN0.jpg,valid,0.0000,0.400,
777,Image_013561_jpg.rf.OqIXBwyvq5PpARSqNWev.jpg,valid,0.0000,0.408,
778,Image_013567_jpg.rf.ByKlCRFEHBXDa4pYYsiu.jpg,valid,0.0000,0.400,
779,Image_013568_jpg.rf.sIq81UeHLZrNgjUQMKVB.jpg,valid,0.0000,0.401,
780,Image_013572_jpg.rf.KOAvxZoZFerTFXgZgDvN.jpg,valid,0.0000,0.417,
781,Image_013574_jpg.rf.rpDjazDLirXLziKdiHyE.jpg,valid,0.0000,0.404,
782,Image_013575_jpg.rf.N2LNHj29iYfuF1hhfwxX.jpg,valid,0.0000,0.402,
783,Image_013576_jpg.rf.n13IoVNHcgx8w5pNT59C.jpg,valid,0.0000,0.407,
784,Image_013578_jpg.rf.rK514OvGRS0eRoeQiwth.jpg,valid,0.0000,0.404,
785,Image_013580_jpg.rf.ZULcML7BxggYEQIfiih7.jpg,valid,0.0000,0.401,
786,Image_013581_jpg.rf.moUjFeOLOTj6q1G0nBC4.jpg,valid,0.0000,0.414,
787,Image_013583_jpg.rf.Wz23HbrvxBOKthFRaATB.jpg,valid,0.0000,0.405,
788,Image_013586_jpg.rf.QRn60VVnUJ5FeGvTBcXR.jpg,valid,0.0000,0.409,
789,Image_013590_jpg.rf.JyljcdoRsNIm8diJqWDV.jpg,valid,0.0000,0.406,
790,Image_013592_jpg.rf.KIOACr4rCWKjth8hj04B.jpg,valid,0.0000,0.400,
791,Image_013602_jpg.rf.CitjL8l6cjrh2Qa1Lh59.jpg,valid,0.0000,0.412,
792,Image_013604_jpg.rf.RhcoppJYW1hNazVGhZbG.jpg,valid,0.0000,0.402,
793,Image_0148_jpg.rf.rQ0yfcBfjFWOk6TNJSlT.jpg,valid,0.0000,0.401,
794,Mitsubishi-Fuso_mp36_pic_105517_jpg.rf.qnVE1BLxfMAGj6oCQlkS.jpg,valid,0.0000,0.420,
795,Mitsubishi-Fuso_mp36_pic_105519_jpg.rf.NTvoRzaFWljPC1GgBLJX.jpg,valid,0.0000,0.401,
796,Sejarah-Palkun-2_jpg.rf.O2VOFei4GrBoruyqxNoi.jpg,valid,0.0000,0.401,
797,Sejarah-Palkun-4_jpg.rf.S3GMPq4OubB6LPBjEJqJ.jpg,valid,0.0000,0.402,
798,autonomous-bus-3_jpg.rf.s69OmSszqcIifyIXmiGy.jpg,valid,0.0000,0.401,
799,bus-damri-mojokerto-juanda_jpg.rf.dIpnnWPF7zPjYcskjKDC.jpg,valid,0.0000,0.402,
800,bus-damri-mojokerto-juanda_jpg.rf.eNmeNzQKkF2IzPSifS8W.jpg,valid,0.0000,0.400,
801,damri-7_jpg.rf.5phSs4dl67Sx1gy02nyN.jpg,valid,0.0000,0.400,
802,download-game-simulasi-mengemudikan-_png.rf.2GghHe21vCsoSgACaOjc.jpg,valid,0.0000,0.402,ya
803,download-game-simulasi-mengemudikan-_png.rf.59dPdKKolxfTtsp5OXYw.jpg,valid,0.0000,0.401,ya
804,gambar-20200225_zT2210_jpg.rf.C0MboIoDTax6rO5vrh3k.jpg,valid,0.0000,0.402,
805,gambar-20200225_zT2210_jpg.rf.goJiVOsnZO8I94phlSER.jpg,valid,0.0000,0.402,
806,gol5_10_jpg.rf.rKVKt4lJvQ3JU5ZMnrVb.jpg,valid,0.0000,0.615,
807,gol5_11_jpg.rf.kkMFxSD0gOxSck8N4BYt.jpg,valid,0.0000,0.402,
808,gol5_12_jpg.rf.odJDp97RCgyuxNE38idL.jpg,valid,0.0000,0.401,
809,gol5_13_jpg.rf.9nt7wXLTzYYthi03B969.jpg,valid,0.0000,0.612,
810,gol5_14_jpg.rf.MhJa5Kiq9WdpeFeLM1al.jpg,valid,0.0000,0.400,
811,gol5_16_jpg.rf.wUortvf4MjwPkMFKIUNV.jpg,valid,0.0000,0.401,
812,gol5_18_jpg.rf.NOLmFb4crgRdELYVsa7U.jpg,valid,0.0000,0.430,
813,gol5_1_jpg.rf.kUrBqLP3BI3aokQCLHg7.jpg,valid,0.0000,0.403,
814,gol5_22_jpg.rf.ApOF8M6k7IhMfjX9bh5T.jpg,valid,0.0000,0.423,
815,gol5_23_jpg.rf.PjYsNvt1Ae3lccwwtktZ.jpg,valid,0.0000,0.401,
816,gol5_2_jpg.rf.Q7XABdxkpBBlq81HL2TE.jpg,valid,0.0000,0.440,
817,gol5_32_jpg.rf.ADhAwuQQA9a6ip77moKv.jpg,valid,0.0000,0.404,
818,gol5_33_jpg.rf.K3DTDwm87wYxIBbIuHfi.jpg,valid,0.0000,0.455,
819,gol5_34_jpg.rf.rKKh6CTZp545skIlY5Ge.jpg,valid,0.0000,0.401,
820,gol5_35_jpg.rf.tUjdmJlKVF1yQLrQsqOO.jpg,valid,0.0000,0.401,
821,gol5_39_jpg.rf.KVMzGjL1AHGDEa9s7vSD.jpg,valid,0.0000,0.401,
822,gol5_3_jpg.rf.yhSsykQavA77ZEHsXwjg.jpg,valid,0.0000,0.401,
823,gol5_40_jpg.rf.xLDpWUmbyuTe3GKsE72n.jpg,valid,0.0000,0.401,
824,gol5_42_jpg.rf.abg8fsQ86DovR7uDwKSX.jpg,valid,0.0000,0.402,
825,gol5_43_jpg.rf.96bxeWBuwj3av0nArdYq.jpg,valid,0.0000,0.407,
826,gol5_45_jpg.rf.Rqi8BVM7dYaEIB8jpoHk.jpg,valid,0.0000,0.401,
827,gol5_46_jpg.rf.HLgE2aRwy4F1M8bb2rmm.jpg,valid,0.0000,0.402,
828,gol5_47_jpg.rf.3TF3HJIoiH2tJwjWBoy8.jpg,valid,0.0000,0.400,
829,gol5_48_jpg.rf.sNZsYwfFJhNUYjo1g8dS.jpg,valid,0.0000,0.402,
830,gol5_49_jpg.rf.kMmGwBbcyiQjsP5rQZM2.jpg,valid,0.0000,0.410,
831,gol5_4_jpg.rf.e0EF8ZQYF9TMrrbl8Pyk.jpg,valid,0.0000,0.400,
832,gol5_52_jpg.rf.klg7H17IdKeAHcRKox3G.jpg,valid,0.0000,0.403,
833,gol5_53_jpg.rf.9tJQTGypxqUjR6Jg7GB4.jpg,valid,0.0000,0.411,
834,gol5_55_jpg.rf.rT4TGBdZbhBvGYUlCH0x.jpg,valid,0.0000,0.404,
835,gol5_56_jpg.rf.hNwILuSecYHus3VCC9Qg.jpg,valid,0.0000,0.404,
836,gol5_58_jpg.rf.wZMPaUQNmI7fE8ZVkrqv.jpg,valid,0.0000,0.401,
837,gol5_5_jpg.rf.ZGSrNN5iY6pSATd5UGAZ.jpg,valid,0.0000,0.401,
838,gol5_60_jpg.rf.Co0VPrrBQsDlGRapZtwx.jpg,valid,0.0000,0.401,
839,gol5_61_jpg.rf.T5kcQt6uRx279aYn8Nhw.jpg,valid,0.0000,0.401,
840,gol5_62_jpg.rf.nAYjfEdfha8R8R5w3wVt.jpg,valid,0.0000,0.400,
841,gol5_69_jpg.rf.nHxgDb6ZDujt4BirVeVa.jpg,valid,0.0000,0.573,
842,gol5_6_jpg.rf.BciEUDdqKn4DUIz3kCr2.jpg,valid,0.0000,0.411,
843,gol5_7_jpg.rf.y2T7xU1a9ScgNddORWRt.jpg,valid,0.0000,0.402,
844,gol5_8_jpg.rf.ZUL2Otk5JXAZZJfF29YM.jpg,valid,0.0000,0.401,
845,images_49_jpg.rf.7kwDen0KLJS49F7iM9MM.jpg,valid,0.0000,0.400,
846,img_4753_jpg.rf.c9b2z2UiMN6nuD5Xjfii.jpg,valid,0.0000,0.407,
847,img_5466_jpg.rf.HVmqDCdEbmXyEeTFXvD8.jpg,valid,0.0000,0.402,
848,jadwal-bus-damri-jakarta-bandung-630_jpg.rf.v2RJx4bAcufHBfhvxDFs.jpg,valid,0.0000,0.401,
849,jadwal-bus-damri-jakarta-bandung_jpg.rf.1m3jamVC41MfJSk5qbdu.jpg,valid,0.0000,0.402,
850,pl22530647-yellow_color_sinotruk_6x4_jpg.rf.HDHDZ46lnrQ6DL0Zy6T4.jpg,valid,0.0000,0.403,
851,001--1-_jpg.rf.wkSeYcM5YoL66nCZGlH7.jpg,test,0.0000,0.401,
852,001--2-_jpg.rf.7EHquHvIY9vsPYQbsvMP.jpg,test,0.0000,0.401,
853,101_1184_jpg.rf.mwnbApr7tM4bxHfAHISo.jpg,test,0.0000,0.400,
854,101_1989_jpg.rf.aEBkTDHD43IXVUSlU5XM.jpg,test,0.0000,0.402,
855,101_2269_jpg.rf.s076KlyzgjjVa3pQWZdN.jpg,test,0.0000,0.400,
856,101_2285_jpg.rf.ilx7hI28oV2swsiqjL8y.jpg,test,0.0000,0.401,
857,2005-mitsubishi-fuso-fm260-18ft-dies-1_jpg.rf.FFc03begTs8TdKM8pB5M.jpg,test,0.0000,0.401,
858,2005-mitsubishi-fuso-fm260-18ft-dies-2_jpg.rf.p2kHTS3QvWRWWjkjyf5R.jpg,test,0.0000,0.401,
859,2005-mitsubishi-fuso-fm260-18ft-dies-3_jpg.rf.2gHEqMSHoay5guuHWS4X.jpg,test,0.0000,0.407,
860,2005-mitsubishi-fuso-fm260-18ft-dies_jpg.rf.kqzVHj7ekIbyccscNANB.jpg,test,0.0000,0.401,
861,202005139300424_jpg.rf.Wed0Qpgi0K4kowc4EdsR.jpg,test,0.0000,0.402,
862,202005139308815_jpg.rf.fMjFWT4ae0HhHQMVrg74.jpg,test,0.0000,0.401,
863,202010265448683_jpg.rf.yDK15bISuiQP0Bd7bl4A.jpg,test,0.0000,0.403,
864,202010265449562_jpg.rf.TLJ3BbNJTF54QVcVa218.jpg,test,0.0000,0.401,
865,202012116998536_jpg.rf.AsG6uki2QsY8S2d1g0zP.jpg,test,0.0000,0.401,
866,202012117003463_jpg.rf.0jxuAx9DqK3MuLNqEsKV.jpg,test,0.0000,0.403,
867,202102179152860_jpg.rf.SR6UpCnkqtsz3sDYYMY9.jpg,test,0.0000,0.412,
868,202102179155180_jpg.rf.826yWVJ35QykR4RrTlZD.jpg,test,0.0000,0.400,
869,202102179168359_jpg.rf.JPNqX0WJjWu0CaaDAJ0j.jpg,test,0.0000,0.402,
870,202102179172095_jpg.rf.8X8Or3tN3Ve2XUHLsExj.jpg,test,0.0000,0.400,
871,202103190329292_jpg.rf.RT0UHVQBzQarDvHMk7aP.jpg,test,0.0000,0.402,
872,202103190333991_jpg.rf.D92w3ZYDjJZxyhO2ZqdA.jpg,test,0.0000,0.402,
873,202103190333993_jpg.rf.wJkbdWwh9hqsDzWgCe6r.jpg,test,0.0000,0.401,
874,202103190333994_jpg.rf.tfIuxqxEmQv3bLAdQpr3.jpg,test,0.0000,0.402,
875,202103190333999_jpg.rf.ncyhpYHA7OIbdqWOJK3W.jpg,test,0.0000,0.401,
876,202103190341597_jpg.rf.sugxrwYfZlQxYq7AP18f.jpg,test,0.0000,0.400,
877,202103190347234_jpg.rf.LVKg5g3YhCVbw3EmExuy.jpg,test,0.0000,0.401,
878,202103190347603_jpg.rf.mEKioKuEJtLr7CpKjnLk.jpg,test,0.0000,0.400,
879,202104071064186_jpg.rf.zqU6TE3CRp8pGxmLNvw9.jpg,test,0.0000,0.402,
880,202104071098662_jpg.rf.IucOucAQxSp5CKYW19Gv.jpg,test,0.0000,0.403,
881,202104071099817_jpg.rf.LQGNDOnmr8gGOtFEglZ5.jpg,test,0.0000,0.403,
882,202104071100235_jpg.rf.qOvpVjfe85RVrjEN4Xov.jpg,test,0.0000,0.401,
883,202104091169975_jpg.rf.iZlAyb3OWvCkENRQImng.jpg,test,0.0000,0.401,
884,202104091171398_jpg.rf.FndvsKlppgM6EnumPbok.jpg,test,0.0000,0.401,
885,202104091185516_jpg.rf.FVbAcO0n6W7cARVmlBYp.jpg,test,0.0000,0.403,
886,202104111224738_jpg.rf.p13hv68uNYNclPkQtVOb.jpg,test,0.0000,0.418,
887,202104111224745_jpg.rf.ypDP4xRZLnIPGNWU5fLT.jpg,test,0.0000,0.401,
888,202104111224746_jpg.rf.NnVI8sWYQC8jjj2zB5TV.jpg,test,0.0000,0.402,
889,202104111224752_jpg.rf.iFJsrYTbL5WD948iEi3I.jpg,test,0.0000,0.418,
890,202104111242784_jpg.rf.PcgAPR14Ho7mCuaxvYna.jpg,test,0.0000,0.406,
891,202104121259531_jpg.rf.8p5YaVCKC4e1AGBUXOeY.jpg,test,0.0000,0.404,
892,202104121264211_jpg.rf.bPLZM5bHJvHij2pCmSps.jpg,test,0.0000,0.401,
893,202104121270245_jpg.rf.Kwmz367rawZxAC3XvIvS.jpg,test,0.0000,0.404,
894,202104141335165_jpg.rf.pqnIjSm7mMqD3hSZXlhg.jpg,test,0.0000,0.404,
895,202104141335170_jpg.rf.i7bk0f0ucP9H7Lc3MpUF.jpg,test,0.0000,0.401,
896,202104141335281_jpg.rf.0nG1MNoWnIeiAKAgisds.jpg,test,0.0000,0.403,
897,202104141335282_jpg.rf.DteOqKmlWaeghV3sQ68B.jpg,test,0.0000,0.404,
898,202104141335304_jpg.rf.3SX9aiqHw5NqRifQpkfy.jpg,test,0.0000,0.403,
899,202104141345532_jpg.rf.UofQyPG6Z5JoaTCiDTbF.jpg,test,0.0000,0.402,
900,202104141353836_jpg.rf.bJ7stKzQhUZTRjEubODh.jpg,test,0.0000,0.401,
901,202104141362178_jpg.rf.nXzpLmazNv8ln5ucPByO.jpg,test,0.0000,0.400,
902,202104161433145_jpg.rf.MfaiarQ7xV6KO3D1OoR5.jpg,test,0.0000,0.401,
903,202104161434627_jpg.rf.yqQRIL5xbn5XIHR48xHh.jpg,test,0.0000,0.401,
904,202104161459316_jpg.rf.f0hMppVOc7G2qOsEx2Q3.jpg,test,0.0000,0.412,
905,202104191536509_jpg.rf.IKJIBEIrNSkUgNzcvFhE.jpg,test,0.0000,0.402,
906,202104191536509_jpg.rf.VHESV3jQpJOt8xfGQLAy.jpg,test,0.0000,0.402,
907,202104191559129_jpg.rf.oNA09pitYncIWB5fvb3D.jpg,test,0.0000,0.400,
908,202104201585510_jpg.rf.0Ij3dpB4e0jWQ3ay8hYD.jpg,test,0.0000,0.405,
909,202104201601259_jpg.rf.gMjTMozn6qKc3RJhsHGo.jpg,test,0.0000,0.400,
910,202104201604290_jpg.rf.rLaaOq3g4YauMFEJZEta.jpg,test,0.0000,0.401,
911,202104201604579_jpg.rf.0A9YbNbQs5wwb97F1u4C.jpg,test,0.0000,0.401,
912,Bus-Damri-1_jpg.rf.gm5kTdkPqNvN3EkT6AuO.jpg,test,0.0000,0.401,
913,Bus-Damri-3_jpg.rf.wrzhOvfFFUcLXQBj2ODh.jpg,test,0.0000,0.400,
914,Bus-Damri-6_jpg.rf.CkhPfbNIsEkG6Ctg4vCx.jpg,test,0.0000,0.402,
915,Damri-Royal-Class-71_jpg.rf.hxJDjVsX6bAb07WrrSCP.jpg,test,0.0000,0.400,
916,IMG-0086_jpg.rf.gjCcTQqn54CM13R6czK4.jpg,test,0.0000,0.401,
917,IMG_0013_jpg.rf.qzHnA16jSNuCVrOCKgAK.jpg,test,0.0000,0.401,
918,IMG_0111_jpg.rf.ObHNb6ec1dX15FO7LVHb.jpg,test,0.0000,0.401,
919,IMG_1166_jpg.rf.bcisv9Jz37jhqjBepTos.jpg,test,0.0000,0.402,
920,IMG_5455-1_jpg.rf.L5CPMLJYqcbdr9kpveGT.jpg,test,0.0000,0.402,
921,IMG_5455-2_jpg.rf.9ONGNci8v0KQrLDqmktI.jpg,test,0.0000,0.400,
922,IMG_5456_jpg.rf.ofxeLiFuGMXe4NPPsdED.jpg,test,0.0000,0.402,
923,IMG_5457_jpg.rf.l2eN4fhdP2WVTktxEBXB.jpg,test,0.0000,0.401,
924,bak-2Btruk-2Bwarna-2Bkuning-2Bmerah-4_jpg.rf.YeMdGarwQ8RYjY4ifkbP.jpg,test,0.0000,0.401,
925,cutting-sticker-truck-canter-kuning-3_jpg.rf.FMTwSASC7trUedgx75GH.jpg,test,0.0000,0.401,
926,cutting-sticker-truck-canter-kuning-4_jpg.rf.fZoJqCj7PCLjSYFraxn1.jpg,test,0.0000,0.400,
927,damri-airport-bus-gambir-01_jpg.rf.KpQ3EVhU9rTZTdFpw9yD.jpg,test,0.0000,0.401,
928,gol3_10_jpg.rf.Wff213Nm1Y36wKpqYFdI.jpg,test,0.0000,0.400,
929,gol3_12_jpg.rf.Elb3dV8dXqJUvPHRyvOG.jpg,test,0.0000,0.401,
930,gol3_13_jpg.rf.EUw4y3CrsU878zH50Nbp.jpg,test,0.0000,0.563,
931,gol3_14_jpg.rf.Gw6jCZaUQZtNeq6DeYNe.jpg,test,0.0000,0.543,
932,gol3_16_jpg.rf.uNrqUoppmF2Jkpt78Lam.jpg,test,0.0000,0.401,
933,gol3_17_jpg.rf.L8KC87Pbvg0t4kmGLv9b.jpg,test,0.0000,0.401,
934,gol3_18_jpg.rf.x6sXfWvcTvpCueXjS1Ux.jpg,test,0.0000,0.511,
935,gol3_19_jpg.rf.iLY7QXuU5RHFkr05q4h3.jpg,test,0.0000,0.400,
936,gol3_1_jpg.rf.BlTDS3Afhc5fhlJJjAn6.jpg,test,0.0000,0.608,
937,gol3_20_jpg.rf.ZOHsJHWR03xo24yx2sw3.jpg,test,0.0000,0.400,
938,gol3_22_jpg.rf.WbY88wJCaGBx54lAL4rv.jpg,test,0.0000,0.401,
939,gol3_23_jpg.rf.ZjNPBxm0ChJQlhSj9AKO.jpg,test,0.0000,0.408,
940,gol3_24_jpg.rf.nAd7Hp22iWX05BXpiRZp.jpg,test,0.0000,0.401,
941,gol3_25_jpg.rf.pv1J54QliXYpGzIHcjKO.jpg,test,0.0000,0.400,
942,gol3_3_jpg.rf.y3AapdFApIDXyyrKQKFk.jpg,test,0.0000,0.402,
943,gol3_4_jpg.rf.3C7ydLSI3451w2IRbkrY.jpg,test,0.0000,0.401,
944,gol3_6_jpg.rf.cgrG90Qo8n4BYw3yyuG9.jpg,test,0.0000,0.400,
945,gol4_11_jpg.rf.wzFGmgvnB4kpkCrH95WC.jpg,test,0.0000,0.400,
946,gol4_12_jpg.rf.t5vohLCFjkaFfxCT9ZwV.jpg,test,0.0000,0.400,
947,gol4_13_jpg.rf.dO6vDahW2HIXd3laT1bD.jpg,test,0.0000,0.400,
948,gol4_14_jpg.rf.qQ3xSXTO2zk9EWgYwGeS.jpg,test,0.0000,0.400,
949,gol4_15_jpg.rf.8zwSCLP0K6Uy5CcMllgX.jpg,test,0.0000,0.401,
950,gol4_16_jpg.rf.cxIuE3ej5g6j0SPzjmBX.jpg,test,0.0000,0.400,
951,gol4_6_jpg.rf.vpXqYchUflB3KqvhjDek.jpg,test,0.0000,0.440,
952,gol4_7_jpg.rf.b5i1F3mmz5z6oPwGRRxm.jpg,test,0.0000,0.400,
953,gol4_8_jpg.rf.Pdi3GePz0tFPdV2biMzu.jpg,test,0.0000,0.404,
954,gol4_9_jpg.rf.8HgJqCbnb2iBuUfD1v0t.jpg,test,0.0000,0.404,
955,hqdefault-1_jpg.rf.nVI3OO3t45dZCSg1NxrU.jpg,test,0.0000,0.401,
956,hqdefault-2_jpg.rf.72U7QSPjzsV7qW7nUr6S.jpg,test,0.0000,0.401,
957,hqdefault-3_jpg.rf.K9qyTCKqOkStU3hCaiWD.jpg,test,0.0000,0.406,
958,hqdefault-3_jpg.rf.a7IZcF74H8rV6LzLVbbP.jpg,test,0.0000,0.406,
959,hqdefault-4_jpg.rf.40L9whNUUXhfg5PHS4OG.jpg,test,0.0000,0.403,
960,hqdefault-4_jpg.rf.9qirXETxNRUyitHT86ZN.jpg,test,0.0000,0.402,
961,hqdefault-6_jpg.rf.IOttvL7nuG6Bvaa4Yhqp.jpg,test,0.0000,0.402,
962,maxresdefault-12_jpg.rf.rvHZ58shiexRZkzYcNVT.jpg,test,0.0000,0.400,
963,maxresdefault-1_jpg.rf.iXGnMaA75VBuMKY8On20.jpg,test,0.0000,0.400,
964,maxresdefault-25_jpg.rf.eejUYKYvWRWbxxVjt4E2.jpg,test,0.0000,0.400,
965,maxresdefault-3_jpg.rf.KnLdwEzsdyaEOixXXc9f.jpg,test,0.0000,0.401,
966,maxresdefault-4_jpg.rf.YJnamVzH7jFBMvy81PS5.jpg,test,0.0000,0.401,
967,maxresdefault-9_jpg.rf.dFiC7NY3NlkxNqWxzYOI.jpg,test,0.0000,0.406,
968,maxresdefault_jpg.rf.tdup6MA6CTli2Gk7h7k3.jpg,test,0.0000,0.400,
969,-_200626220003-827-1_jpg.rf.NBiOJ28pPTBTP8b7SUUw.jpg,train,1.0000,0.401,
970,0000147617-e4eb190337827f8bbbcc9317d_jpg.rf.s0aluoQHE3XMNRThAgYp.jpg,train,1.0000,0.401,
971,010_LS25_jpg.rf.kbnxvBAmVuTJ5fwJ54Up.jpg,train,1.0000,0.401,
972,0ed5b30d578ecfa7a65f-1296x954_jpg.rf.eZa3yZ0Bpot5RwD3Z5o9.jpg,train,1.0000,0.402,
973,10_JPG_jpg.rf.ZQUYB4hIvBygOTZCgAXS.jpg,train,1.0000,0.404,
974,11546_Sb4733_14_jpg.rf.hT06HP2mHYo32oRe51R8.jpg,train,1.0000,0.404,
975,1500x500_jpg.rf.0r00Az34JeLKH3C2vzoP.jpg,train,1.0000,0.401,
976,1553233damri780x390_jpg.rf.rLLAB7tMKodSAmDpCIkY.jpg,train,1.0000,0.400,
977,16127363856_2a23581a99_b-0_jpg.rf.CXmq6xRFH6rgqnoiTcm7.jpg,train,1.0000,0.400,
978,168583-12979673_jpg.rf.AUK65Gk1hbsne8rm41nj.jpg,train,1.0000,0.400,
979,1992-Mitsubishi-Great-10-Wheeler-Dum_jpg.rf.WdxcVhGKNz3KaecVpFMo.jpg,train,1.0000,0.401,
980,2013-Fuso-Canter-4x4-1-1_jpg.rf.GqQlrZvdIs9ZcpbMc52Y.jpg,train,1.0000,0.400,
981,2014-mitsubishi-canter-truck-7mnuxba_jpg.rf.rmsF2OfXjAGBFe53a2pL.jpg,train,1.0000,0.401,
982,20161205bandara-soetta-tingkatkan-pe_jpg.rf.gANyiJJuC7ogfmJ808iG.jpg,train,1.0000,0.401,
983,201811092280624_jpg.rf.hvrvaoliop76n9KZFQdA.jpg,train,1.0000,0.401,
984,201902195101581_jpg.rf.pd9nrbjC9WqdeYtpYTdU.jpg,train,1.0000,0.401,
985,202002077047573_jpg.rf.9Awq6QvJRGvCrz6zQ0hA.jpg,train,1.0000,0.400,
986,202003098200296_jpg.rf.e7JhGGxmLsSx6oyDQp6c.jpg,train,1.0000,0.402,
987,202003118281574_jpg.rf.Y5Qvvou92czKqscnE24P.jpg,train,1.0000,0.401,
988,20200917144648814126_jpg.rf.wOAZzsCHkchESqf1OfHB.jpg,train,1.0000,0.400,
989,202009284297022_jpg.rf.Pzai3ihVeO9T8zx8aV5a.jpg,train,1.0000,0.400,
990,202010155026858_jpg.rf.B76EsiScoD9sQEoMPX27.jpg,train,1.0000,0.401,
991,202011035740338_jpg.rf.yAKp3QowOY4m4iVoh4OK.jpg,train,1.0000,0.401,
992,202011156136945_jpg.rf.8X1C1ObdqhGl33qS3kDc.jpg,train,1.0000,0.401,
993,20201120_115536_jpg.rf.8PHFxxbOhqogCpITaSDv.jpg,train,1.0000,0.400,
994,202011276557437_jpg.rf.PZHNH1oriyJNWl8lxnNY.jpg,train,1.0000,0.401,
995,202011286568521_jpg.rf.RDFsyrrVAyejKAKy7gYm.jpg,train,1.0000,0.402,
996,202012076844565_jpg.rf.nLTybmbWofMCNjvCN8ia.jpg,train,1.0000,0.400,
997,20201222_173741_jpg.rf.ilyqK7SoAZCUJP9DJiD4.jpg,train,1.0000,0.400,
998,202102018569862_jpg.rf.QhgRqx55LOQkfhVF1vxu.jpg,train,1.0000,0.402,
999,202102068761775_jpg.rf.hofemcCL4TPp6eCQemt5.jpg,train,1.0000,0.400,
1000,202102209293325_jpg.rf.wKXHbrkmApBq55kgyJIs.jpg,train,1.0000,0.402,
1001,202102269503105_jpg.rf.8xZcWCP9fY3F8XOrPQKO.jpg,train,1.0000,0.400,
1002,202103180278566_jpg.rf.ssjsjgKc89JtyDD1za8Z.jpg,train,1.0000,0.400,
1003,202103250579964_jpg.rf.kK0Er53fqhsjgdyX66Mk.jpg,train,1.0000,0.402,
1004,202104181520360_jpg.rf.HltilB8VSRNOBVGJ3MNx.jpg,train,1.0000,0.401,
1005,20210423_181435-min_jpg.rf.e67o58i886ocMdUqO2n0.jpg,train,1.0000,0.401,
1006,20210501_130056-min_jpg.rf.AGUorTVKOJZtWtwUWEVt.jpg,train,1.0000,0.400,
1007,2234_jpg.rf.181cK2cY2Ghd8OppMGW5.jpg,train,1.0000,0.403,
1008,23-seat-Tata-LP-713-Bus-at-the-2014-_jpg.rf.uXzd1Jv6NU7o6emAvuYU.jpg,train,1.0000,0.402,
1009,251182_1540554861-image-1400x_-_jpg.rf.lyvsOUKIot1cY8c6aHrR.jpg,train,1.0000,0.400,
1010,251303023_jpg.rf.fdR7UwgplsC2ixpauapC.jpg,train,1.0000,0.400,
1011,25500645403_140c32cac6_b_jpg.rf.Uj8H6BIQAK9uuLWDG3I9.jpg,train,1.0000,0.401,
1012,25581093607_1fd0c115c1_b_jpg.rf.IxLQgxTCKX7RR7fpwzta.jpg,train,1.0000,0.400,
1013,27579953304_0c4b3aef04_b_jpg.rf.P60M4K53R4j1ZHvkowz7.jpg,train,1.0000,0.400,
1014,2_1000_jpg.rf.o0qn6HBa5ilymFS9IJyR.jpg,train,1.0000,0.402,
1015,2_100_jpg.rf.ngm2JkR7qlPYt5IJdhL7.jpg,train,1.0000,0.401,
1016,2_103_jpg.rf.9z1byMBoE49M0UYEd1sp.jpg,train,1.0000,0.404,
1017,2_104_jpg.rf.7cVO8rbo9goDGyOUxzJZ.jpg,train,1.0000,0.404,
1018,2_108_jpg.rf.kKHDuY3yAB0mXS17eP2C.jpg,train,1.0000,0.400,
1019,2_109_jpg.rf.GjBm9Lj9fPLCGLLh8dZm.jpg,train,1.0000,0.401,
1020,2_111_jpg.rf.dAPv4REkXQzzNnHjXYdR.jpg,train,1.0000,0.406,
1021,2_114_jpg.rf.5Kp4pFrqT3P6cKCdtKmu.jpg,train,1.0000,0.400,
1022,2_116_jpg.rf.Q9CR99KEoWe97SNvGZxR.jpg,train,1.0000,0.403,
1023,2_117_jpg.rf.uj3NAcb8lTzicVoMiyUF.jpg,train,1.0000,0.400,
1024,2_11_jpg.rf.rBw2YKLREI39uzjrNCLs.jpg,train,1.0000,0.402,
1025,2_122_jpg.rf.XYOkCvcNUFNRaz7MfCOj.jpg,train,1.0000,0.402,
1026,2_128_jpg.rf.XTDifW1Yu6Y5JSkUEO0U.jpg,train,1.0000,0.401,
1027,2_12_jpg.rf.eoWGPwBLb9gSN4A8j6ni.jpg,train,1.0000,0.400,
1028,2_130_jpg.rf.t0LDDQuSFF68DUV3kgL6.jpg,train,1.0000,0.401,
1029,2_131_jpg.rf.R2uYQDEup0tTiSVrGozj.jpg,train,1.0000,0.400,
1030,2_138_jpg.rf.btiHt06ILIcF9wBUYKcJ.jpg,train,1.0000,0.402,
1031,2_140_jpg.rf.rMNTWTulBOrZjQ7GgvzZ.jpg,train,1.0000,0.401,
1032,2_142_jpg.rf.OmBX0FwxExIYruJZtXZg.jpg,train,1.0000,0.404,
1033,2_145_jpg.rf.yetioMU3jLjDctIYOqAI.jpg,train,1.0000,0.401,
1034,2_149_jpg.rf.WbpKsT9uOPkk75CcpNa8.jpg,train,1.0000,0.400,
1035,2_152_jpg.rf.QpKwvs8unpn6ibywOEPn.jpg,train,1.0000,0.401,
1036,2_153_jpg.rf.UgZdAvjo1mKO9MjKp07P.jpg,train,1.0000,0.401,
1037,2_154_jpg.rf.bdK0OYhjS966OA8SRn2m.jpg,train,1.0000,0.400,
1038,2_155_jpg.rf.CwlN6w9n6u3G4GjpWFl8.jpg,train,1.0000,0.400,
1039,2_157_jpg.rf.sDh0xN1BL1CL6v16x34e.jpg,train,1.0000,0.401,
1040,2_158_jpg.rf.XylKohgbPc1fJGSTTSAc.jpg,train,1.0000,0.401,
1041,2_159_jpg.rf.jIX365I6P4K7CBoSW2Mg.jpg,train,1.0000,0.400,
1042,2_15_jpg.rf.UIFnMmEkRoJnLPJIPVni.jpg,train,1.0000,0.400,
1043,2_163_jpg.rf.UtVUVLLuAcXodYN8w9Fu.jpg,train,1.0000,0.401,
1044,2_167_jpg.rf.ZPAHk1AxI1oNNBWz8oSO.jpg,train,1.0000,0.401,
1045,2_172_jpg.rf.jWQtRt9ZsbvgANqtkQbZ.jpg,train,1.0000,0.400,
1046,2_173_jpg.rf.TdVyRt0PncBY8i8ed4jO.jpg,train,1.0000,0.403,
1047,2_177_jpg.rf.7hOY519HUzQBYU5kY2g8.jpg,train,1.0000,0.401,
1048,2_179_jpg.rf.biqwiycQ0sUkdWNPObh9.jpg,train,1.0000,0.401,
1049,2_17_jpg.rf.kCVodA1viYWZ9zhCLwr2.jpg,train,1.0000,0.400,
1050,2_182_jpg.rf.jMIF3IabzF5eM5JP5RSu.jpg,train,1.0000,0.400,
1051,2_183_jpg.rf.JMb0SoyNmQm1tpWMbDIr.jpg,train,1.0000,0.400,
1052,2_186_jpg.rf.wnJGfGeZVfy4jWfEUsk4.jpg,train,1.0000,0.401,
1053,2_187_jpg.rf.s9l6kcH15NqLgSW8qh4q.jpg,train,1.0000,0.400,
1054,2_189_jpg.rf.E73Zh6fqHH4doL2Vn2YW.jpg,train,1.0000,0.400,
1055,2_190_jpg.rf.3ZN3zhvyhos98LIkxvMX.jpg,train,1.0000,0.401,
1056,2_191_jpg.rf.gCG1AdVJyYSN8idx3N7p.jpg,train,1.0000,0.400,
1057,2_193_jpg.rf.s4CTTAFJ22u9Wtsoqn4v.jpg,train,1.0000,0.401,
1058,2_194_jpg.rf.4LbRtBnOOTliBFSggavk.jpg,train,1.0000,0.402,
1059,2_195_jpg.rf.esr3bjD1qQS6m3amzd6U.jpg,train,1.0000,0.401,
1060,2_196_jpg.rf.xI7lvaUWUWOPCteDmRUu.jpg,train,1.0000,0.401,
1061,2_197_jpg.rf.mU796q3brtSelHWtKj5F.jpg,train,1.0000,0.406,
1062,2_198_jpg.rf.sfS4pNjE4FCKvSp3YnQu.jpg,train,1.0000,0.401,
1063,2_199_jpg.rf.V32ZJOkxV3ca5kDnWk42.jpg,train,1.0000,0.403,
1064,2_1_jpg.rf.4lZp2j0JDg8cMfh8WLeN.jpg,train,1.0000,0.400,
1065,2_204_jpg.rf.aXnwuart3u5jMlAaLOIZ.jpg,train,1.0000,0.401,
1066,2_206_jpg.rf.b7TLoF7dedkksivuL9iZ.jpg,train,1.0000,0.400,
1067,2_208_jpg.rf.ke2iHElXjiEar4wSMaI7.jpg,train,1.0000,0.400,
1068,2_211_jpg.rf.fHR36M0aOQ54lXBdDglZ.jpg,train,1.0000,0.401,
1069,2_215_jpg.rf.YOU92rdIyVb7ShQIRSPB.jpg,train,1.0000,0.400,
1070,2_216_jpg.rf.JW9mRBYNG9xheYjslIzS.jpg,train,1.0000,0.401,
1071,2_218_jpg.rf.uTLJyTEzdsZPsgQ8T2XA.jpg,train,1.0000,0.406,
1072,2_224_jpg.rf.RBcn4CaDtjqSRD9AKNSr.jpg,train,1.0000,0.401,
1073,2_225_jpg.rf.c3upQgQHC5TxMyNHINxZ.jpg,train,1.0000,0.400,
1074,2_227_jpg.rf.TOkGFPSnEjZCerIjZADM.jpg,train,1.0000,0.400,
1075,2_22_jpg.rf.L5TQcI7ICgR1bSy1oeFF.jpg,train,1.0000,0.402,
1076,2_230_jpg.rf.VVr7RD4o91Z4AwrOVESY.jpg,train,1.0000,0.402,
1077,2_233_jpg.rf.tqxvDhA1HvE1hH6oD4nD.jpg,train,1.0000,0.401,
1078,2_240_jpg.rf.Ud1wFQMva3cBK7cnPLk2.jpg,train,1.0000,0.400,
1079,2_246_jpg.rf.Luey60YUf9FWR8NK4E7U.jpg,train,1.0000,0.400,
1080,2_24_jpg.rf.2BxORmktCj3QLRkjHshj.jpg,train,1.0000,0.400,
1081,2_251_jpg.rf.Yg9uaIGzYuhgJA0vLv1O.jpg,train,1.0000,0.401,
1082,2_255_jpg.rf.ZX48IQ6ZrturFVozrbgE.jpg,train,1.0000,0.400,
1083,2_25_jpg.rf.Z7eq0KRq7ajYpIs2GMpw.jpg,train,1.0000,0.401,
1084,2_262_jpg.rf.ZmytITsocUaJKgYRWlKu.jpg,train,1.0000,0.401,
1085,2_265_jpg.rf.7wn80iMjtz6IwDsLDowo.jpg,train,1.0000,0.404,
1086,2_268_jpg.rf.XeJYMtdxUzYipxrLnkkB.jpg,train,1.0000,0.400,
1087,2_269_jpg.rf.QvhhQHI65G2kATGNr4Gq.jpg,train,1.0000,0.400,
1088,2_26_jpg.rf.mJBgcysoCT0CWCJFq0tU.jpg,train,1.0000,0.402,
1089,2_272_jpg.rf.gZTlU4DL2XefsRqFVkkw.jpg,train,1.0000,0.401,
1090,2_275_jpg.rf.lwgU7l3UQ213lYbSHqyd.jpg,train,1.0000,0.401,
1091,2_279_jpg.rf.gixzQLbhx4WtSVLgQDnX.jpg,train,1.0000,0.402,
1092,2_27_jpg.rf.9fEnEUZIZAWrvDwwjdhI.jpg,train,1.0000,0.400,
1093,2_280_jpg.rf.jxu8SQO0w6nv0J8RhN59.jpg,train,1.0000,0.401,
1094,2_282_jpg.rf.fYT8zfeeQXndFS1n4njP.jpg,train,1.0000,0.414,
1095,2_28_jpg.rf.UInjZXZRCyCRyCRW3lIW.jpg,train,1.0000,0.401,
1096,2_296_jpg.rf.MhjDtg6eGaX1B8NMuszm.jpg,train,1.0000,0.402,
1097,2_297_jpg.rf.ddTOOdhrwd3Xrxd8JeRN.jpg,train,1.0000,0.401,
1098,2_300_jpg.rf.Tjzb34jKteE0eFKgTMGN.jpg,train,1.0000,0.401,
1099,2_302_jpg.rf.Vuww9kbgBXEhDyL6WKyY.jpg,train,1.0000,0.402,
1100,2_303_jpg.rf.v99oCSNK7NYjJBgY9riT.jpg,train,1.0000,0.401,
1101,2_306_jpg.rf.9BFfI7umRKOBKpUOFKXE.jpg,train,1.0000,0.403,
1102,2_308_jpg.rf.yYfoRoQeo3j6JLrkv1qt.jpg,train,1.0000,0.402,
1103,2_31_jpg.rf.h6rVlJso4nIxJpK0FWm3.jpg,train,1.0000,0.403,
1104,2_324_jpg.rf.LCZRhXCsHzdP2Ow75huB.jpg,train,1.0000,0.401,
1105,2_326_jpg.rf.dNmKWfqpEkDjv0JEDdIj.jpg,train,1.0000,0.401,
1106,2_328_jpg.rf.SwDePlNpCOWdaNHU3Q4T.jpg,train,1.0000,0.400,
1107,2_32_jpg.rf.SeIFtLzBDrRGsrllb9mG.jpg,train,1.0000,0.401,
1108,2_330_jpg.rf.v94eRAvYD28ypn2afHrk.jpg,train,1.0000,0.401,
1109,2_332_jpg.rf.G2De5K1P8PimNfpmSBKO.jpg,train,1.0000,0.400,
1110,2_333_jpg.rf.dI9EKq1JQQsKeS6ko4bR.jpg,train,1.0000,0.403,
1111,2_336_jpg.rf.f82LCuzdsLqk0NEOU3tF.jpg,train,1.0000,0.401,
1112,2_337_jpg.rf.oVv6l39oukdX6kXMq03C.jpg,train,1.0000,0.401,
1113,2_338_jpg.rf.97j94MZuEtCKbw298YyD.jpg,train,1.0000,0.400,
1114,2_33_jpg.rf.39cG4bAcILIskTZE8odG.jpg,train,1.0000,0.401,
1115,2_341_jpg.rf.YDrzKOV7JBbUr8AKM88n.jpg,train,1.0000,0.401,
1116,2_344_jpg.rf.Qk6taZanXN2p8Rn79Keb.jpg,train,1.0000,0.400,
1117,2_347_jpg.rf.KoUh3u6Xl6Z0bYV9OzH1.jpg,train,1.0000,0.400,
1118,2_34_jpg.rf.LeVsZrRok7ewaI7EJWlR.jpg,train,1.0000,0.403,
1119,2_351_jpg.rf.S2XY2lcoSxNbexVyRj5c.jpg,train,1.0000,0.402,
1120,2_356_jpg.rf.r11eKao13FdCAs5dMvPJ.jpg,train,1.0000,0.400,
1121,2_358_jpg.rf.lIHjKNrIUX0ZOP0cn0Gi.jpg,train,1.0000,0.401,
1122,2_360_jpg.rf.bD4S49SJRBgZM4uMeCFF.jpg,train,1.0000,0.400,
1123,2_362_jpg.rf.G0INv2bKpcZmNtkBUOEb.jpg,train,1.0000,0.400,
1124,2_363_jpg.rf.T6J4FkKG5v5YSUhK2iGJ.jpg,train,1.0000,0.406,
1125,2_364_jpg.rf.YL1PBzK1bhPryfMAeKmc.jpg,train,1.0000,0.400,
1126,2_368_jpg.rf.Vy6bMHKgMWHlthGvY0m4.jpg,train,1.0000,0.401,
1127,2_369_jpg.rf.JjPTfcct0EjTrg168IAw.jpg,train,1.0000,0.402,
1128,2_36_jpg.rf.xjvmfbU07JkarTpBOpjE.jpg,train,1.0000,0.400,
1129,2_372_jpg.rf.eebHz1mHezI2WVNcsiYm.jpg,train,1.0000,0.403,
1130,2_373_jpg.rf.aOyEmficHmz74ChwdcIX.jpg,train,1.0000,0.403,
1131,2_374_jpg.rf.8Akz395UZX1MQVfSnGcu.jpg,train,1.0000,0.401,
1132,2_378_jpg.rf.eG5u0p8q6tiIdihHdvX3.jpg,train,1.0000,0.400,
1133,2_380_jpg.rf.CoDu54nUxLUsMj9wTx3E.jpg,train,1.0000,0.402,
1134,2_383_jpg.rf.hgV8bnneUBGw1DWSyYCc.jpg,train,1.0000,0.400,
1135,2_387_jpg.rf.vXf3IdY4v3azZfAgJAC0.jpg,train,1.0000,0.402,
1136,2_388_jpg.rf.EQxnuCUO0olerNkaqTGo.jpg,train,1.0000,0.400,
1137,2_389_jpg.rf.IJGHH07iXVFnCR3Ik6qY.jpg,train,1.0000,0.401,
1138,2_390_jpg.rf.OZbfCwTt35tfPGAbfBSd.jpg,train,1.0000,0.400,
1139,2_395_jpg.rf.aIjFrjCuZQaYURETjzLV.jpg,train,1.0000,0.401,
1140,2_396_jpg.rf.pzupQNnaxbHKeoCGs14A.jpg,train,1.0000,0.400,
1141,2_397_jpg.rf.TtzdYDbhfjeV0zL3U2B3.jpg,train,1.0000,0.400,
1142,2_398_jpg.rf.hK4pJOcS0jvv2mZNMrcB.jpg,train,1.0000,0.405,
1143,2_400_jpg.rf.k9XJB2JV5x5isTI2EpBP.jpg,train,1.0000,0.400,
1144,2_403_jpg.rf.AvkehIFSYAOQK2HL5ykC.jpg,train,1.0000,0.400,
1145,2_404_jpg.rf.gaMkgAYZlVozcS5xbqAv.jpg,train,1.0000,0.400,
1146,2_405_jpg.rf.7BYhOv1Zi1oMb40aBYUV.jpg,train,1.0000,0.401,
1147,2_408_jpg.rf.tO9LQKzYUqOML2AWuw0x.jpg,train,1.0000,0.403,
1148,2_40_jpg.rf.5Gtt1KORVIFqWsaO9bOX.jpg,train,1.0000,0.401,
1149,2_410_jpg.rf.z0j9fp2ruWtxRpoWxQEG.jpg,train,1.0000,0.400,
1150,2_411_jpg.rf.n2t0SYHHHhYhjXerYbLx.jpg,train,1.0000,0.400,
1151,2_414_jpg.rf.NYDeTZWjNz9V6x4UKLa8.jpg,train,1.0000,0.401,
1152,2_416_jpg.rf.n28XrU6wH0viQ8XdviGU.jpg,train,1.0000,0.401,
1153,2_421_jpg.rf.Ag498Ab2BLN7q5yfhQYz.jpg,train,1.0000,0.401,
1154,2_422_jpg.rf.Fs2QPMmiFWr7l9FcshKl.jpg,train,1.0000,0.400,
1155,2_425_jpg.rf.YSVuDPe4w9WSpYTp8T8j.jpg,train,1.0000,0.405,
1156,2_431_jpg.rf.F4YPRmEDcyk4WuxrkGyQ.jpg,train,1.0000,0.405,
1157,2_432_jpg.rf.68fAKjaUEphCwi1umVfc.jpg,train,1.0000,0.400,
1158,2_433_jpg.rf.5z6dSQcjkPDpsN7j2S2S.jpg,train,1.0000,0.401,
1159,2_440_jpg.rf.xyHkRbvv9FLC0s5XI6qH.jpg,train,1.0000,0.401,
1160,2_450_jpg.rf.NA9FDR0ds38gnk29YEi5.jpg,train,1.0000,0.401,
1161,2_454_jpg.rf.So9XxSvowH04tBRvhB6i.jpg,train,1.0000,0.401,
1162,2_457_jpg.rf.h5xsrUwVwaqGaxJs4xLk.jpg,train,1.0000,0.401,
1163,2_468_jpg.rf.0u6TMqJ3SODwxH8A1Cmm.jpg,train,1.0000,0.400,
1164,2_46_jpg.rf.FeCc21MukmYlFHjWpb3O.jpg,train,1.0000,0.401,
1165,2_470_jpg.rf.R0ff9qYyjX7QjFAGhgGy.jpg,train,1.0000,0.400,
1166,2_471_jpg.rf.2YGUWTmjotiGPE6QhxOO.jpg,train,1.0000,0.400,
1167,2_474_jpg.rf.fAj9fcMtGumbj6WZrZx8.jpg,train,1.0000,0.404,
1168,2_475_jpg.rf.SJ2tKgZWqcOsJss3qGkZ.jpg,train,1.0000,0.402,
1169,2_476_jpg.rf.dHP9KCeUCHwCp6yt0bVS.jpg,train,1.0000,0.400,
1170,2_47_jpg.rf.88x1ZECZ17KS99vivMnN.jpg,train,1.0000,0.402,
1171,2_482_jpg.rf.rIrWdMWZstVqsLQ2XZhd.jpg,train,1.0000,0.402,
1172,2_485_jpg.rf.eNgMLAfjjVhWz9Viiiui.jpg,train,1.0000,0.401,
1173,2_490_jpg.rf.LlNjLkp3DxjeYeD0Eh3J.jpg,train,1.0000,0.401,
1174,2_491_jpg.rf.miEvKJaPtq3aCiY3G7bJ.jpg,train,1.0000,0.401,
1175,2_493_jpg.rf.WaaIuqAqhkUHrYRjip69.jpg,train,1.0000,0.402,
1176,2_496_jpg.rf.Wg67kIuWYwIoOkV5kwf5.jpg,train,1.0000,0.401,
1177,2_498_jpg.rf.sRfVu9zhxwcMPkqPD4hL.jpg,train,1.0000,0.401,
1178,2_501_jpg.rf.Z9e2TbjBt5rpcc661lDH.jpg,train,1.0000,0.400,
1179,2_504_jpg.rf.dPrqzc3ygR9OpMuzQzkQ.jpg,train,1.0000,0.401,
1180,2_505_jpg.rf.JjPtvJwMCEv4Hb4C7BB3.jpg,train,1.0000,0.401,
1181,2_509_jpg.rf.XbmLuiSCjULqaBEvbbih.jpg,train,1.0000,0.400,
1182,2_511_jpg.rf.N8KaH7UyPnhdDeO7wbNc.jpg,train,1.0000,0.400,
1183,2_518_jpg.rf.2BIqi7gyvTsXQXtIilLy.jpg,train,1.0000,0.403,
1184,2_519_jpg.rf.bqy17MxWARXQWxnlyheW.jpg,train,1.0000,0.400,
1185,2_51_jpg.rf.lzMobBsWPTeFLcmCWmIw.jpg,train,1.0000,0.401,
1186,2_523_jpg.rf.EWyQGQXMJzS9dn4AYOh7.jpg,train,1.0000,0.401,
1187,2_52_jpg.rf.Y36WESpRBSLNpvpkShjT.jpg,train,1.0000,0.401,
1188,2_538_jpg.rf.s5mntitoPR8LmHUmcoje.jpg,train,1.0000,0.406,
1189,2_53_jpg.rf.vBL0Flfn3DtTzyaSDUot.jpg,train,1.0000,0.400,
1190,2_540_jpg.rf.BjzspBn8YzxTgTDdPPer.jpg,train,1.0000,0.401,
1191,2_542_jpg.rf.sUjXCrIh1ZY416mxvI50.jpg,train,1.0000,0.401,
1192,2_544_jpg.rf.zs1CfTAQoHRKydJByDuh.jpg,train,1.0000,0.400,
1193,2_546_jpg.rf.ZIsuPQdPQF2ccTAMKWWT.jpg,train,1.0000,0.400,
1194,2_551_jpg.rf.kTTa6SOg3hCuAoELoFvW.jpg,train,1.0000,0.400,
1195,2_552_jpg.rf.kzBwxybUNV4GS1QtDk1x.jpg,train,1.0000,0.402,
1196,2_559_jpg.rf.nZLnseNYfczgAkoCIkAC.jpg,train,1.0000,0.401,
1197,2_560_jpg.rf.A8XuUFiQTnHDQrBM06uD.jpg,train,1.0000,0.401,
1198,2_564_jpg.rf.IldhNWt4SPCDEHu9yvmX.jpg,train,1.0000,0.406,
1199,2_574_jpg.rf.57xmpFg4xtILlDNShbzp.jpg,train,1.0000,0.403,
1200,2_577_jpg.rf.ZytJtSfku82DPSuZyePS.jpg,train,1.0000,0.402,
1201,2_578_jpg.rf.jjK7C0hr4vBMYjKFQ0se.jpg,train,1.0000,0.400,
1202,2_593_jpg.rf.KeXUnpNXmoqQXFHJHBR3.jpg,train,1.0000,0.400,
1203,2_597_jpg.rf.5Fb4ijvNgtsWzP4wshu1.jpg,train,1.0000,0.400,
1204,2_600_jpg.rf.dBrGrw9S9eSZxrYmvZcD.jpg,train,1.0000,0.403,
1205,2_601_jpg.rf.1TlXOwclD8BvM1hvXBta.jpg,train,1.0000,0.400,
1206,2_602_jpg.rf.vgddqseuC3WCIpyNL4Ub.jpg,train,1.0000,0.402,
1207,2_610_jpg.rf.i08RQX8pF5I4bZ5XTIM6.jpg,train,1.0000,0.400,
1208,2_616_jpg.rf.TdSYEXuocO8gAZcCfkq1.jpg,train,1.0000,0.401,
1209,2_617_jpg.rf.L90b8s5lj8H4JOZdHqsL.jpg,train,1.0000,0.410,
1210,2_636_jpg.rf.hR2RCHKAoLEHYCT3UBOV.jpg,train,1.0000,0.402,
1211,2_637_jpg.rf.PnP53Zw3dYAsHsPVEVth.jpg,train,1.0000,0.400,
1212,2_640_jpg.rf.l9Uq5CCjizLvP5Wyu7dO.jpg,train,1.0000,0.401,
1213,2_648_jpg.rf.QBOIXDfRWSv8es6q6S0w.jpg,train,1.0000,0.400,
1214,2_650_jpg.rf.2UUNxtAqOm6K8K026AB3.jpg,train,1.0000,0.401,
1215,2_651_jpg.rf.a5zwH5DGmQ5puaQNUAMH.jpg,train,1.0000,0.400,
1216,2_653_jpg.rf.vIDkzERr24MMOHFir1HI.jpg,train,1.0000,0.400,
1217,2_658_jpg.rf.iAIBVBvltR8mfI8G9SyE.jpg,train,1.0000,0.400,
1218,2_65_jpg.rf.HhQf7dvPIjY2hrDYNzQW.jpg,train,1.0000,0.402,
1219,2_660_jpg.rf.db7IJ1wbxagAyIe8yD0R.jpg,train,1.0000,0.402,
1220,2_665_jpg.rf.mwiWTAnTMpSnCQoE0lOC.jpg,train,1.0000,0.402,
1221,2_668_jpg.rf.nKdeRkGS27SdDK10X9WM.jpg,train,1.0000,0.400,
1222,2_669_jpg.rf.6cJS0XBCetFqSGHybyPP.jpg,train,1.0000,0.401,
1223,2_670_jpg.rf.mv6zIy7bRJOCk4Gn4qSt.jpg,train,1.0000,0.400,
1224,2_672_jpg.rf.vra6UbX4Uwpx6pZKExOB.jpg,train,1.0000,0.400,
1225,2_681_jpg.rf.hgmyoOic9ZKWbXIPp8Ff.jpg,train,1.0000,0.400,
1226,2_682_jpg.rf.cIoF11P0rE64iNPQquaC.jpg,train,1.0000,0.404,
1227,2_685_jpg.rf.lFoHDDY88lgD7fBfqYFl.jpg,train,1.0000,0.400,
1228,2_690_jpg.rf.dfF6A25ttdWz0CorTKz3.jpg,train,1.0000,0.402,
1229,2_698_jpg.rf.1N9jKoazv0PeiHRMQhlW.jpg,train,1.0000,0.401,
1230,2_703_jpg.rf.vElHv5RRvzrDSUhrbFAO.jpg,train,1.0000,0.400,
1231,2_707_jpg.rf.W4poKzJWdZ6t2GaqtF4H.jpg,train,1.0000,0.402,
1232,2_712_jpg.rf.HWgez1Xpy559cYp7JNbx.jpg,train,1.0000,0.405,
1233,2_715_jpg.rf.GQ6nfzofKJeeTqBNgWJJ.jpg,train,1.0000,0.402,
1234,2_716_jpg.rf.vzVG3FBrO9fKmrlo9oUp.jpg,train,1.0000,0.400,
1235,2_71_jpg.rf.8hqMpzDQvduujF65SRqi.jpg,train,1.0000,0.400,
1236,2_724_jpg.rf.T1o4PwzFV1LUNIkTADZE.jpg,train,1.0000,0.403,
1237,2_727_jpg.rf.yqL505ZjOEvMaiDYbQLw.jpg,train,1.0000,0.400,
1238,2_730_jpg.rf.oWfxKLyqytUVrpsqIn2p.jpg,train,1.0000,0.400,
1239,2_732_jpg.rf.eLdLp8hlPVpfZsRQQFBB.jpg,train,1.0000,0.401,
1240,2_748_jpg.rf.W2JAKnRKL7z5ejLPbMyD.jpg,train,1.0000,0.400,
1241,2_751_jpg.rf.QDSHRQo3A1rThtwj7UQw.jpg,train,1.0000,0.402,
1242,2_752_jpg.rf.RbJmZl0nBojGqgeaOSQR.jpg,train,1.0000,0.400,
1243,2_755_jpg.rf.CVMGh5VpxmxMxvAHS39B.jpg,train,1.0000,0.400,
1244,2_756_jpg.rf.wx2SDAShBF6CMpOmooOy.jpg,train,1.0000,0.401,
1245,2_758_jpg.rf.vp8Ug8rf8oQoUtBC9ax9.jpg,train,1.0000,0.402,
1246,2_759_jpg.rf.Jw9fbsARD8pSXGryYrMI.jpg,train,1.0000,0.401,
1247,2_761_jpg.rf.LlSWelMaF4oNunNptLQX.jpg,train,1.0000,0.400,
1248,2_763_jpg.rf.4X5PFfF9Vm51lK5oIaX8.jpg,train,1.0000,0.401,
1249,2_779_jpg.rf.XOtUALVj4UY10EHyPHYu.jpg,train,1.0000,0.401,
1250,2_77_jpg.rf.uQW4X1xX6bQRVrzAfX1J.jpg,train,1.0000,0.400,
1251,2_789_jpg.rf.yelzqs6tMtjeFy8zVoJW.jpg,train,1.0000,0.401,
1252,2_796_jpg.rf.dPtF3cGc63d7oVjf2fTB.jpg,train,1.0000,0.401,
1253,2_801_jpg.rf.fxyBDLZZ9gVNX5bIEE0H.jpg,train,1.0000,0.401,
1254,2_813_jpg.rf.7zVgkFGNHob9DOW9GScX.jpg,train,1.0000,0.401,
1255,2_822_jpg.rf.229IDxQYIgNJZAkhLiGw.jpg,train,1.0000,0.403,
1256,2_827_jpg.rf.hNNfgcOC9e8fmQKX2IOP.jpg,train,1.0000,0.400,
1257,2_828_jpg.rf.my8rXkoheyIlTGnpPww0.jpg,train,1.0000,0.400,
1258,2_829_jpg.rf.exCRl4izfIlv7CUIkUSk.jpg,train,1.0000,0.400,
1259,2_832_jpg.rf.jNWAijWOq4rlYTbZOprx.jpg,train,1.0000,0.401,
1260,2_841_jpg.rf.vfWFX3RFggrC5yEikqKM.jpg,train,1.0000,0.401,
1261,2_851_jpg.rf.xWN58DcQE917bEB72W95.jpg,train,1.0000,0.400,
1262,2_862_jpg.rf.oMSyyMPUe2wiOZVBQnGS.jpg,train,1.0000,0.403,
1263,2_866_jpg.rf.uenXiGvEqeDBDwJ5wO8r.jpg,train,1.0000,0.400,
1264,2_868_jpg.rf.LTCpuydNyDTxiPx85SIS.jpg,train,1.0000,0.401,
1265,2_869_jpg.rf.HkhsWHtBpXoQbNGktuI2.jpg,train,1.0000,0.400,
1266,2_86_jpg.rf.jGup16DrP8dWh5UMFRpB.jpg,train,1.0000,0.400,
1267,2_870_jpg.rf.dGmrjvc3puPhjROHq6rc.jpg,train,1.0000,0.400,
1268,2_873_jpg.rf.PzZ4uYj4MqpUvFxrkNps.jpg,train,1.0000,0.400,
1269,2_875_jpg.rf.GFMmO8LFxYkiyvt6qlEF.jpg,train,1.0000,0.400,
1270,2_887_jpg.rf.9Q6MZZG5Z0z9tWN8c5sS.jpg,train,1.0000,0.400,
1271,2_889_jpg.rf.P9WlvUFzsNAB2d3M5Amt.jpg,train,1.0000,0.401,
1272,2_893_jpg.rf.Tfl7isBbq9myvj5t2Jbq.jpg,train,1.0000,0.400,
1273,2_904_jpg.rf.nshGlsFoxpiYUsiC69EK.jpg,train,1.0000,0.400,
1274,2_906_jpg.rf.i9WDO4PTClLyG86XxNR1.jpg,train,1.0000,0.401,
1275,2_908_jpg.rf.aaRyVc7CcWeSlUeh17Jm.jpg,train,1.0000,0.400,
1276,2_915_jpg.rf.RvqTZGHN7PJghaPhUhaQ.jpg,train,1.0000,0.401,
1277,2_91_jpg.rf.jHieWsqGvWHM7wTfUN3p.jpg,train,1.0000,0.400,
1278,2_923_jpg.rf.t0OUgZ4La9nn2GU3Lgm6.jpg,train,1.0000,0.401,
1279,2_927_jpg.rf.yQblScRfVZKY0ofIVF8M.jpg,train,1.0000,0.400,
1280,2_931_jpg.rf.dQD7VVlsBOUqTbwgdwWm.jpg,train,1.0000,0.400,
1281,2_938_jpg.rf.qi5kGJiyBQxcZzT8X1z0.jpg,train,1.0000,0.400,
1282,2_945_jpg.rf.TG1DzaakafsvZnjTVili.jpg,train,1.0000,0.401,
1283,2_954_jpg.rf.w6VkkLbLurnu5hpWIxia.jpg,train,1.0000,0.400,
1284,2_956_jpg.rf.GrdIe10MhgTWbT7CO9Sg.jpg,train,1.0000,0.401,
1285,2_959_jpg.rf.D11Q7FjokcDHgr6XBGU6.jpg,train,1.0000,0.401,
1286,2_962_jpg.rf.e5EVMZjU35dYZRvtLqQs.jpg,train,1.0000,0.401,
1287,2_965_jpg.rf.DMy5mwhtxzXlElQlEnMd.jpg,train,1.0000,0.401,
1288,2_96_jpg.rf.FpZXDMPO2zg9i2ROPQZe.jpg,train,1.0000,0.400,
1289,2_971_jpg.rf.RwLc3kdzOXfFQUp7TlCQ.jpg,train,1.0000,0.400,
1290,2_972_jpg.rf.z2CisZI0FRcgE4cL8CWl.jpg,train,1.0000,0.400,
1291,2_976_jpg.rf.ZL6hJDASfc7fiQHSZEo5.jpg,train,1.0000,0.402,
1292,2_977_jpg.rf.WPVMXn3alCIPYwDMe0Y2.jpg,train,1.0000,0.401,
1293,2_978_jpg.rf.0Ew5EGGliJMYOLZjIoo3.jpg,train,1.0000,0.401,
1294,2_985_jpg.rf.wbSJeLAZHf0A2uFiGtbo.jpg,train,1.0000,0.400,
1295,2_988_jpg.rf.NpB0Corg0zfNPqpGIlFF.jpg,train,1.0000,0.400,
1296,2_995_jpg.rf.NhxlTL2WfgPg1iNidjli.jpg,train,1.0000,0.401,
1297,3090-76_jpg.rf.Gqpy00xcrAiKler1iF6R.jpg,train,1.0000,0.401,
1298,339061953_orig_jpg.rf.7cEuklJzg7UxnamVnCZ4.jpg,train,1.0000,0.400,
1299,33921_medium_buskota_jpg.rf.qHHzvKAvUTFgrwepvnCj.jpg,train,1.0000,0.400,
1300,345_2532_jpg.rf.V42Hh7d6ZozuObwvBBRF.jpg,train,1.0000,0.400,
1301,36037303454_61d2a1e258_b_jpg.rf.pM525XmAEVv8oCoxgPC3.jpg,train,1.0000,0.401,
1302,380a09c86db812fb0fdb6cff86c477a6_jpg.rf.h3jaPmgj3rrD9KDDpAmL.jpg,train,1.0000,0.402,
1303,381000_2406796385471_544157989_n_jpg.rf.NDazsR8PyRZYw0uCIyDg.jpg,train,1.0000,0.408,
1304,4261621862_jpg.rf.MBJ7uKc7so71vAmcAy3A.jpg,train,1.0000,0.402,
1305,46966483_10217460955892048_106050568_jpg.rf.qSva0gNf3eFWelNaDHXi.jpg,train,1.0000,0.400,
1306,51786026_303_jpg.rf.OdbBeSHfxm8mgbpHQldI.jpg,train,1.0000,0.401,
1307,52ae17e56be11283d297b124bdf4c65c-1_jpg.rf.ekKpU0LD5cUFzOqjDuPT.jpg,train,1.0000,0.401,
1308,5fba3f3edd01a7189143f89d80efb5a8_jpg.rf.vB6WEEeJBifNsZIAr8id.jpg,train,1.0000,0.400,
1309,616269383_jpg.rf.auGAnZIY4knj6D1TBpOE.jpg,train,1.0000,0.400,
1310,636832352732222710-1405_jpg.rf.P2bQxzc7DxHxhGDGHUZE.jpg,train,1.0000,0.400,
1311,6684191573_bee7dbfb3b_b_jpg.rf.LK9okCyfBub0Rmjy2wAf.jpg,train,1.0000,0.402,
1312,6f97809c162a11a11a2d97b41fa0ac93_jpg.rf.38QJtvDzb91M0W1MdyGz.jpg,train,1.0000,0.400,
1313,70009039763021090500100_jpg.rf.4vJdFEJIqjrYZnvrYxfF.jpg,train,1.0000,0.400,
1314,78cbb800f39547482264de1748600fc3-1_jpg.rf.nDNqcc6MtuUH5FI8Df6B.jpg,train,1.0000,0.401,
1315,800px-FusoFighter2nd_jpg.rf.y32jrT4HIZqrjWK3ZZa9.jpg,train,1.0000,0.401,
1316,8817_jpg.rf.WGmuIVlyXTst1uAOxGjC.jpg,train,1.0000,0.400,
1317,891470400771_jpg.rf.XrBwWpeZB6m4k4Z1zHSW.jpg,train,1.0000,0.400,
1318,AIJ9PX6BsuqqhEPqhpS9jvYhel0GgB0rqD-S_jpg.rf.4lqhU9v48Ab4JjDCvoHy.jpg,train,1.0000,0.401,
1319,B-Britpave23223Index4_jpg.rf.jM670n8U0ZcnkpMOTRmD.jpg,train,1.0000,0.400,
1320,BUS-PATAS-INDONESIA_jpg.rf.E5LGkdvraux7zWRSI6bm.jpg,train,1.0000,0.401,
1321,B_lions_city_cng_jpg.rf.VE9b03G1CBCT0LDFbBtQ.jpg,train,1.0000,0.401,
1322,Bus-2BDamri-1_jpg.rf.ltmvXioCVJ5MqLog5eAG.jpg,train,1.0000,0.400,
1323,Bus-DAMRI-Samarinda_jpg.rf.Tpo3YmhkVCN4fSVP99Xb.jpg,train,1.0000,0.401,
1324,Bus-Damri-1-768x480_jpg.rf.bMhflYIgqS5IDfb7RIw1.jpg,train,1.0000,0.400,
1325,Bus-Damri-Bandara-Juanda-696x383_png.rf.HIDzyPK9rZbRUowg72mE.jpg,train,1.0000,0.400,
1326,Bus-Damri-Bandara-Kulon-Progo-YIA-10_jpg.rf.ekbQsNfg8YnyQDuZHfLd.jpg,train,1.0000,0.401,
1327,Bus-Damri-Palembang-1024x679_jpg.rf.HzJdIorP9QY0AiZsXgWH.jpg,train,1.0000,0.401,
1328,Bus-Damri-melayani-rute-Jayapura-Sar_jpg.rf.ldZoUP7NUjhD6CNtCbFo.jpg,train,1.0000,0.400,
1329,Bus-Station-Wallpaper-1080p_jpg.rf.ue4NjX7VFcRYYD6sSrTf.jpg,train,1.0000,0.403,
1330,Bus-lane-at-May-Street_jpg.rf.RH4HDN7GSnSSe4csJNCb.jpg,train,1.0000,0.401,
1331,City_sightseeing_buses_in_long_stree_jpg.rf.CaWoJupGxHSwOyaaviNA.jpg,train,1.0000,0.400,
1332,Cutting-Sticker-Truk-Canter-Kuning-K_jpg.rf.tm5C8zIugUW8RMJLkmSB.jpg,train,1.0000,0.401,
1333,Cutting-Sticker-gambar-printing-Truk_jpg.rf.OPcWQCY0ctkOvsGaMpgc.jpg,train,1.0000,0.401,
1334,Cutting-sticker-truck-canter-kuning-2_jpg.rf.vZnVLx3woSz4vWeDdrZo.jpg,train,1.0000,0.400,
1335,DAMRI-1-1_jpg.rf.0TFpmlAmDb1wVNCiCj58.jpg,train,1.0000,0.401,
1336,Damri-Bandara-2_jpg.rf.mSewHhFvRf9R5N3SSs3l.jpg,train,1.0000,0.400,
1337,Damri-I_jpg.rf.qjc0A5wrW7vQpfkUytxA.jpg,train,1.0000,0.400,
1338,Damri-Mojokerto-Juanda-Sudah-Beroper_jpg.rf.wRClQn2gdT6FJEW8JHlM.jpg,train,1.0000,0.400,
1339,Damri_Surabaya_Banyuwangi_jpg.rf.Ic5o6DSxv6R60skmVQao.jpg,train,1.0000,0.401,
1340,Double-Floor-Bus-in-London-wallpaper_jpg.rf.3i54UtSqXmUxZeHAs6Ub.jpg,train,1.0000,0.401,
1341,FB_IMG_1609407464673_jpg.rf.YLW0qrwZiHrBaT7Z1S2D.jpg,train,1.0000,0.400,
1342,Foto-2BBis-2BDAMRI-2BPhoenix-2BGX_jpg.rf.zwZFr3GuU4AsotrxKbj3.jpg,train,1.0000,0.401,
1343,Foto-bus-tampak-dari-luar_jpg.rf.udQ2cci0B4eflJXqeS4J.jpg,train,1.0000,0.400,
1344,Foto0007_jpg.rf.P3IMiuVzLb6wxtiXpIhJ.jpg,train,1.0000,0.401,
1345,FullSizeRender_3_jpg.rf.C8gs18SDzkxRfLrUovgC.jpg,train,1.0000,0.400,
1346,GO_Bus-1200_jpg.rf.SrLOezZqSIgPYSGuZgip.jpg,train,1.0000,0.400,
1347,Greyhound-bus-1_jpg.rf.RChfKTb4Cea3vn2KA0s8.jpg,train,1.0000,0.401,
1348,Hamim-2BMaulana_jpg.rf.fmCvAceGhlLF67dZTk2k.jpg,train,1.0000,0.400,
1349,IMG-20170508-WA0014_jpg.rf.94k7TMyOn0XnJ6ws1qgQ.jpg,train,1.0000,0.400,
1350,IMG00629-20120326-1451_jpg.rf.nC8clUTO5m9vNkY8WzfU.jpg,train,1.0000,0.401,
1351,IMG20160228172337_jpg.rf.qLfQ9kEx60WYwFnceTcN.jpg,train,1.0000,0.401,
1352,IMG20160718054152_jpg.rf.3UnEPh1cG8eomLQS7ZEW.jpg,train,1.0000,0.400,
1353,IMG20170328052734_jpg.rf.BjbvSkzuyybtrKsQvVgH.jpg,train,1.0000,0.400,
1354,IMG_20151023_053958_scaled_jpg.rf.1si2N8hCgx4yBcQRlnnG.jpg,train,1.0000,0.403,
1355,Impression-exterior-design-Arriva-Da_jpg.rf.GTOnr8Pog3xnU6ZSfTT1.jpg,train,1.0000,0.400,
1356,Ini-5-Bus-Angkutan-Umum-Termewah-di-_jpg.rf.7cebMQjujVpSqdQS4Xy6.jpg,train,1.0000,0.401,
1357,Jadwal-2BKeberangkatan-2BBus-2Bdamri_jpg.rf.5iJpfbmg0UdHKPwGeCC6.jpg,train,1.0000,0.400,
1358,L72A7236_jpg.rf.uicheCLUDSqD7ZEpAGRA.jpg,train,1.0000,0.400,
1359,MAN-A95-B-Line_jpg.rf.JtSMRO4B4wZ71jZ5BRhc.jpg,train,1.0000,0.401,
1360,Modifikasi-Truk-Ragasa_jpg.rf.GnG2glcbpmdCvNwUGWAv.jpg,train,1.0000,0.401,
1361,Modifikasi-cutting-sticker-truck-can_jpg.rf.sfEXRdsyRzOjMfQRp4Rc.jpg,train,1.0000,0.400,
1362,N73_VLW101_jpg.rf.HhyckIq1nJVijwcoClAX.jpg,train,1.0000,0.400,
1363,NINTCHDBPICT000346154006_jpg.rf.GhlTpmGB6iixkzWvwMEp.jpg,train,1.0000,0.400,
1364,New-Flyer-av-slider-a-4-1024x656_jpg.rf.JPHHvUI0JiIpX9vjFOS0.jpg,train,1.0000,0.400,
1365,PhotoPictureResizer_190706_193341020-1_jpg.rf.KImL1aKtFsHCOCrkClkL.jpg,train,1.0000,0.400,
1366,T92_png.rf.moB4WXNMH5z405cAYk3X.png,train,1.0000,0.401,
1367,Transjakarta-Bus_jpg.rf.7oCTQS3FnpD0Qgn9997d.jpg,train,1.0000,0.401,
1368,UKTS_Bus_Simulator_Indonesia_PC_jpg.rf.Yaq5cJbpNhoTT44ydIp3.jpg,train,1.0000,0.402,ya
1369,WhatsApp-2BImage-2B2017-07-26-2Bat-2-5_jpg.rf.a2DGHTRSo0XS9IJ58fjR.jpg,train,1.0000,0.401,
1370,WhatsApp-2BImage-2B2017-07-26-2Bat-2_jpg.rf.l0lqioAr4o0hYXWFBuW3.jpg,train,1.0000,0.401,
1371,a-man-walks-near-container-trucks-which-were-damaged-after-c_jpg.rf.053psgXpiZTb8V8fX2ms.jpg,train,1.0000,0.400,
1372,a-security-official-stands-near-an-oil-tanker-that-was-set-a_jpg.rf.13sd2JPaaDfxy1kYEcm8.jpg,train,1.0000,0.401,
1373,ac9bb600-271e-4345-8818-cce699384d6e_jpg.rf.Z1iIRwwrqtHkTe1A2l4b.jpg,train,1.0000,0.400,
1374,adl-enviro400h-with-bae-systems-seri_jpg.rf.gIHneHEnzNobXIUzo44O.jpg,train,1.0000,0.400,
1375,antarafoto-ekspor-bus-ke-bangladesh-_jpg.rf.QmZEY9Yfu3XbD2Sh7Z4x.jpg,train,1.0000,0.401,
1376,armada-bus-damri_jpg.rf.U1YWhvwnbar0OroiTYbe.jpg,train,1.0000,0.401,
1377,avg2_59x_01112020_jpg.rf.IyHQNQItpicn1CRqlOFz.jpg,train,1.0000,0.401,
1378,b3026ca24c27e4205677f61bb2b4e697_jpg.rf.rFaxmY3KmfeyetsINTTt.jpg,train,1.0000,0.401,
1379,b88a009c-f8b1-4b82-bfda-1a76f774cf52_jpg.rf.TstCDoPkMACPCUiM7uQJ.jpg,train,1.0000,0.401,
1380,bak-truk-2B-25283-2529_jpg.rf.iyHg3m3EyRWBWfVbVXaE.jpg,train,1.0000,0.401,
1381,bak-truk-subah-1_jpg.rf.5Kkvf2UK4b0bBIg2xjmY.jpg,train,1.0000,0.401,
1382,boarding-the-126-bus-in-hobjpeg-4bf5_jpg.rf.PjLvDpvso4Tfrxp3Vtue.jpg,train,1.0000,0.401,
1383,bs21-home-01_jpg.rf.PDcdFbf4I22ltvSI84M3.jpg,train,1.0000,0.401,
1384,bus-2Bdamri-2Bpariwisata-2B082272273_jpg.rf.5qSzpT6rd8fjH8QvRLhW.jpg,train,1.0000,0.400,
1385,bus-2Bdamri-2Bpariwisata1-2B08227227_jpg.rf.XcjTQ6LtVJx7tqrfR9qG.jpg,train,1.0000,0.401,
1386,bus-2Bdamri-2Bpariwisata3-2B08227227_jpg.rf.Mx0nBvaUngAbBQW4P4fw.jpg,train,1.0000,0.400,
1387,bus-2Bdamri-2Bpariwisata4-2B08227227_jpg.rf.2e8qo6Gj01IvOFGF6Sof.jpg,train,1.0000,0.403,
1388,bus-2Bdamri-2Bpariwisata5-2B08227227_jpg.rf.s1MhQ73L9gWddDk7MKPd.jpg,train,1.0000,0.401,
1389,bus-2Bdamri-2Bpariwisata51-2Bmedium-_jpg.rf.B6L1cQFxEPbXl4eTqBNV.jpg,train,1.0000,0.403,
1390,bus-2Bdamri_jpg.rf.EAXxm40i5Ys3opa50xJ5.jpg,train,1.0000,0.400,
1391,bus-damri-1-1_jpg.rf.x9dOLuelKlIPCnEG4TUm.jpg,train,1.0000,0.400,
1392,bus-damri-kota-bandung_jpg.rf.3m6XTFqqE2rIkrHLXIvb.jpg,train,1.0000,0.400,
1393,bus-premium-Ini-5-Daftar-Bus-Premium_jpg.rf.g9lhBcaaLf3WcVn1Pmur.jpg,train,1.0000,0.400,
1394,bus-shelter-clark-nexsen_jpg.rf.yeeQph2nRZrzajilZyYE.jpg,train,1.0000,0.401,
1395,bus-simulator-fi-1_jpg.rf.0YfpijHWtRl55Cj8jrIc.jpg,train,1.0000,0.400,ya
1396,bus-wisata2_jpg.rf.BmgIbDbFSkAlHYvdgU8A.jpg,train,1.0000,0.402,
1397,buz_jpg.rf.21QVpqL0Aj6kEPb6MhaB.jpg,train,1.0000,0.401,
1398,cf4a6eb92892cff4e6981617e10a017c-bu_jpg.rf.M5W6OoWuskKfKdQ4V8k7.jpg,train,1.0000,0.400,
1399,chl-64t0213zbko1ajdvw5b9original_jpg.rf.Nm3sa7XRlA5cRbtu4B92.jpg,train,1.0000,0.402,
1400,content_Pyongyang_Trolley-bus_-Choll_jpg.rf.lD3Wdjft6w7cAEFQR2Nj.jpg,train,1.0000,0.400,
1401,crossway-2-1282_jpg.rf.q0on6GzpafXxsJpF681u.jpg,train,1.0000,0.401,
1402,cutting-sticker-truck-canter-bak-ung_jpg.rf.CJCMSP8ciTgpufiflgV6.jpg,train,1.0000,0.401,
1403,dam_jpg.rf.8O2xkrPGfH1jT5xDv4LT.jpg,train,1.0000,0.400,
1404,damri-2BT2-2BJuanda-2B-25283-2529_jpg.rf.WqKTQ037EpPXSgBRnNGJ.jpg,train,1.0000,0.403,
1405,damri-696x391_jpg.rf.hUZpT2VoaC17N5QwmVhS.jpg,train,1.0000,0.400,
1406,damri-768x434_jpg.rf.rVzaQoewkDH69rM4eYB1.jpg,train,1.0000,0.400,
1407,damri-di-stasiun-lrt_jpg.rf.KobLRSZjQ6n63Adq2IPg.jpg,train,1.0000,0.401,
1408,dscn8590_9-25-2012_jpg.rf.ulI9g4e1lirwE6YK5G4N.jpg,train,1.0000,0.401,
1409,gol2_14_jpg.rf.NtrQQKf6G7OITHPM9bVV.jpg,train,1.0000,0.401,
1410,gol2_15_jpg.rf.hxdGMeEIIcqZlDnot8Qi.jpg,train,1.0000,0.400,
1411,gol2_18_jpg.rf.MC6XwxWda47SN6t55ckf.jpg,train,1.0000,0.400,
1412,gol2_25_jpg.rf.MYu4T5pRv3BtKd83tOGl.jpg,train,1.0000,0.400,
1413,gol2_28_jpg.rf.m0EsH1BwBz5OiFnb0lUX.jpg,train,1.0000,0.400,
1414,gol2_31_jpg.rf.kVbdYrKgjTua9soOxqMQ.jpg,train,1.0000,0.400,
1415,gol2_33_jpg.rf.5aR5MVaYVQWDVnUiGNFH.jpg,train,1.0000,0.400,
1416,gol2_38_jpg.rf.Y1egQSDzjOGvPWkS0xIb.jpg,train,1.0000,0.401,
1417,gol2_44_jpg.rf.QgqVSf4uTHUxuJ2y8iwh.jpg,train,1.0000,0.400,
1418,gol2_47_jpg.rf.5Dxr2B9lsPkZrUIYNAAK.jpg,train,1.0000,0.400,
1419,gol2_49_jpg.rf.K8z5AWjP5dzhBW7KUl9b.jpg,train,1.0000,0.400,
1420,gol2_4_jpg.rf.6Wy0Zw2ToCsi0BaT19l7.jpg,train,1.0000,0.402,
1421,gol2_66_jpg.rf.ntMlcr5gbyTxKPVnd3lg.jpg,train,1.0000,0.400,
1422,gol2_68_jpg.rf.Cz96G4XpATJFfZ7wmo8y.jpg,train,1.0000,0.401,
1423,gol2_8_jpg.rf.2gRcjnD05MwAyxASfWxN.jpg,train,1.0000,0.402,
1424,img20171128141346_jpg.rf.BX1YGze5DJWDEKI1wFUK.jpg,train,1.0000,0.400,
1425,jadwal-damri-bandara-merak_jpg.rf.zmOmYERVPCEhlXGv2eQQ.jpg,train,1.0000,0.400,
1426,jadwal-damri-brebes-jakarta-630x380_jpg.rf.HvfwMq8NcqIM2RiQLDYE.jpg,train,1.0000,0.400,
1427,jadwal-damri-gambir-simpang-randu_jpg.rf.m3UtaPFz2L3zRDOe4970.jpg,train,1.0000,0.401,
1428,modifikasi-2Btruk-2Bcanter-2Bterbaru_jpg.rf.OhxRgY4Qu2mHGh8JooSm.jpg,train,1.0000,0.400,
1429,old-private-mitsubishi-fuso-dump-tru-2_jpg.rf.ZxZTXdPDTxuQxVVUPCOV.jpg,train,1.0000,0.401,
1430,truk-2Bsawit-2Boleng_jpg.rf.OJ6YEJbmXHgAcA32iSvk.jpg,train,1.0000,0.400,
1431,2018_07_16_49373_1531739307-_large_jpg.rf.pDPvRxaSSVvnMw0Aksc1.jpg,valid,1.0000,0.400,
1432,202010295584564_jpg.rf.mj2mCdbtX3oUJnhN9iL0.jpg,valid,1.0000,0.400,
1433,202011206323102_jpg.rf.IQ6GeUPRkBcyVJ04OFs6.jpg,valid,1.0000,0.400,
1434,202012096922082_jpg.rf.9cpKxP1kpezlLOXRHrnP.jpg,valid,1.0000,0.401,
1435,202012096936189_jpg.rf.Neg46p88HJnGCPFtpjUZ.jpg,valid,1.0000,0.400,
1436,202101268351623_jpg.rf.UQBaAl0ZkEh1hlNT9CAY.jpg,valid,1.0000,0.400,
1437,202101268371469_jpg.rf.L2xtk4HDxX3ZSGMd14nS.jpg,valid,1.0000,0.400,
1438,202102038642647_jpg.rf.X1sXB5VO5Zbbh15O6Gqc.jpg,valid,1.0000,0.401,
1439,202102038646744_jpg.rf.JQ1CLbBa3hvw3aka8Agy.jpg,valid,1.0000,0.402,
1440,202102038667486_jpg.rf.TWCm1xRYAQ92JRbqaqfu.jpg,valid,1.0000,0.402,
1441,202102048687441_jpg.rf.bXLuffdrRPxT90C7b8tH.jpg,valid,1.0000,0.402,
1442,202103089871151_jpg.rf.WNpuBixwshZ6VLJ3a9yg.jpg,valid,1.0000,0.401,
1443,202103089885056_jpg.rf.LOmCNeYThNb0VziUODuu.jpg,valid,1.0000,0.401,
1444,202103170257043_jpg.rf.DkSyR1sUno5NqMLS4Iyw.jpg,valid,1.0000,0.401,
1445,202103170271873_jpg.rf.qDFtJDIg7O5DROsCRnd7.jpg,valid,1.0000,0.402,
1446,202103260609081_jpg.rf.KZivLLjgpFfbbt62MLAL.jpg,valid,1.0000,0.401,
1447,202103310811847_jpg.rf.fdpvvxmnmwaDjbKfaJbr.jpg,valid,1.0000,0.401,
1448,202104081122225_jpg.rf.txtVyeWvwFW58jYriPCB.jpg,valid,1.0000,0.400,
1449,202104171481792_jpg.rf.5ET2HMHl0U6VU71RRunH.jpg,valid,1.0000,0.401,
1450,202104211628852_jpg.rf.7JS4VgrRoxiNos5sW1wE.jpg,valid,1.0000,0.400,
1451,Cutting-Sticker-Truck-Canter-Hijau-T-1_jpg.rf.zjCjaQiYdPp8zRHLlJMm.jpg,valid,1.0000,0.400,
1452,Cutting-Sticker-Truck-Canter-Hijau-T_jpg.rf.5A9w10zhbIKiA1r088DP.jpg,valid,1.0000,0.401,
1453,Cutting-Sticker-Truk-Canter-Variasi-1_jpg.rf.r7GFTol7QHfzcPQabQCZ.jpg,valid,1.0000,0.400,
1454,DAMRI-1_jpg.rf.AT7bV1prNajcmJp7ePpw.jpg,valid,1.0000,0.400,
1455,Image_013269_jpg.rf.SlMjZOcx99fq1OzJcrQq.jpg,valid,1.0000,0.401,
1456,Image_013374_jpg.rf.K2CPRmQYxtivrDYKZvQj.jpg,valid,1.0000,0.401,
1457,Mitsubishi-Fuso_mp36_pic_105514_jpg.rf.r5TNIr0jqlPtZh2CMxW5.jpg,valid,1.0000,0.400,
1458,autonomous-bus-4_jpg.rf.JwKnI1PCeHbjnBB6rvzE.jpg,valid,1.0000,0.402,
1459,bus-damri-7_jpg.rf.tKAWw1e6rqRnsJ2Dorz8.jpg,valid,1.0000,0.400,
1460,bus-damri_jpg.rf.RPT3dlxzK02cZLU8R9wL.jpg,valid,1.0000,0.401,
1461,damri-10_jpg.rf.sxIg1A90EaF9eOinkmzc.jpg,valid,1.0000,0.401,
1462,gol5_15_jpg.rf.F0IENsJ3WF3bqABqJA4x.jpg,valid,1.0000,0.404,
1463,gol5_17_jpg.rf.MhpcYxouYNjSL00BiG5V.jpg,valid,1.0000,0.400,
1464,gol5_19_jpg.rf.550WDGKtEVS8YIGz7mBL.jpg,valid,1.0000,0.400,
1465,gol5_27_jpg.rf.3pMGpMNJpVUoc7DmiIWc.jpg,valid,1.0000,0.400,
1466,gol5_41_jpg.rf.CKWAY1Cp7kDM47AAxwlS.jpg,valid,1.0000,0.400,
1467,gol5_44_jpg.rf.MH4oTJNqOd3AiqedERbE.jpg,valid,1.0000,0.401,
1468,gol5_51_jpg.rf.bEi9Wm5zwYPYnosJxLvf.jpg,valid,1.0000,0.401,
1469,gol5_54_jpg.rf.qylCd97kFARS8AwwtW2x.jpg,valid,1.0000,0.400,
1470,gol5_57_jpg.rf.0DzcmYXYPqsS8KrO855z.jpg,valid,1.0000,0.401,
1471,gol5_59_jpg.rf.XShF1TrjR0IN8bZSpg6o.jpg,valid,1.0000,0.400,
1472,gol5_63_jpg.rf.8LT0CnbJfzMiIJtTdqXv.jpg,valid,1.0000,0.400,
1473,gol5_64_jpg.rf.QZSd4gmiQ2eKywRU65fs.jpg,valid,1.0000,0.400,
1474,gol5_65_jpg.rf.2DLgRlyffboOgR4neqyP.jpg,valid,1.0000,0.401,
1475,gol5_66_jpg.rf.qy6pHDnwqx5aEdHIH8MS.jpg,valid,1.0000,0.401,
1476,gol5_67_jpg.rf.gyIeQFRlfN710Ri71igI.jpg,valid,1.0000,0.403,
1477,images_890_jpg.rf.v1ASuHDolrZud2ieHR86.jpg,valid,1.0000,0.401,
1478,1-1_jpg.rf.dccCthVttEtDYGpWa56D.jpg,test,1.0000,0.401,
1479,101_2257_jpg.rf.aHGbZRugV1vknghARKLe.jpg,test,1.0000,0.400,
1480,101_2265_jpg.rf.ic06sdv1YV1zRMcxMC61.jpg,test,1.0000,0.401,
1481,101_2281_jpg.rf.0vhB8rx1VydlzpMTug9i.jpg,test,1.0000,0.400,
1482,202102179161742_jpg.rf.Xm0Ye5i4jhrAQZjlPziB.jpg,test,1.0000,0.400,
1483,202103190329782_jpg.rf.MyJaeNdadLEIhKZICcL4.jpg,test,1.0000,0.403,
1484,202104071074832_jpg.rf.tQL17FJ2lCvhwQLpl3Us.jpg,test,1.0000,0.401,
1485,202104091171569_jpg.rf.smngu7dqFmIRQ241a0hX.jpg,test,1.0000,0.400,
1486,202104091187351_jpg.rf.ZHmWibbj93jc4agcJ1SI.jpg,test,1.0000,0.401,
1487,202104121258726_jpg.rf.BJbLlwt8olIRXeu27hWw.jpg,test,1.0000,0.401,
1488,202104121268333_jpg.rf.dr7e7oY1VWx54v9bFj5I.jpg,test,1.0000,0.403,
1489,202104141335173_jpg.rf.Kzr7OhT17cyxkKqGznqG.jpg,test,1.0000,0.401,
1490,202104161432578_jpg.rf.y8Vto6hg9MvOW5sdHNRI.jpg,test,1.0000,0.401,
1491,202104161438831_jpg.rf.RIHBUHqMclMqnVFtu2vG.jpg,test,1.0000,0.401,
1492,202104191560405_jpg.rf.7xztvjfyt1UdITEpBAl2.jpg,test,1.0000,0.400,
1493,202104191566023_jpg.rf.8ejUalPK2mLVesoKQhH3.jpg,test,1.0000,0.400,
1494,Bus-Damri-2_jpg.rf.55yYIy8dsbwrsmA8Q3Gp.jpg,test,1.0000,0.401,
1495,Bus-Damri-4_jpg.rf.Us3mR0EfPuG114bBtose.jpg,test,1.0000,0.400,
1496,IMG_5063_jpg.rf.oiswi2dhWpR3CpHFE9PP.jpg,test,1.0000,0.400,
1497,bak-2Btruk-2Bwarna-2Bkuning-2Bmerah-1_jpg.rf.ul3RLYcG3syaReQONs1x.jpg,test,1.0000,0.400,
1498,gol3_26_jpg.rf.rQkMGEQx4mWrjI3f9m7F.jpg,test,1.0000,0.401,
1499,gol4_10_jpg.rf.K94f7fV20YKgCbCFsHds.jpg,test,1.0000,0.401,
1500,gol4_1_jpg.rf.OQZytCSV5xAim9oUrW1j.jpg,test,1.0000,0.400,
1501,gol4_2_jpg.rf.IOzTG9InsjWhhCzMw2WQ.jpg,test,1.0000,0.400,
1502,gol4_3_jpg.rf.isdTfKihT4QL8ljoyLu2.jpg,test,1.0000,0.400,
1503,2011-03-03-037_jpg.rf.ev6xb8Np8ZR6WtnVoTke.jpg,train,2.0000,0.400,
1504,202012086910997_jpg.rf.DeSRza5VF13oiQBVuFpc.jpg,train,2.0000,0.400,
1505,2_102_jpg.rf.sltke6JF6W7xeFogTIqj.jpg,train,2.0000,0.401,
1506,2_105_jpg.rf.Advpu4A2SRTzPOcCmkDT.jpg,train,2.0000,0.401,
1507,2_135_jpg.rf.1IV036L9nRSrhPRaJr8W.jpg,train,2.0000,0.400,
1508,2_146_jpg.rf.qvIKuI1XjzGKvQaT7N6B.jpg,train,2.0000,0.400,
1509,2_151_jpg.rf.Hw6PbJpF0Cn2jhKXSi8O.jpg,train,2.0000,0.400,
1510,2_209_jpg.rf.l2sNAS39JCLhLHNaEmop.jpg,train,2.0000,0.401,
1511,2_232_jpg.rf.j6FcDiiXN0EKNr0TpiWz.jpg,train,2.0000,0.400,
1512,2_234_jpg.rf.q8zub41OkKheps1XyOR4.jpg,train,2.0000,0.401,
1513,2_237_jpg.rf.dIf2L73SDNFis04B6ZsI.jpg,train,2.0000,0.400,
1514,2_245_jpg.rf.qFnHHOJak1Yh8yj6LiAJ.jpg,train,2.0000,0.400,
1515,2_248_jpg.rf.LF7WpZ7pCW6BrBGnldg4.jpg,train,2.0000,0.402,
1516,2_258_jpg.rf.Ahqe8QAyjD6RtugBW64o.jpg,train,2.0000,0.401,
1517,2_274_jpg.rf.ZpgNNSMP2c7YV3MTTxFC.jpg,train,2.0000,0.400,
1518,2_293_jpg.rf.ECLIAZRDWDowpKXN1C7S.jpg,train,2.0000,0.400,
1519,2_29_jpg.rf.lHsW66QhGvB7hBD9Uw4g.jpg,train,2.0000,0.400,
1520,2_322_jpg.rf.dDUCT7PnSZZfdMMRyoK3.jpg,train,2.0000,0.402,
1521,2_335_jpg.rf.iNeCRPMdCTTDQLwJFbyQ.jpg,train,2.0000,0.401,
1522,2_348_jpg.rf.RUNYcNY4bwHSzu8IuMGN.jpg,train,2.0000,0.400,
1523,2_357_jpg.rf.ZmQQ7e7Zs658lpZ4YS7g.jpg,train,2.0000,0.401,
1524,2_379_jpg.rf.cWunhFe6Aea8LsRLefho.jpg,train,2.0000,0.400,
1525,2_386_jpg.rf.elBJA3FdPNU7PovKujhB.jpg,train,2.0000,0.400,
1526,2_391_jpg.rf.bEA5I2ZLzKSf7ZD2EU3j.jpg,train,2.0000,0.400,
1527,2_39_jpg.rf.Cwubr8tCOZxQxWrVNzij.jpg,train,2.0000,0.400,
1528,2_412_jpg.rf.iNsO1VChXh4qzFX4KWMA.jpg,train,2.0000,0.400,
1529,2_418_jpg.rf.8TjhgAK1eLMSpibXjYgq.jpg,train,2.0000,0.400,
1530,2_423_jpg.rf.36VuXqm9wmCSMOWYV0BS.jpg,train,2.0000,0.400,
1531,2_427_jpg.rf.3OZEQI9NNeQANC891CGD.jpg,train,2.0000,0.400,
1532,2_441_jpg.rf.9K5HqJHFeCARrPAFnZPk.jpg,train,2.0000,0.400,
1533,2_442_jpg.rf.OJb26OOVvPcoqYjfd448.jpg,train,2.0000,0.400,
1534,2_487_jpg.rf.QTmzXPiYKNuQgPqqOLEx.jpg,train,2.0000,0.400,
1535,2_514_jpg.rf.qXBycdbC6S3qY09tyV7W.jpg,train,2.0000,0.401,
1536,2_57_jpg.rf.47UVZFlwrYEmpPjZ6SJ7.jpg,train,2.0000,0.401,
1537,2_585_jpg.rf.spJGzEoXJGNrKekpr6G6.jpg,train,2.0000,0.400,
1538,2_598_jpg.rf.f4X6PrLKNFqQJBGtO22W.jpg,train,2.0000,0.401,
1539,2_607_jpg.rf.7eBklw2gTd2kO7wPNjdS.jpg,train,2.0000,0.400,
1540,2_60_jpg.rf.d1e2P3PCWyQkWB1zSBKh.jpg,train,2.0000,0.400,
1541,2_633_jpg.rf.wOynuZi4cdCmQm31zR2B.jpg,train,2.0000,0.400,
1542,2_634_jpg.rf.SnX3Iqk1thYpgyR4sSCj.jpg,train,2.0000,0.400,
1543,2_664_jpg.rf.AvtVv7MI5zYMzuGbs422.jpg,train,2.0000,0.400,
1544,2_680_jpg.rf.nVK9qsgrCzrvV3PtcVrj.jpg,train,2.0000,0.402,
1545,2_688_jpg.rf.BwSOiCxIA2LW6t46hyMq.jpg,train,2.0000,0.400,
1546,2_714_jpg.rf.Hr64gvBVujwwGjFmO8pd.jpg,train,2.0000,0.400,
1547,2_728_jpg.rf.coWIw6qsaJtfp786rwHM.jpg,train,2.0000,0.401,
1548,2_734_jpg.rf.yd3HkZSYRfzW3QJr456l.jpg,train,2.0000,0.401,
1549,2_741_jpg.rf.ZRwJmDug7TKaVgwebdfT.jpg,train,2.0000,0.400,
1550,2_742_jpg.rf.GMzezRafUKyJC3ld7FVG.jpg,train,2.0000,0.401,
1551,2_794_jpg.rf.t3OFuRK3ssVChfBDN18B.jpg,train,2.0000,0.401,
1552,2_831_jpg.rf.GF7yv7VLAx1viJK6doYx.jpg,train,2.0000,0.400,
1553,2_833_jpg.rf.uvT2ZOCZTh5hEIUvWlVW.jpg,train,2.0000,0.400,
1554,2_895_jpg.rf.XIfJsJR1niH8jjkzVWHN.jpg,train,2.0000,0.400,
1555,2_902_jpg.rf.Cv99a3P0nkQQwGCrvJGU.jpg,train,2.0000,0.400,
1556,2_929_jpg.rf.MauQFKm9mdUsUEht1oro.jpg,train,2.0000,0.401,
1557,2_941_jpg.rf.g9AoGb49dEwTtYqmRhsX.jpg,train,2.0000,0.401,
1558,2_967_jpg.rf.PxUf0zQvWIxUF3Ork1LT.jpg,train,2.0000,0.400,
1559,2_983_jpg.rf.O53hb0c6bZHLr6znZSak.jpg,train,2.0000,0.401,
1560,3576683_20150827120529_jpg.rf.ztURmVsIDzKmGutr7WKn.jpg,train,2.0000,0.401,
1561,93a6b99f1e1303ca8e497fc8f2d88957_jpg.rf.mzVTWj0ABk5XqTC5d2QJ.jpg,train,2.0000,0.400,
1562,Bus-Damri-Trans-Mataram-widiodono_b_jpg.rf.EjwkAQ92Xia3iJ8Voxns.jpg,train,2.0000,0.400,
1563,YIYzEUhXWShtyxR-1600x900-noPad_jpg.rf.Hb2mDhfpow5EP2sMa4M2.jpg,train,2.0000,0.400,
1564,ZhongTong_jpg.rf.rJM92w5Hz2Gpilu1mEeu.jpg,train,2.0000,0.400,
1565,gol2_11_jpg.rf.XrzuzIPLCLxYaQwIHR8a.jpg,train,2.0000,0.400,
1566,gol2_17_jpg.rf.Ll71pVtTW6HlzV5auEcA.jpg,train,2.0000,0.400,
1567,gol2_26_jpg.rf.ETWsxnIwUyBHp2Wga8Mp.jpg,train,2.0000,0.400,
1568,gol2_27_jpg.rf.fLIyuKSaled4Nxe59GwI.jpg,train,2.0000,0.400,
1569,gol2_43_jpg.rf.h39lyIBHHhDRKei0N8Iv.jpg,train,2.0000,0.400,
1570,gol2_62_jpg.rf.tzrC0joEvyTaLOeATpYB.jpg,train,2.0000,0.400,
1571,gol2_63_jpg.rf.OT4WrzpKOsXBgt1QFeeA.jpg,train,2.0000,0.401,
1572,modifikasi-2Bbak-2Btruk-2Bcanter_jpg.rf.h9TCbZ4z4gubZnsFL2bz.jpg,train,2.0000,0.400,
1573,202101087761540_jpg.rf.u4MNu1jAgd1kd99mzXon.jpg,valid,2.0000,0.400,
1574,202103220442866_jpg.rf.V1tLW5HlNxsv7oAf4uIj.jpg,valid,2.0000,0.400,
1575,damri-3_jpg.rf.eXxIWJptdhuaw2q9N7S9.jpg,valid,2.0000,0.401,
1576,gol5_36_jpg.rf.aSBv0eSVA8AFdWjoXdMr.jpg,valid,2.0000,0.400,
1577,1_1_jpg.rf.SZ7yetOhQSShmXal2O1J.jpg,test,2.0000,0.401,
1578,bak-2Btruk-2Bwarna-2Bkuning-2Bmerah-3_jpg.rf.gwKMQ2XzaP9fFuUfZ2ik.jpg,test,2.0000,0.400,
1579,-_57_jpg.rf.Rl9E7Xo7wPDCwMA6Kmyw.jpg,train,3.0000,0.400,
1580,2_323_jpg.rf.BpmQqO6I6jDSCIU6rw8J.jpg,train,3.0000,0.400,
1581,2_361_jpg.rf.yrbp6z1VUwzLy2hPqalP.jpg,train,3.0000,0.400,
1582,2_469_jpg.rf.2cSjT9Cn6h0SWf1RYpnL.jpg,train,3.0000,0.400,
1583,2_631_jpg.rf.ynvggIcXoSD4KB9Sp2Gq.jpg,train,3.0000,0.400,
1584,2_645_jpg.rf.J8qXn9sZ4zpA456PLgFL.jpg,train,3.0000,0.400,
1585,2_762_jpg.rf.FE0WIecEtS3BmXkbPs79.jpg,train,3.0000,0.400,
1586,2_797_jpg.rf.eikbbuRzfmU53YSvBcDe.jpg,train,3.0000,0.403,
1587,2_83_jpg.rf.jAEayBr7FxdjPjRarYMo.jpg,train,3.0000,0.400,
1588,2_865_jpg.rf.zSORo0A9djWgcWh6upUT.jpg,train,3.0000,0.401,
1589,2_970_jpg.rf.8V5azG7E1jDGqXkNYFCC.jpg,train,3.0000,0.400,
1590,gol2_21_jpg.rf.vdXODALCSA5AZE1iGihj.jpg,train,3.0000,0.400,
1591,gol2_29_jpg.rf.WOobQZ1hneAwWXgRKvAb.jpg,train,3.0000,0.400,
1592,gol5_68_jpg.rf.9p4e9JcG1YRfNl4Cwr7J.jpg,valid,3.0000,0.401,
1593,2_499_jpg.rf.coF8LMdnQYZ1mRVlNFtL.jpg,train,4.0000,0.400,
1594,gol5_26_jpg.rf.cb0WjVEdrC16R703KUem.jpg,valid,4.0000,0.400,
1595,gol5_38_jpg.rf.70RVTPo7uWe6ASGsiWLW.jpg,valid,4.0000,0.400,
1596,2_256_jpg.rf.JCbVFDUe4FEJPpaGUHhH.jpg,train,5.0000,0.400,
1597,2_259_jpg.rf.Rbip20Qy94ekgwGUn12i.jpg,train,8.0000,0.400,
