{
  "images": 338,
  "M": 2600,
  "tau_main": 0.25,
  "coverage": 0.9684615384615385,
  "cm_mean": 0.5483519434928894,
  "cm_median": 0.6658959984779358,
  "cm_p10": 0.020108511671423912,
  "taus": {
    "0.05": {
      "DR": 0.97,
      "miss_frac": 0.1523076923076923,
      "dup_frac": 0.11307692307692307
    },
    "0.1": {
      "DR": 0.8938461538461538,
      "miss_frac": 0.18576923076923077,
      "dup_frac": 0.07769230769230769
    },
    "0.15": {
      "DR": 0.8465384615384616,
      "miss_frac": 0.21,
      "dup_frac": 0.05615384615384615
    },
    "0.2": {
      "DR": 0.8126923076923077,
      "miss_frac": 0.2326923076923077,
      "dup_frac": 0.045
    },
    "0.25": {
      "DR": 0.7780769230769231,
      "miss_frac": 0.25653846153846155,
      "dup_frac": 0.03461538461538462
    },
    "0.3": {
      "DR": 0.7526923076923077,
      "miss_frac": 0.2765384615384615,
      "dup_frac": 0.02923076923076923
    },
    "0.4": {
      "DR": 0.6915384615384615,
      "miss_frac": 0.3280769230769231,
      "dup_frac": 0.019615384615384614
    },
    "0.5": {
      "DR": 0.6311538461538462,
      "miss_frac": 0.3811538461538462,
      "dup_frac": 0.012307692307692308
    },
    "0.6": {
      "DR": 0.5684615384615385,
      "miss_frac": 0.43538461538461537,
      "dup_frac": 0.0038461538461538464
    },
    "0.7": {
      "DR": 0.4869230769230769,
      "miss_frac": 0.5138461538461538,
      "dup_frac": 0.0007692307692307692
    },
    "0.8": {
      "DR": 0.35423076923076924,
      "miss_frac": 0.6465384615384615,
      "dup_frac": 0.0007692307692307692
    },
    "0.9": {
      "DR": 0.15269230769230768,
      "miss_frac": 0.8480769230769231,
      "dup_frac": 0.0007692307692307692
    }
  },
  "DR": 0.7780769230769231,
  "miss_frac": 0.25653846153846155,
  "dup_frac": 0.03461538461538462
}