{
  "images": 338,
  "M": 2600,
  "tau_main": 0.25,
  "coverage": 0.9657692307692308,
  "cm_mean": 0.5056514739990234,
  "cm_median": 0.5868827104568481,
  "cm_p10": 0.003949217963963747,
  "taus": {
    "0.05": {
      "DR": 0.936923076923077,
      "miss_frac": 0.21192307692307694,
      "dup_frac": 0.1326923076923077
    },
    "0.1": {
      "DR": 0.8484615384615385,
      "miss_frac": 0.24846153846153846,
      "dup_frac": 0.09153846153846154
    },
    "0.15": {
      "DR": 0.7976923076923077,
      "miss_frac": 0.2742307692307692,
      "dup_frac": 0.06961538461538462
    },
    "0.2": {
      "DR": 0.7542307692307693,
      "miss_frac": 0.30153846153846153,
      "dup_frac": 0.054615384615384614
    },
    "0.25": {
      "DR": 0.7203846153846154,
      "miss_frac": 0.32076923076923075,
      "dup_frac": 0.040769230769230766
    },
    "0.3": {
      "DR": 0.691923076923077,
      "miss_frac": 0.34192307692307694,
      "dup_frac": 0.033846153846153845
    },
    "0.4": {
      "DR": 0.6419230769230769,
      "miss_frac": 0.37884615384615383,
      "dup_frac": 0.02076923076923077
    },
    "0.5": {
      "DR": 0.5815384615384616,
      "miss_frac": 0.42615384615384616,
      "dup_frac": 0.007692307692307693
    },
    "0.6": {
      "DR": 0.5219230769230769,
      "miss_frac": 0.48307692307692307,
      "dup_frac": 0.005
    },
    "0.7": {
      "DR": 0.44846153846153847,
      "miss_frac": 0.5534615384615384,
      "dup_frac": 0.0019230769230769232
    },
    "0.8": {
      "DR": 0.35192307692307695,
      "miss_frac": 0.6480769230769231,
      "dup_frac": 0.0
    },
    "0.9": {
      "DR": 0.16230769230769232,
      "miss_frac": 0.8376923076923077,
      "dup_frac": 0.0
    }
  },
  "DR": 0.7203846153846154,
  "miss_frac": 0.32076923076923075,
  "dup_frac": 0.040769230769230766
}