{
  "images": 338,
  "M": 2600,
  "tau_main": 0.25,
  "coverage": 0.9723076923076923,
  "cm_mean": 0.5933230519294739,
  "cm_median": 0.7360383868217468,
  "cm_p10": 0.026773640885949135,
  "taus": {
    "0.05": {
      "DR": 1.0453846153846154,
      "miss_frac": 0.12923076923076923,
      "dup_frac": 0.1580769230769231
    },
    "0.1": {
      "DR": 0.9615384615384616,
      "miss_frac": 0.15576923076923077,
      "dup_frac": 0.10923076923076923
    },
    "0.15": {
      "DR": 0.9030769230769231,
      "miss_frac": 0.17961538461538462,
      "dup_frac": 0.08076923076923077
    },
    "0.2": {
      "DR": 0.8615384615384616,
      "miss_frac": 0.2,
      "dup_frac": 0.06076923076923077
    },
    "0.25": {
      "DR": 0.8246153846153846,
      "miss_frac": 0.22153846153846155,
      "dup_frac": 0.04576923076923077
    },
    "0.3": {
      "DR": 0.7957692307692308,
      "miss_frac": 0.2376923076923077,
      "dup_frac": 0.03307692307692308
    },
    "0.4": {
      "DR": 0.7403846153846154,
      "miss_frac": 0.2784615384615385,
      "dup_frac": 0.018846153846153846
    },
    "0.5": {
      "DR": 0.6884615384615385,
      "miss_frac": 0.3211538461538462,
      "dup_frac": 0.009615384615384616
    },
    "0.6": {
      "DR": 0.63,
      "miss_frac": 0.37423076923076926,
      "dup_frac": 0.004230769230769231
    },
    "0.7": {
      "DR": 0.56,
      "miss_frac": 0.4411538461538462,
      "dup_frac": 0.001153846153846154
    },
    "0.8": {
      "DR": 0.4576923076923077,
      "miss_frac": 0.5423076923076923,
      "dup_frac": 0.0
    },
    "0.9": {
      "DR": 0.24115384615384616,
      "miss_frac": 0.7588461538461538,
      "dup_frac": 0.0
    }
  },
  "DR": 0.8246153846153846,
  "miss_frac": 0.22153846153846155,
  "dup_frac": 0.04576923076923077
}