{
  "images": 338,
  "M": 2600,
  "tau_main": 0.25,
  "coverage": 0.9553846153846154,
  "cm_mean": 0.5241063833236694,
  "cm_median": 0.6166335344314575,
  "cm_p10": 0.006328856572508812,
  "taus": {
    "0.05": {
      "DR": 0.9773076923076923,
      "miss_frac": 0.1996153846153846,
      "dup_frac": 0.15653846153846154
    },
    "0.1": {
      "DR": 0.9007692307692308,
      "miss_frac": 0.22653846153846155,
      "dup_frac": 0.11846153846153847
    },
    "0.15": {
      "DR": 0.8488461538461538,
      "miss_frac": 0.2469230769230769,
      "dup_frac": 0.09
    },
    "0.2": {
      "DR": 0.7973076923076923,
      "miss_frac": 0.27307692307692305,
      "dup_frac": 0.06769230769230769
    },
    "0.25": {
      "DR": 0.7611538461538462,
      "miss_frac": 0.2926923076923077,
      "dup_frac": 0.052307692307692305
    },
    "0.3": {
      "DR": 0.7242307692307692,
      "miss_frac": 0.3173076923076923,
      "dup_frac": 0.04038461538461539
    },
    "0.4": {
      "DR": 0.6680769230769231,
      "miss_frac": 0.35384615384615387,
      "dup_frac": 0.021538461538461538
    },
    "0.5": {
      "DR": 0.6019230769230769,
      "miss_frac": 0.40807692307692306,
      "dup_frac": 0.01
    },
    "0.6": {
      "DR": 0.5407692307692308,
      "miss_frac": 0.4626923076923077,
      "dup_frac": 0.0034615384615384616
    },
    "0.7": {
      "DR": 0.4673076923076923,
      "miss_frac": 0.5342307692307692,
      "dup_frac": 0.0015384615384615385
    },
    "0.8": {
      "DR": 0.37153846153846154,
      "miss_frac": 0.6288461538461538,
      "dup_frac": 0.0003846153846153846
    },
    "0.9": {
      "DR": 0.1673076923076923,
      "miss_frac": 0.8326923076923077,
      "dup_frac": 0.0
    }
  },
  "DR": 0.7611538461538462,
  "miss_frac": 0.2926923076923077,
  "dup_frac": 0.052307692307692305
}