{
  "images": 338,
  "M": 2600,
  "tau_main": 0.25,
  "coverage": 0.9665384615384616,
  "cm_mean": 0.5793727040290833,
  "cm_median": 0.7156173586845398,
  "cm_p10": 0.014861486852169037,
  "taus": {
    "0.05": {
      "DR": 1.0223076923076924,
      "miss_frac": 0.15576923076923077,
      "dup_frac": 0.15538461538461537
    },
    "0.1": {
      "DR": 0.9492307692307692,
      "miss_frac": 0.18269230769230768,
      "dup_frac": 0.12153846153846154
    },
    "0.15": {
      "DR": 0.9030769230769231,
      "miss_frac": 0.20076923076923076,
      "dup_frac": 0.09846153846153846
    },
    "0.2": {
      "DR": 0.8669230769230769,
      "miss_frac": 0.21769230769230768,
      "dup_frac": 0.08076923076923077
    },
    "0.25": {
      "DR": 0.8326923076923077,
      "miss_frac": 0.235,
      "dup_frac": 0.06538461538461539
    },
    "0.3": {
      "DR": 0.7957692307692308,
      "miss_frac": 0.25461538461538463,
      "dup_frac": 0.048846153846153845
    },
    "0.4": {
      "DR": 0.7376923076923076,
      "miss_frac": 0.2923076923076923,
      "dup_frac": 0.03
    },
    "0.5": {
      "DR": 0.6903846153846154,
      "miss_frac": 0.3280769230769231,
      "dup_frac": 0.018461538461538463
    },
    "0.6": {
      "DR": 0.6380769230769231,
      "miss_frac": 0.37346153846153846,
      "dup_frac": 0.011538461538461539
    },
    "0.7": {
      "DR": 0.5526923076923077,
      "miss_frac": 0.45153846153846156,
      "dup_frac": 0.004230769230769231
    },
    "0.8": {
      "DR": 0.44076923076923075,
      "miss_frac": 0.56,
      "dup_frac": 0.0007692307692307692
    },
    "0.9": {
      "DR": 0.25576923076923075,
      "miss_frac": 0.7442307692307693,
      "dup_frac": 0.0
    }
  },
  "DR": 0.8326923076923077,
  "miss_frac": 0.235,
  "dup_frac": 0.06538461538461539
}